<?xml version="1.0" encoding="UTF-8"?>
<COLLADA xmlns="http://www.collada.org/2005/11/COLLADASchema" version="1.4.1">
 <asset>
  <contributor>
   <authoring_tool>SceneKit Collada Exporter v1.0</authoring_tool>
  </contributor>
  <created>2026-01-28T02:22:09Z</created>
  <modified>2026-01-28T02:22:09Z</modified>
  <unit meter="0.025400"/>
  <up_axis>Y_UP</up_axis>
 </asset>
 <library_images>
  <image id="pm0152_00_Mouth1.png" name="pm0152_00_Mouth1_png">
   <init_from>images/pm0152_00_Mouth1.png</init_from>
  </image>
  <image id="pm0152_00_Body1.png" name="pm0152_00_Body1_png">
   <init_from>images/pm0152_00_Body1.png</init_from>
  </image>
  <image id="pm0152_00_Eye1.png" name="pm0152_00_Eye1_png">
   <init_from>images/pm0152_00_Eye1.png</init_from>
  </image>
  <image id="pm0152_00_Iris1.png" name="pm0152_00_Iris1_png">
   <init_from>images/pm0152_00_Iris1.png</init_from>
  </image>
 </library_images>
 <library_materials>
  <material id="Material__35" name="Material__35">
   <instance_effect url="#effect_Material__35"/>
  </material>
  <material id="Material__36" name="Material__36">
   <instance_effect url="#effect_Material__36"/>
  </material>
  <material id="Material__37" name="Material__37">
   <instance_effect url="#effect_Material__37"/>
  </material>
  <material id="Material__38" name="Material__38">
   <instance_effect url="#effect_Material__38"/>
  </material>
 </library_materials>
 <library_effects>
  <effect id="effect_Material__35">
   <profile_COMMON>
    <newparam sid="ID1_pm0152_00_Mouth1.png_surface">
     <surface type="2D">
      <init_from>pm0152_00_Mouth1.png</init_from>
     </surface>
    </newparam>
    <newparam sid="ID1_pm0152_00_Mouth1.png">
     <sampler2D>
      <source>ID1_pm0152_00_Mouth1.png_surface</source>
      <wrap_s>WRAP</wrap_s>
      <wrap_t>WRAP</wrap_t>
      <minfilter>LINEAR</minfilter>
      <magfilter>LINEAR</magfilter>
      <mipfilter>NONE</mipfilter>
     </sampler2D>
    </newparam>
    <technique sid="common">
     <blinn>
      <ambient>
       <color>0.588 0.588 0.588 1</color>
      </ambient>
      <diffuse>
       <texture texture="ID1_pm0152_00_Mouth1.png" texcoord="CHANNEL2"/>
      </diffuse>
      <specular>
       <color>0 0 0 1</color>
      </specular>
      <shininess>
       <float>0.415939</float>
      </shininess>
      <transparent opaque="A_ONE">
       <color>1 1 1 1</color>
      </transparent>
      <transparency>
       <float>1</float>
      </transparency>
      <index_of_refraction>
       <float>1</float>
      </index_of_refraction>
     </blinn>
    </technique>
   </profile_COMMON>
   <extra>
    <technique profile="SceneKit">
     <litPerPixel>1</litPerPixel>
     <ambient_diffuse_lock>0</ambient_diffuse_lock>
    </technique>
   </extra>
  </effect>
  <effect id="effect_Material__36">
   <profile_COMMON>
    <newparam sid="ID2_pm0152_00_Body1.png_surface">
     <surface type="2D">
      <init_from>pm0152_00_Body1.png</init_from>
     </surface>
    </newparam>
    <newparam sid="ID2_pm0152_00_Body1.png">
     <sampler2D>
      <source>ID2_pm0152_00_Body1.png_surface</source>
      <wrap_s>WRAP</wrap_s>
      <wrap_t>WRAP</wrap_t>
      <minfilter>LINEAR</minfilter>
      <magfilter>LINEAR</magfilter>
      <mipfilter>NONE</mipfilter>
     </sampler2D>
    </newparam>
    <technique sid="common">
     <blinn>
      <ambient>
       <color>0.588 0.588 0.588 1</color>
      </ambient>
      <diffuse>
       <texture texture="ID2_pm0152_00_Body1.png" texcoord="CHANNEL2"/>
      </diffuse>
      <specular>
       <color>0 0 0 1</color>
      </specular>
      <shininess>
       <float>0.415939</float>
      </shininess>
      <transparent opaque="A_ONE">
       <color>1 1 1 1</color>
      </transparent>
      <transparency>
       <float>1</float>
      </transparency>
      <index_of_refraction>
       <float>1</float>
      </index_of_refraction>
     </blinn>
    </technique>
   </profile_COMMON>
   <extra>
    <technique profile="SceneKit">
     <litPerPixel>1</litPerPixel>
     <ambient_diffuse_lock>0</ambient_diffuse_lock>
    </technique>
   </extra>
  </effect>
  <effect id="effect_Material__37">
   <profile_COMMON>
    <newparam sid="ID3_pm0152_00_Eye1.png_surface">
     <surface type="2D">
      <init_from>pm0152_00_Eye1.png</init_from>
     </surface>
    </newparam>
    <newparam sid="ID3_pm0152_00_Eye1.png">
     <sampler2D>
      <source>ID3_pm0152_00_Eye1.png_surface</source>
      <wrap_s>WRAP</wrap_s>
      <wrap_t>WRAP</wrap_t>
      <minfilter>LINEAR</minfilter>
      <magfilter>LINEAR</magfilter>
      <mipfilter>NONE</mipfilter>
     </sampler2D>
    </newparam>
    <technique sid="common">
     <blinn>
      <ambient>
       <color>0.588 0.588 0.588 1</color>
      </ambient>
      <diffuse>
       <texture texture="ID3_pm0152_00_Eye1.png" texcoord="CHANNEL2"/>
      </diffuse>
      <specular>
       <color>0 0 0 1</color>
      </specular>
      <shininess>
       <float>0.415939</float>
      </shininess>
      <transparent opaque="A_ONE">
       <color>1 1 1 1</color>
      </transparent>
      <transparency>
       <float>1</float>
      </transparency>
      <index_of_refraction>
       <float>1</float>
      </index_of_refraction>
     </blinn>
    </technique>
   </profile_COMMON>
   <extra>
    <technique profile="SceneKit">
     <litPerPixel>1</litPerPixel>
     <ambient_diffuse_lock>0</ambient_diffuse_lock>
    </technique>
   </extra>
  </effect>
  <effect id="effect_Material__38">
   <profile_COMMON>
    <newparam sid="ID4_pm0152_00_Iris1.png_surface">
     <surface type="2D">
      <init_from>pm0152_00_Iris1.png</init_from>
     </surface>
    </newparam>
    <newparam sid="ID4_pm0152_00_Iris1.png">
     <sampler2D>
      <source>ID4_pm0152_00_Iris1.png_surface</source>
      <wrap_s>WRAP</wrap_s>
      <wrap_t>WRAP</wrap_t>
      <minfilter>LINEAR</minfilter>
      <magfilter>LINEAR</magfilter>
      <mipfilter>NONE</mipfilter>
     </sampler2D>
    </newparam>
    <newparam sid="ID5_pm0152_00_Iris1.png_surface">
     <surface type="2D">
      <init_from>pm0152_00_Iris1.png</init_from>
     </surface>
    </newparam>
    <newparam sid="ID5_pm0152_00_Iris1.png">
     <sampler2D>
      <source>ID5_pm0152_00_Iris1.png_surface</source>
      <wrap_s>WRAP</wrap_s>
      <wrap_t>WRAP</wrap_t>
      <minfilter>LINEAR</minfilter>
      <magfilter>LINEAR</magfilter>
      <mipfilter>NONE</mipfilter>
     </sampler2D>
    </newparam>
    <technique sid="common">
     <blinn>
      <ambient>
       <color>0.588 0.588 0.588 1</color>
      </ambient>
      <diffuse>
       <texture texture="ID4_pm0152_00_Iris1.png" texcoord="CHANNEL2"/>
      </diffuse>
      <specular>
       <color>0 0 0 1</color>
      </specular>
      <shininess>
       <float>0.415939</float>
      </shininess>
      <transparent opaque="A_ONE">
       <texture texture="ID5_pm0152_00_Iris1.png" texcoord="CHANNEL5"/>
      </transparent>
      <transparency>
       <float>1</float>
      </transparency>
      <index_of_refraction>
       <float>1</float>
      </index_of_refraction>
     </blinn>
    </technique>
   </profile_COMMON>
   <extra>
    <technique profile="SceneKit">
     <litPerPixel>1</litPerPixel>
     <ambient_diffuse_lock>0</ambient_diffuse_lock>
    </technique>
   </extra>
  </effect>
 </library_effects>
 <library_geometries>
  <geometry id="geometry6">
   <mesh>
    <source id="Chikorita-mesh-positions">
     <float_array id="ID7-array" count="8343">-4.15753 19.8255 17.0847 -5.54339 20.2483 16.4128 -4.4537 17.7892 16.5133 -4.93987 22.6581 17.3057 -3.09523 17.5788 16.9169 -3.64608 22.3144 17.8443 -2.89138 19.5473 17.438 -2.59275 21.95 18.1437 -5.96346 18.2071 15.7691 -3.71228 23.5718 18.281 -4.78998 24.174 17.9289 -1.9332 17.4819 17.1793 -3.2255 23.0293 18.4375 -1.83837 19.422 17.6717 -2.38375 22.7592 18.6736 -1.71277 21.8218 18.4128 -3.64404 24.2287 18.5975 -1.63616 22.7958 18.9781 -0.855789 21.7297 18.5779 -0.93229 17.4717 17.3039 -2.9112 23.8421 18.9662 -2.67582 23.5865 18.9743 -0.765113 23.1228 19.3341 -0.896656 19.3471 17.8296 0 21.7171 18.6482 0 19.3393 17.8807 -2.23654 23.4157 19.1853 -3.09688 24.1257 19.0137 -2.38468 23.7791 19.3716 -2.60665 24.2091 19.3821 0 23.2269 19.4737 -1.58518 23.4822 19.5086 -0.775015 23.802 19.8443 0 17.4693 17.3806 0.855789 21.7297 18.5779 0.896656 19.3471 17.8296 -2.84098 24.5526 19.2792 -3.07829 24.9078 19.1838 0 23.9285 19.9607 0.765113 23.1228 19.3341 0.775015 23.802 19.8443 -1.6782 23.9492 19.7949 -1.77707 24.3438 19.8673 0.93229 17.4717 17.3039 1.83837 19.422 17.6717 -1.97216 25.1332 19.7348 0.829274 24.0939 20.1481 -0.829274 24.0939 20.1481 0 24.1808 20.2973 1.63616 22.7958 18.9781 1.58518 23.4822 19.5086 -1.89388 24.7348 19.7515 1.9332 17.4819 17.1793 0.8827 24.4574 20.2442 1.6782 23.9492 19.7949 1.77707 24.3438 19.8673 -0.8827 24.4574 20.2442 1.71277 21.8218 18.4128 -0.846211 25.2374 20.039 -0.839213 24.839 20.0989 2.89138 19.5473 17.438 3.09523 17.5788 16.9169 0.839213 24.839 20.0989 0 24.517 20.385 2.38468 23.7791 19.3716 2.23654 23.4157 19.1853 2.59275 21.95 18.1437 2.38375 22.7592 18.6736 0 24.8657 20.2664 0 25.2952 20.1708 4.15753 19.8255 17.0847 4.4537 17.7892 16.5133 2.60665 24.2091 19.3821 2.67582 23.5865 18.9743 2.9112 23.8421 18.9662 0.846211 25.2374 20.039 5.54339 20.2483 16.4128 5.96346 18.2071 15.7691 3.2255 23.0293 18.4375 3.64608 22.3144 17.8443 1.89388 24.7348 19.7515 4.93987 22.6581 17.3057 3.71228 23.5718 18.281 3.09688 24.1257 19.0137 3.64404 24.2287 18.5975 1.97216 25.1332 19.7348 2.84098 24.5526 19.2792 4.78998 24.174 17.9289 3.07829 24.9078 19.1838 -2.41036 3.15381 10.3923 -1.82993 3.04067 10.5601 -2.67429 3.94266 12.2026 -0.996607 2.97007 10.6426 -2.00427 3.97798 12.5587 -1.02512 3.91238 12.7516 0 2.92354 10.7051 0 3.84933 12.7726 0 5.4719 14.2432 -2.22951 5.54012 13.9822 -1.07984 5.48543 14.1626 -3.54145 5.74236 13.6436 -2.27416 7.01624 14.8411 -1.08141 7.0036 14.9996 0 6.98284 15.0341 0 8.82629 15.6105 -2.23781 8.86087 15.4212 -1.10044 8.83957 15.5566 -3.5873 7.10116 14.615 -5.31272 7.29442 14.3007 -3.52893 8.97231 15.1653 -2.1778 11.1632 15.9198 -1.04716 11.1102 16.0141 0 11.0936 16.0496 0 13.0448 16.4861 -1.02092 13.107 16.4495 0 15.2355 16.9373 -5.06531 9.31939 14.8488 -6.84441 8.37351 13.9997 -3.43434 11.2701 15.6731 -0.999149 15.281 16.8417 -2.10284 13.2269 16.3098 -3.29135 13.3361 16.058 -2.04903 15.3503 16.721 -4.80373 11.5181 15.3486 -6.70518 10.033 14.3018 -8.34538 9.09523 13.048 -0.93229 17.4717 17.3039 -1.9332 17.4819 17.1793 -3.1727 15.4669 16.4812 -3.09523 17.5788 16.9169 -4.59722 13.5122 15.6712 -4.49644 15.6612 16.0062 -4.4537 17.7892 16.5133 -6.50814 12.0123 14.6404 -6.29308 13.9382 14.9087 -6.1181 16.0572 15.2623 -5.96346 18.2071 15.7691 -8.30394 10.7521 13.1321 -8.09891 12.6357 13.3331 -7.90536 14.5218 13.6133 -7.6731 16.5847 13.9615 -9.54871 9.40821 11.537 -9.56584 11.1153 11.4445 -10.59 9.31478 9.41313 -9.4473 13.1923 11.436 -10.595 11.3664 9.00721 -11.3641 8.67282 6.87394 -9.11416 15.1407 11.672 0 17.4693 17.3806 -11.3539 11.4417 6.4434 -10.3879 13.6431 8.90572 -9.86264 15.7363 9.2959 -8.86659 17.1876 12.0205 -7.42821 18.7419 14.3702 -11.1692 14.0606 6.26025 -10.6893 16.4244 6.52616 -9.53781 17.7795 9.68228 -8.60425 19.343 12.4137 -11.6806 9.96286 3.18675 -11.5564 7.40433 4.5694 -11.603 12.0968 3.4639 -11.2837 14.7383 3.40685 -7.13115 20.8671 14.9343 -5.54339 20.2483 16.4128 -8.39063 21.4711 12.9223 -9.31252 19.9697 10.0837 -10.3081 18.5236 6.99409 -10.8409 17.1072 3.4935 -11.2884 8.18853 2.27039 -10.6036 5.93746 2.86507 -11.5746 10.5646 0.148003 -11.5023 12.7914 0.217532 -10.9068 15.5076 0.159518 -6.91338 22.9997 15.5315 -4.93987 22.6581 17.3057 -8.31254 23.5191 13.5411 -6.94857 24.3771 15.9398 -4.78998 24.174 17.9289 -8.3314 24.9589 13.8731 -9.20818 24.035 11.0827 -9.17606 22.1195 10.5818 -9.87616 20.7379 7.50232 -9.67706 22.8529 8.05372 -10.3296 19.4875 4.06841 -10.0146 21.6636 4.7722 -9.5622 20.5591 1.15282 -9.97795 18.03 -0.217259 -10.4414 6.44235 1.28798 -9.03755 4.51529 2.41126 -11.2273 8.57378 -0.138694 -11.5974 10.7031 -2.22012 -11.3798 12.9454 -2.36224 -10.7905 15.3382 -2.61626 -9.2177 25.6204 11.4719 -8.3386 26.4929 14.1458 -9.67031 24.6839 8.5598 -9.27824 22.6662 2.11956 -9.78638 23.7044 5.42474 -9.69632 25.4427 6.05504 -9.63027 26.3227 8.99275 -9.20407 27.2293 11.786 -8.29705 28.4271 14.3505 -8.96947 4.807 0.974343 -10.34 6.53781 -0.429908 -11.2481 8.46478 -2.22465 -11.5852 10.4964 -4.56505 -11.2795 12.8238 -4.82523 -8.06066 20.2538 -2.41392 -9.73397 17.6271 -3.15627 -10.6461 15.0518 -5.11462 -7.94775 21.9009 -0.99776 -9.07647 24.5792 2.93906 -7.8426 23.636 0.113872 -8.98609 26.2071 3.7329 -9.53093 27.0715 6.56634 -9.55295 27.9511 9.34609 -9.12087 28.9952 12.1215 -7.99481 30.7722 14.5349 -8.91878 4.95832 -0.590521 -10.3315 6.43313 -2.25021 -11.2668 8.16923 -4.27794 -11.11 12.5279 -7.24293 -10.4295 14.6606 -7.45422 -8.00809 19.4449 -4.17883 -5.83812 21.3722 -3.50589 -9.54535 17.0493 -5.49435 -9.34978 16.5559 -7.62244 -7.76915 18.8056 -6.06341 -5.76239 20.5849 -4.92127 -7.7724 25.3314 1.01981 -7.72736 26.8629 1.80668 -8.84657 27.7799 4.33337 -7.61227 28.377 2.46266 -9.36864 28.6952 7.01277 -8.65382 29.3579 4.87287 -9.4121 29.6032 9.65864 -9.12189 30.363 7.44232 -10.343 6.16967 -4.0844 -11.2625 7.74087 -6.27883 -11.5284 10.1013 -6.93969 -5.94134 24.3062 -1.25546 -5.86935 22.7572 -2.28766 -5.99307 25.8635 -0.365202 -6.00696 27.3329 0.408129 -5.92329 28.7963 1.08246 -7.41811 29.8664 3.03339 -8.37662 30.9461 5.39579 -8.8103 31.1824 12.3873 -7.53973 32.7046 14.6468 -9.0674 31.6509 10.0482 -8.28629 33.0648 12.5294 -6.68374 34.5664 14.5759 -7.29663 34.9895 12.6515 -8.46401 33.4576 10.3344 -7.43839 35.2829 10.6255 -7.28896 35.4672 8.70386 -8.71975 32.1423 7.854 -8.18793 33.8115 8.2493 -7.96562 32.5535 5.91628 -6.71309 35.4411 7.00608 -7.42374 34.0388 6.43897 -5.99966 35.537 5.71631 -6.44755 34.2329 4.95052 -4.8565 35.7708 4.86076 -6.81444 32.8536 4.25129 -5.09614 34.4389 3.85528 -3.38764 35.9921 4.1442 -7.15164 31.33 3.58477 -5.31568 33.061 3.03093 -3.50093 34.5639 3.11419 -1.73309 36.1183 3.81352 -5.77013 30.2333 1.70175 -5.55721 31.5974 2.28846 -1.76979 34.6111 2.68224 1e-06 36.1725 3.66925 -3.60273 33.1686 2.25411 -3.75608 31.7929 1.53226 -3.90037 30.4357 0.895023 -3.99558 29.0271 0.250268 1e-06 34.6248 2.52094 -1.82464 33.23 1.84142 -1.88836 31.8865 1.13162 1e-06 33.2371 1.71223 -1.95834 30.5234 0.473272 0 31.899 1.00249 -2.00933 29.1258 -0.17483 0 30.5367 0.342053 -4.03396 27.5893 -0.430134 1.76979 34.6111 2.68224 1.73309 36.1183 3.81352 1.82464 33.23 1.84142 1.88836 31.8865 1.13162 3.60273 33.1686 2.25411 3.50093 34.5639 3.11419 3.38764 35.9921 4.1442 1.95834 30.5234 0.473272 3.75608 31.7929 1.53226 5.31568 33.061 3.03093 5.09614 34.4389 3.85528 4.8565 35.7708 4.86076 -2.01368 27.6841 -0.828873 -3.97109 26.1288 -1.15283 0 29.1363 -0.291439 2.00933 29.1258 -0.17483 3.90037 30.4357 0.895023 5.55721 31.5974 2.28846 6.44755 34.2329 4.95052 5.99966 35.537 5.71631 6.81444 32.8536 4.25129 7.15164 31.33 3.58477 5.77013 30.2333 1.70175 3.99558 29.0271 0.250268 -3.86926 24.5981 -1.93315 -1.96814 26.2049 -1.50683 0 27.6963 -0.928719 2.01368 27.6841 -0.828873 4.03396 27.5893 -0.430134 7.42374 34.0388 6.43897 6.71309 35.4411 7.00608 7.96562 32.5535 5.91628 8.18793 33.8115 8.2493 7.28896 35.4672 8.70386 8.37662 30.9461 5.39579 8.71975 32.1423 7.854 8.46401 33.4576 10.3344 7.43839 35.2829 10.6255 7.29663 34.9895 12.6515 7.41811 29.8664 3.03339 5.92329 28.7963 1.08246 6.00696 27.3329 0.408129 -3.81586 23.1368 -2.87273 -1.90749 24.6795 -2.24331 0 26.2013 -1.57659 1.96814 26.2049 -1.50683 3.97109 26.1288 -1.15283 5.99307 25.8635 -0.365202 9.12189 30.363 7.44232 8.65382 29.3579 4.87287 7.61227 28.377 2.46266 7.72736 26.8629 1.80668 7.7724 25.3314 1.01981 9.0674 31.6509 10.0482 8.28629 33.0648 12.5294 6.68374 34.5664 14.5759 7.53973 32.7046 14.6468 8.8103 31.1824 12.3873 7.99481 30.7722 14.5349 9.4121 29.6032 9.65864 9.12087 28.9952 12.1215 8.29705 28.4271 14.3505 9.36864 28.6952 7.01277 9.55295 27.9511 9.34609 9.20407 27.2293 11.786 8.3386 26.4929 14.1458 8.84657 27.7799 4.33337 9.53093 27.0715 6.56634 8.98609 26.2071 3.7329 9.07647 24.5792 2.93906 7.8426 23.636 0.113872 5.94134 24.3062 -1.25546 9.63027 26.3227 8.99275 9.69632 25.4427 6.05504 9.78638 23.7044 5.42474 9.27824 22.6662 2.11956 7.94775 21.9009 -0.99776 9.2177 25.6204 11.4719 9.67031 24.6839 8.5598 9.67706 22.8529 8.05372 9.20818 24.035 11.0827 8.3314 24.9589 13.8731 10.0146 21.6636 4.7722 9.5622 20.5591 1.15282 3.86926 24.5981 -1.93315 5.86935 22.7572 -2.28766 9.17606 22.1195 10.5818 9.87616 20.7379 7.50232 10.3296 19.4875 4.06841 8.06066 20.2538 -2.41392 5.83812 21.3722 -3.50589 3.81586 23.1368 -2.87273 1.90749 24.6795 -2.24331 8.31254 23.5191 13.5411 6.94857 24.3771 15.9398 8.39063 21.4711 12.9223 9.31252 19.9697 10.0837 10.3081 18.5236 6.99409 10.8409 17.1072 3.4935 9.97795 18.03 -0.217259 3.75971 21.858 -4.00619 1.87275 23.2752 -3.14254 0 24.6644 -2.30465 6.91338 22.9997 15.5315 7.13115 20.8671 14.9343 9.53781 17.7795 9.68228 10.6893 16.4244 6.52616 8.60425 19.343 12.4137 7.42821 18.7419 14.3702 8.86659 17.1876 12.0205 9.86264 15.7363 9.2959 9.73397 17.6271 -3.15627 8.00809 19.4449 -4.17883 5.76239 20.5849 -4.92127 1.83025 22.0408 -4.22724 3.6986 21.1057 -5.27986 0 23.2891 -3.21736 -1.87275 23.2752 -3.14254 4.93987 22.6581 17.3057 5.54339 20.2483 16.4128 5.96346 18.2071 15.7691 7.6731 16.5847 13.9615 9.11416 15.1407 11.672 4.78998 24.174 17.9289 9.54535 17.0493 -5.49435 7.76915 18.8056 -6.06341 5.56783 19.8929 -6.51923 1.79042 21.3035 -5.43784 3.60341 20.4301 -6.76964 0 22.0858 -4.26232 -1.83025 22.0408 -4.22724 -3.75971 21.858 -4.00619 -3.6986 21.1057 -5.27986 -1.79042 21.3035 -5.43784 0 21.3515 -5.45846 1.73834 20.6378 -6.87219 6.1181 16.0572 15.2623 4.4537 17.7892 16.5133 7.90536 14.5218 13.6133 10.6461 15.0518 -5.11462 9.34978 16.5559 -7.62244 7.47204 18.2691 -7.90895 5.34117 19.2941 -8.16085 3.46445 19.8178 -8.25758 -5.56783 19.8929 -6.51923 -3.60341 20.4301 -6.76964 -1.73834 20.6378 -6.87219 0 20.6763 -6.9185 1.67905 20.0703 -8.298 4.49644 15.6612 16.0062 3.09523 17.5788 16.9169 6.29308 13.9382 14.9087 10.4295 14.6606 -7.45422 9.02027 16.13 -9.70128 7.12231 17.7598 -9.71667 5.10108 18.7203 -9.74267 6.69112 17.3177 -11.33 3.29407 19.2864 -9.69465 4.76714 18.2995 -11.1531 -7.47204 18.2691 -7.90895 -5.34117 19.2941 -8.16085 -3.46445 19.8178 -8.25758 -1.67905 20.0748 -8.298 0 20.1491 -8.33026 1.59831 19.5695 -9.64351 3.06995 18.8429 -10.9938 3.1727 15.4669 16.4812 1.9332 17.4819 17.1793 4.59722 13.5122 15.6712 10.1722 14.3055 -9.77601 8.54532 15.7107 -11.6854 5.98926 16.8044 -12.933 -9.02027 16.13 -9.70128 -7.12231 17.7598 -9.71667 -5.10108 18.7203 -9.74267 -6.69112 17.3177 -11.33 -3.29407 19.2864 -9.69465 -4.76714 18.2995 -11.1531 -1.59831 19.5695 -9.64351 -3.06995 18.8429 -10.9938 0 19.6938 -9.64328 -1.49995 19.1605 -10.8868 1.49995 19.1605 -10.8868 0 19.3046 -10.8816 1.38277 18.7125 -12.1724 2.81402 18.351 -12.3272 4.36287 17.7971 -12.5978 -1.38277 18.7125 -12.1724 0 18.8621 -12.1494 0 18.4314 -13.3224 1.23277 18.2464 -13.3981 2.50902 17.7872 -13.6886 3.83748 17.1741 -14.1228 -2.81402 18.351 -12.3272 -1.23277 18.2464 -13.3981 0 18.0908 -14.2792 1.12664 17.8705 -14.479 2.13423 17.3354 -14.8639 -5.98926 16.8044 -12.933 -4.36287 17.7971 -12.5978 -2.50902 17.7872 -13.6886 -3.83748 17.1741 -14.1228 -1.12664 17.8705 -14.479 -2.13423 17.3354 -14.8639 0 17.8231 -14.9519 -1.03776 17.5804 -15.1399 -1.94827 17.0745 -15.4616 -3.13635 16.5496 -15.3945 -2.60357 16.3524 -16.0306 -2.95646 15.3202 -16.6843 -5.1113 16.1534 -14.5653 -3.84536 15.0795 -16.3078 1.03776 17.5804 -15.1399 1.94827 17.0745 -15.4616 3.13635 16.5496 -15.3945 2.60357 16.3524 -16.0306 2.95646 15.3202 -16.6843 -8.54532 15.7107 -11.6854 -7.62694 15.1605 -13.4672 -6.25894 14.4162 -15.1961 5.1113 16.1534 -14.5653 3.84536 15.0795 -16.3078 -10.1722 14.3055 -9.77601 -9.55439 13.9249 -11.9601 -10.8969 12.2782 -9.81343 -8.46692 13.5764 -13.9225 -10.1246 12.1158 -12.2707 -3.08589 13.4261 -17.556 -2.60514 13.8774 -17.5324 -1.8894 13.0136 -18.0532 -4.83675 13.4196 -16.6604 -6.96378 12.9542 -15.6789 -9.00794 11.9416 -14.324 -10.4674 10.3512 -12.5316 -11.2641 9.64481 -9.71792 -11.1761 7.11815 -8.15115 -9.30031 10.319 -14.5826 -7.51852 11.2438 -16.061 -7.88365 9.73498 -16.2794 -5.42606 11.8299 -16.9803 -5.88062 10.2022 -17.2698 -6.31242 8.53025 -17.4271 -3.62933 12.2449 -17.7183 -4.00359 10.7548 -17.936 -4.28439 9.01446 -18.071 -4.33954 6.64201 -17.7719 -2.1379 12.4793 -18.1582 -2.45005 11.3759 -18.2565 -2.64704 9.98093 -18.3904 -2.77071 8.26937 -18.3456 -0.918992 12.5608 -18.3336 -1.0928 11.9779 -18.4118 0 12.4185 -18.4592 -1.2515 10.8741 -18.5412 0 11.7098 -18.5851 -1.32498 9.47904 -18.6023 0 10.605 -18.6978 -2.815 6.27365 -17.9698 -3.40898 4.62658 -16.883 -1.37013 7.86252 -18.4925 0 9.26764 -18.725 1.0928 11.9779 -18.4118 0.918992 12.5608 -18.3336 1.2515 10.8741 -18.5412 1.32498 9.47904 -18.6023 -2.45835 4.47087 -17.0347 -2.81377 3.3226 -15.4731 -1.42019 6.03573 -18.0454 0 7.74033 -18.5404 1.37013 7.86252 -18.4925 2.1379 12.4793 -18.1582 1.8894 13.0136 -18.0532 2.45005 11.3759 -18.2565 2.64704 9.98093 -18.3904 2.77071 8.26937 -18.3456 -2.00926 3.21498 -15.6382 -1.37731 4.41718 -17.1312 0 6.01046 -18.0513 1.42019 6.03573 -18.0454 2.815 6.27365 -17.9698 3.08589 13.4261 -17.556 2.60514 13.8774 -17.5324 3.62933 12.2449 -17.7183 4.83675 13.4196 -16.6604 4.00359 10.7548 -17.936 5.42606 11.8299 -16.9803 4.28439 9.01446 -18.071 5.88062 10.2022 -17.2698 4.33954 6.64201 -17.7719 3.40898 4.62658 -16.883 2.45835 4.47087 -17.0347 2.81377 3.3226 -15.4731 1.37731 4.41718 -17.1312 2.00926 3.21498 -15.6382 0 4.40741 -17.1659 1.14675 3.16285 -15.7474 -1.14675 3.16285 -15.7474 0 3.14129 -15.7993 -1.04516 2.34287 -14.1194 1.04516 2.34287 -14.1194 0 2.28781 -14.1168 1.92589 2.41174 -13.9781 1.07408 1.92899 -12.4243 0 1.87912 -12.416 -1.07408 1.92899 -12.4243 -1.92589 2.41174 -13.9781 -2.02954 2.05372 -12.3405 -2.67315 2.51434 -13.7371 -2.79846 2.24025 -12.188 2.02954 2.05372 -12.3405 2.67315 2.51434 -13.7371 2.79846 2.24025 -12.188 6.31242 8.53025 -17.4271 7.88365 9.73498 -16.2794 7.51852 11.2438 -16.061 9.30031 10.319 -14.5826 6.96378 12.9542 -15.6789 9.00794 11.9416 -14.324 10.4674 10.3512 -12.5316 6.25894 14.4162 -15.1961 8.46692 13.5764 -13.9225 7.62694 15.1605 -13.4672 9.55439 13.9249 -11.9601 10.1246 12.1158 -12.2707 10.8969 12.2782 -9.81343 11.2641 9.64481 -9.71792 11.11 12.5279 -7.24293 11.5284 10.1013 -6.93969 11.1761 7.11815 -8.15115 11.2795 12.8238 -4.82523 11.5852 10.4964 -4.56505 11.2625 7.74087 -6.27883 10.7905 15.3382 -2.61626 11.3798 12.9454 -2.36224 10.9068 15.5076 0.159518 11.5974 10.7031 -2.22012 11.5023 12.7914 0.217532 11.2837 14.7383 3.40685 11.2668 8.16923 -4.27794 11.2481 8.46478 -2.22465 11.5746 10.5646 0.148003 11.2273 8.57378 -0.138694 11.603 12.0968 3.4639 11.1692 14.0606 6.26025 10.338 5.79237 -5.84821 10.2529 5.2369 -7.3922 10.343 6.16967 -4.0844 10.3315 6.43313 -2.25021 10.34 6.53781 -0.429908 11.2884 8.18853 2.27039 10.4414 6.44235 1.28798 11.6806 9.96286 3.18675 11.3539 11.4417 6.4434 10.3879 13.6431 8.90572 8.80246 4.44746 -5.75273 8.74095 4.00855 -7.34298 8.86516 4.70973 -4.03755 8.90033 4.88687 -2.2902 8.91878 4.95832 -0.590521 8.96947 4.807 0.974343 7.1759 3.84552 -0.584407 7.18364 3.83374 -2.31085 7.18963 3.66621 -4.06871 5.37905 3.28775 -2.29655 7.1725 3.40454 -5.8287 5.31314 3.20256 -4.05023 7.17171 3.07026 -7.51051 5.29379 2.88313 -5.824 5.10169 2.55673 -7.81027 10.6036 5.93746 2.86507 9.03755 4.51529 2.41126 11.5564 7.40433 4.5694 11.3641 8.67282 6.87394 10.595 11.3664 9.00721 10.59 9.31478 9.41313 9.4473 13.1923 11.436 9.56584 11.1153 11.4445 9.54871 9.40821 11.537 8.09891 12.6357 13.3331 8.30394 10.7521 13.1321 6.50814 12.0123 14.6404 8.34538 9.09523 13.048 6.70518 10.033 14.3018 6.84441 8.37351 13.9997 4.80373 11.5181 15.3486 5.06531 9.31939 14.8488 5.31272 7.29442 14.3007 3.29135 13.3361 16.058 3.43434 11.2701 15.6731 3.52893 8.97231 15.1653 2.1778 11.1632 15.9198 2.04903 15.3503 16.721 2.10284 13.2269 16.3098 0.999149 15.281 16.8417 1.02092 13.107 16.4495 0.93229 17.4717 17.3039 0 15.2355 16.9373 0 13.0448 16.4861 1.04716 11.1102 16.0141 0 11.0936 16.0496 0 8.82629 15.6105 1.10044 8.83957 15.5566 2.23781 8.86087 15.4212 1.08141 7.0036 14.9996 2.27416 7.01624 14.8411 3.5873 7.10116 14.615 3.54145 5.74236 13.6436 0 6.98284 15.0341 0 5.4719 14.2432 1.07984 5.48543 14.1626 2.22951 5.54012 13.9822 1.02512 3.91238 12.7516 0 3.84933 12.7726 0 2.92354 10.7051 0.996607 2.97007 10.6426 2.00427 3.97798 12.5587 1.82993 3.04067 10.5601 2.67429 3.94266 12.2026 2.41036 3.15381 10.3923 0 17.4693 17.3806 -7.10728 3.71423 1.05609 -7.05199 3.46687 2.58219 -5.03691 3.21305 1.2781 -4.55974 2.89745 3.60782 -7.1759 3.84552 -0.584407 -5.26824 3.35054 -0.546389 -3.20293 3.12915 1.4312 -3.38015 3.23771 -0.511686 -5.37905 3.28775 -2.29655 -3.47812 3.19919 -2.3058 -8.90033 4.88687 -2.2902 -7.18364 3.83374 -2.31085 -8.86516 4.70973 -4.03755 -7.18963 3.66621 -4.06871 -5.31314 3.20256 -4.05023 -1.66362 2.9566 -0.476896 -1.70649 2.93031 -2.32336 -3.51195 3.09351 -4.07693 -10.338 5.79237 -5.84821 -10.2529 5.2369 -7.3922 -8.80246 4.44746 -5.75273 -8.74095 4.00855 -7.34298 -7.1725 3.40454 -5.8287 -7.17171 3.07026 -7.51051 -5.29379 2.88313 -5.824 -5.10169 2.55673 -7.81027 -3.44934 2.79311 -5.86939 -1.72087 2.79571 -4.10469 0 2.82768 -2.31667 0 2.8502 -0.460597 -1.57039 2.85494 1.54784 0 2.77949 1.56304 0 2.68285 -4.12894 -1.68327 2.52929 -5.91254 0 2.39908 -5.9303 -3.13416 2.42099 -7.66238 -1.54624 2.19838 -7.57958 0 2.05549 -7.56738 -3.92266 2.19974 -9.4834 -2.76723 2.09724 -9.29539 -3.31538 2.17076 -10.8049 -1.38308 1.91166 -9.18684 -2.32957 1.97577 -10.801 -2.79846 2.24025 -12.188 -2.02954 2.05372 -12.3405 -1.20277 1.81096 -10.7908 -1.07408 1.92899 -12.4243 0 1.80188 -9.14532 0 1.74053 -10.7605 0 1.87912 -12.416 -2.87084 2.75902 3.76169 -3.22824 2.73506 6.12643 -1.41694 2.61601 3.74896 -2.30208 2.52669 6.07884 -2.7046 2.78082 8.31051 0 2.57066 3.68025 -1.20332 2.36032 6.05712 0 2.27326 6.03053 -1.98066 2.61317 8.33093 -1.05646 2.51182 8.35202 0 2.44349 8.35468 -2.41036 3.15381 10.3923 -1.82993 3.04067 10.5601 -0.996607 2.97007 10.6426 0 2.92354 10.7051 7.10728 3.71423 1.05609 7.05199 3.46687 2.58219 5.26824 3.35054 -0.546389 5.03691 3.21305 1.2781 4.55974 2.89745 3.60782 3.47812 3.19919 -2.3058 3.38015 3.23771 -0.511686 3.20293 3.12915 1.4312 3.51195 3.09351 -4.07693 1.70649 2.93031 -2.32336 1.66362 2.9566 -0.476896 3.44934 2.79311 -5.86939 1.72087 2.79571 -4.10469 0 2.82768 -2.31667 0 2.8502 -0.460597 1.57039 2.85494 1.54784 0 2.77949 1.56304 2.87084 2.75902 3.76169 1.41694 2.61601 3.74896 0 2.57066 3.68025 3.22824 2.73506 6.12643 2.30208 2.5267 6.07884 2.7046 2.78082 8.31051 1.20332 2.36032 6.05712 1.98066 2.61317 8.33093 2.41036 3.15381 10.3923 1.82993 3.04067 10.5601 1.05646 2.51182 8.35202 0.996607 2.97007 10.6426 0 2.27326 6.03053 0 2.44349 8.35468 0 2.92354 10.7051 0 2.68285 -4.12894 1.68327 2.52929 -5.91254 0 2.39908 -5.9303 3.13416 2.42099 -7.66238 1.54624 2.19838 -7.57958 0 2.05549 -7.56738 3.92266 2.19974 -9.4834 2.76723 2.09724 -9.29539 3.31538 2.17076 -10.8049 1.38308 1.91166 -9.18684 2.32957 1.97577 -10.801 2.79846 2.24025 -12.188 2.02954 2.05372 -12.3405 1.20277 1.81096 -10.7908 1.07408 1.92899 -12.4243 0 1.80188 -9.14532 0 1.74053 -10.7605 0 1.87912 -12.416 1e-06 36.1725 3.66925 -1.73309 36.1183 3.81352 1e-06 37.4258 4.92992 -1.71357 37.3373 5.10571 -3.38764 35.9921 4.1442 1e-06 38.4922 6.87462 -3.30222 37.1403 5.41132 -4.8565 35.7708 4.86076 -1.71868 38.3534 7.00032 1e-06 38.9179 8.8948 -4.65887 36.761 5.96177 -5.99966 35.537 5.71631 -3.38473 38.0436 7.2128 -1.72356 38.7455 8.9774 1e-06 39.0639 11.1712 -5.53908 36.3759 6.55044 -6.71309 35.4411 7.00608 -4.78772 37.4961 7.3776 -6.00212 36.6506 7.55256 -7.28896 35.4672 8.70386 -3.40047 38.4039 9.07015 -4.86352 37.7572 9.09739 -6.21724 36.711 8.99868 -7.43839 35.2829 10.6255 -6.28357 36.6295 10.8341 -7.29663 34.9895 12.6515 -4.84636 37.7701 10.989 -6.19354 36.3752 12.7531 -3.37354 38.5184 11.1115 -4.82103 37.4608 12.9718 -5.79281 35.8362 14.5076 -6.68374 34.5664 14.5759 -1.69718 38.9272 11.1747 -3.32756 38.1778 13.2174 -1.71477 38.5469 13.4121 1e-06 38.6643 13.57 -4.66742 36.6441 14.799 -3.27405 37.3002 15.2061 -5.50718 35.3348 15.6694 -4.69089 35.6475 16.1924 -5.89893 34.2146 16.0504 -5.04887 34.282 17.1501 -3.84336 34.4855 18.0635 -3.53918 36.0869 16.8307 -2.06672 37.5702 15.6591 -2.34596 36.3332 17.3824 -2.4184 34.6268 18.6913 -0.98347 36.4887 17.6364 -0.881753 38.1247 14.6945 -0.943745 37.7319 15.7976 1e-06 37.7759 15.8707 1e-06 36.5342 17.7081 1e-06 34.8017 19.0664 -1.08661 34.7257 18.9952 1e-06 32.6393 19.9215 -1.12974 32.6147 19.7846 1e-06 30.4345 20.1665 -2.48015 32.5292 19.4423 -1.11096 30.3946 20.0393 -2.46184 30.3395 19.6823 -2.35631 28.1906 19.7406 0 28.2577 20.1239 -1.05248 28.2226 20.0442 -2.16503 26.6918 19.6653 -0.915094 26.7587 19.9534 -1.97216 25.1332 19.7348 -0.846211 25.2374 20.039 0 25.2952 20.1708 0 26.7649 20.0505 1e-06 36.1725 3.66925 1e-06 37.4258 4.92992 1.73309 36.1183 3.81352 1.71357 37.3373 5.10571 1e-06 38.4922 6.87462 3.38764 35.9921 4.1442 1.71868 38.3534 7.00032 1e-06 38.9179 8.8948 3.30222 37.1403 5.41132 4.8565 35.7708 4.86076 1.72356 38.7455 8.9774 1e-06 39.0639 11.1712 3.38473 38.0436 7.2128 4.65887 36.761 5.96177 5.99966 35.537 5.71631 3.40047 38.4039 9.07015 4.78772 37.4961 7.3776 5.53908 36.3759 6.55044 6.71309 35.4411 7.00608 6.00212 36.6506 7.55256 7.28896 35.4672 8.70386 4.86352 37.7572 9.09739 6.21724 36.711 8.99868 7.43839 35.2829 10.6255 6.28357 36.6295 10.8341 7.29663 34.9895 12.6515 4.84636 37.7701 10.989 6.19354 36.3752 12.7531 3.37354 38.5184 11.1115 4.82103 37.4608 12.9718 5.79281 35.8362 14.5076 6.68374 34.5664 14.5759 1.69718 38.9272 11.1747 3.32756 38.1778 13.2174 1.71477 38.5469 13.4121 1e-06 38.6643 13.57 4.66742 36.6441 14.799 3.27405 37.3002 15.2061 5.50718 35.3348 15.6694 4.69089 35.6475 16.1924 5.89893 34.2146 16.0504 5.04887 34.282 17.1501 3.84336 34.4855 18.0635 3.53918 36.0869 16.8307 2.06672 37.5702 15.6591 2.34596 36.3332 17.3824 2.4184 34.6268 18.6913 0.983472 36.4887 17.6364 0.881755 38.1247 14.6945 0.943747 37.7319 15.7976 1e-06 37.7759 15.8707 1e-06 36.5342 17.7081 1e-06 34.8017 19.0664 1.08661 34.7257 18.9952 1e-06 32.6393 19.9215 1.12974 32.6147 19.7846 1e-06 30.4345 20.1665 2.48015 32.5292 19.4423 1.11096 30.3946 20.0393 2.46184 30.3395 19.6823 2.35631 28.1906 19.7406 0 28.2577 20.1239 1.05248 28.2226 20.0442 2.16503 26.6918 19.6653 0.915094 26.7587 19.9534 1.97216 25.1332 19.7348 0.846211 25.2374 20.039 0 25.2952 20.1708 0 26.7649 20.0505 -5.78161 0.167066 10.0602 -6.07313 0.188855 9.30394 -5.42375 0.47465 9.76689 -5.80261 0.414535 8.88052 -6.55286 0.224559 8.65076 -4.85253 1.11263 9.34211 -6.4224 0.42881 8.14147 -7.16534 0.244439 8.53416 -5.40488 0.95461 8.22772 -4.22129 1.79132 8.93407 -7.23785 0.448167 8.01692 -7.69155 0.22456 8.65263 -6.26701 0.93824 7.38815 -4.93158 1.59423 7.52827 -3.78006 2.37845 8.60677 -8.02203 0.485632 8.11127 -7.31729 0.958575 7.04278 -6.01906 1.60724 6.41288 -4.52555 2.15158 6.92705 -3.42116 2.7363 8.43137 -8.42275 1.09465 7.20923 -7.38912 1.81349 5.8044 -5.77508 2.19978 5.5568 -4.17133 2.55112 6.54636 -2.7046 2.78082 8.31051 -3.22824 2.73506 6.12643 -5.47346 2.7791 4.98453 -4.55974 2.89745 3.60782 -7.35447 2.55956 4.79386 -7.2306 3.24233 4.00611 -7.05199 3.46687 2.58219 -8.90402 2.17791 5.89533 -9.14487 3.08402 4.6958 -9.16853 4.09017 3.59422 -9.03755 4.51529 2.41126 -10.6036 5.93746 2.86507 -9.17247 1.41323 7.96623 -9.9477 2.65658 6.75143 -10.4269 3.81034 5.59593 -10.7065 4.9945 4.35186 -11.5564 7.40433 4.5694 -11.3514 5.95482 5.82337 -11.3641 8.67282 6.87394 -10.9568 4.57872 6.78795 -11.1219 6.88332 7.67488 -10.59 9.31478 9.41313 -10.2682 3.10544 7.93798 -10.6996 5.24569 8.42257 -10.4178 7.4794 9.83216 -9.54871 9.40821 11.537 -8.53208 0.63548 8.77728 -8.07008 0.188878 9.336 -9.47823 1.7542 8.86072 -8.79703 0.865227 9.56963 -8.18355 0.167114 10.1419 -10.0647 3.50287 9.25722 -9.43441 2.10975 9.8816 -8.79233 1.09942 10.3622 -8.17299 0.146874 10.8879 -10.0656 5.68191 10.2432 -9.52108 3.83124 10.5834 -9.03895 2.40662 10.9042 -8.51258 1.35899 11.2617 -9.45785 7.62141 11.6537 -9.23378 5.83773 11.6482 -8.89861 4.01618 11.6538 -8.50138 2.58278 11.7139 -8.34538 9.09523 13.048 -8.37293 7.33982 12.9295 -6.84441 8.37351 13.9997 -8.24807 5.65613 12.7396 -7.01634 6.60601 13.65 -5.31272 7.29442 14.3007 -8.06207 4.06139 12.533 -7.05512 5.14942 13.3325 -5.46078 5.69197 13.8621 -3.54145 5.74236 13.6436 -8.16987 0.781641 11.4837 -7.99102 0.124614 11.4674 -7.97918 0.553628 11.6251 -8.13589 1.51647 11.7894 -7.93227 1.05899 11.828 -7.78715 0.860181 11.892 -7.8031 2.62779 12.3301 -7.60391 1.63069 12.2089 -7.53059 1.2916 12.2004 -7.45678 1.11305 12.2146 -7.04076 3.97241 13.0169 -6.99704 2.54694 12.6659 -6.94976 1.64332 12.4698 -6.9443 1.37289 12.4002 -6.94644 1.18622 12.3652 -5.69736 4.59246 13.5184 -5.8918 3.64538 13.18 -6.17135 2.37988 12.7513 -6.36156 1.54853 12.4646 -6.42551 1.28663 12.3901 -6.46713 1.09614 12.3333 -3.99352 4.81826 13.3183 -4.46321 3.92117 13.0271 -3.24607 3.812 12.033 -2.67429 3.94266 12.2026 -2.41036 3.15381 10.3923 -4.8775 3.12325 12.7542 -3.68287 3.20666 11.9057 -3.05151 3.04946 10.274 -2.7046 2.78082 8.31051 -3.42116 2.7363 8.43137 -3.37284 2.72525 10.277 -3.78006 2.37845 8.60677 -4.17228 2.61479 11.7936 -3.93625 2.10887 10.4111 -4.22129 1.79132 8.93407 -5.42741 2.10557 12.4701 -4.88275 1.7685 11.6866 -5.87693 1.33999 12.2299 -6.02489 1.09621 12.17 -5.49393 1.04516 11.6447 -4.58421 1.33962 10.5304 -4.85253 1.11263 9.34211 -5.42375 0.47465 9.76689 -5.26957 0.589213 10.7368 -5.78161 0.167066 10.0602 -5.76033 0.146869 10.8727 -5.79293 0.737824 11.6751 -5.9032 0.124614 11.4238 -5.95703 0.542604 11.7092 -6.14453 0.90622 12.1333 5.78161 0.167067 10.0602 5.42375 0.474651 9.76689 6.07313 0.188856 9.30394 5.80261 0.414535 8.88052 4.85253 1.11263 9.34211 6.55286 0.22456 8.65076 5.40488 0.95461 8.22772 4.22129 1.79132 8.93407 6.4224 0.42881 8.14147 7.16534 0.24444 8.53416 4.93158 1.59423 7.52827 3.78006 2.37845 8.60677 6.26701 0.93824 7.38815 7.23785 0.448167 8.01692 7.69155 0.224561 8.65262 4.52555 2.15158 6.92705 3.42116 2.7363 8.43137 6.01906 1.60724 6.41288 7.31729 0.958575 7.04278 8.02203 0.485632 8.11127 4.17133 2.55112 6.54636 2.7046 2.78082 8.31051 3.22824 2.73506 6.12643 5.77508 2.19979 5.5568 5.47346 2.7791 4.98453 4.55974 2.89745 3.60782 7.38912 1.8135 5.8044 7.35447 2.55956 4.79386 7.2306 3.24233 4.00611 7.05199 3.46687 2.58219 8.42275 1.09465 7.20923 8.90402 2.17791 5.89533 9.17247 1.41323 7.96623 8.53208 0.63548 8.77728 8.07008 0.188879 9.336 9.14487 3.08402 4.6958 9.9477 2.65658 6.75143 9.16853 4.09017 3.59422 10.4269 3.81034 5.59593 9.03755 4.51529 2.41126 10.6036 5.93746 2.86507 10.7065 4.9945 4.35186 11.5564 7.40433 4.5694 11.3514 5.95483 5.82337 11.3641 8.67282 6.87394 10.9568 4.57872 6.78795 11.1219 6.88332 7.67488 10.59 9.31478 9.41313 10.2682 3.10544 7.93798 10.6996 5.24569 8.42257 10.4178 7.4794 9.83216 9.54871 9.40821 11.537 9.47823 1.7542 8.86072 10.0647 3.50287 9.25722 10.0656 5.68191 10.2432 9.45785 7.62141 11.6537 8.34538 9.09523 13.048 8.79703 0.865228 9.56963 9.43441 2.10975 9.8816 9.52108 3.83124 10.5834 9.23378 5.83773 11.6482 8.37293 7.33982 12.9295 6.84441 8.37351 13.9997 8.18355 0.167115 10.1419 8.79233 1.09942 10.3622 8.17299 0.146875 10.8879 9.03895 2.40662 10.9042 8.51258 1.35899 11.2617 8.89861 4.01619 11.6538 8.50138 2.58278 11.7139 8.24807 5.65613 12.7396 8.06207 4.06139 12.533 7.01634 6.60601 13.65 7.05512 5.14942 13.3325 5.31272 7.29442 14.3007 5.46078 5.69197 13.8621 3.54145 5.74236 13.6436 8.16987 0.781642 11.4837 7.99102 0.124615 11.4674 7.97918 0.553629 11.6251 8.13589 1.51648 11.7894 7.93227 1.05899 11.828 7.78715 0.860182 11.892 7.8031 2.62779 12.3301 7.60391 1.63069 12.2089 7.53059 1.2916 12.2004 7.45678 1.11305 12.2146 7.04076 3.97241 13.0169 6.99704 2.54694 12.6659 6.94976 1.64332 12.4698 6.9443 1.37289 12.4002 6.94644 1.18622 12.3652 5.69736 4.59246 13.5184 5.8918 3.64538 13.18 6.17135 2.37988 12.7513 6.36156 1.54853 12.4646 6.42551 1.28663 12.3901 6.46713 1.09614 12.3333 3.99352 4.81826 13.3183 4.46321 3.92117 13.0271 3.24607 3.812 12.033 2.67429 3.94266 12.2026 2.41036 3.15381 10.3923 4.8775 3.12326 12.7542 3.68287 3.20666 11.9057 3.05151 3.04946 10.274 2.7046 2.78082 8.31051 3.42116 2.7363 8.43137 3.37284 2.72525 10.277 3.78006 2.37845 8.60677 4.17228 2.61479 11.7936 3.93625 2.10887 10.4111 4.22129 1.79132 8.93407 5.42741 2.10557 12.4701 4.88275 1.7685 11.6866 5.87693 1.33999 12.2299 6.02489 1.09621 12.17 5.49393 1.04516 11.6447 4.58421 1.33963 10.5304 4.85253 1.11263 9.34211 5.42375 0.474651 9.76689 5.26957 0.589214 10.7368 5.78161 0.167067 10.0602 5.76033 0.14687 10.8727 5.79293 0.737824 11.6751 5.9032 0.124615 11.4238 5.95703 0.542605 11.7092 6.14453 0.906221 12.1333 7.99102 0.124615 11.4674 7.97918 0.553629 11.6251 7.79506 0.101095 12.0423 7.73257 0.451859 12.1866 7.78715 0.860182 11.892 7.53893 0.086409 12.569 7.57962 0.698879 12.3578 7.45678 1.11305 12.2146 7.48866 0.391444 12.5824 7.36879 0.878325 12.5062 6.94644 1.18622 12.3652 7.42827 0.605028 12.5764 7.25041 0.646273 12.7585 6.95895 0.961647 12.5904 7.23408 0.374681 12.9229 6.95387 0.677381 12.8536 7.22685 0.071259 13.0345 6.96357 0.402277 13.0472 6.96375 0.06671 13.2028 6.71731 0.071259 13.051 6.68377 0.371203 12.9279 6.38034 0.086409 12.5337 6.67813 0.633041 12.7699 6.54943 0.86922 12.5565 6.49487 0.568435 12.6663 6.43856 0.367154 12.6325 6.33603 0.702249 12.4564 6.19455 0.434508 12.2567 6.13498 0.101095 12.0149 6.46713 1.09614 12.3333 6.14453 0.906221 12.1333 5.95703 0.542605 11.7092 5.9032 0.124615 11.4238 7.99102 0.124615 11.4674 7.79506 0.101095 12.0423 7.63209 0.019492 11.4644 7.48571 0.018848 12.046 7.53893 0.086409 12.569 7.0244 0.003761 11.4601 7.32377 0.018848 12.5616 6.99542 0.003117 12.0367 7.21823 0.030421 12.8013 7.22685 0.071259 13.0345 6.97195 0.003117 12.5513 6.95405 0.014689 12.9436 6.96375 0.06671 13.2028 6.71731 0.071259 13.051 6.7458 0.030421 12.772 6.38034 0.086409 12.5337 6.6326 0.018848 12.5402 6.45512 0.021894 12.0314 6.13498 0.101095 12.0149 6.33597 0.020708 11.4342 5.9032 0.124615 11.4238 -7.99102 0.124614 11.4674 -7.79506 0.101094 12.0423 -7.97918 0.553628 11.6251 -7.73257 0.451858 12.1866 -7.53893 0.086408 12.569 -7.78715 0.860181 11.892 -7.48866 0.391443 12.5824 -7.57962 0.698878 12.3578 -7.45678 1.11305 12.2146 -7.42827 0.605027 12.5764 -7.36879 0.878324 12.5062 -7.25041 0.646272 12.7585 -7.23408 0.37468 12.9229 -7.22685 0.071259 13.0345 -6.94644 1.18622 12.3652 -6.95895 0.961646 12.5904 -6.95387 0.67738 12.8536 -6.96357 0.402276 13.0472 -6.96375 0.066709 13.2028 -6.71731 0.071259 13.051 -6.68377 0.371203 12.9279 -6.38034 0.086408 12.5337 -6.67813 0.63304 12.7699 -6.54943 0.869219 12.5565 -6.49487 0.568434 12.6663 -6.43856 0.367153 12.6325 -6.33603 0.702248 12.4564 -6.19455 0.434507 12.2567 -6.13498 0.101094 12.0149 -6.46713 1.09614 12.3333 -6.14453 0.90622 12.1333 -5.95703 0.542604 11.7092 -5.9032 0.124614 11.4238 -7.99102 0.124614 11.4674 -7.63209 0.019491 11.4644 -7.79506 0.101094 12.0423 -7.48571 0.018847 12.046 -7.0244 0.00376 11.4601 -7.53893 0.086408 12.569 -6.99542 0.003116 12.0367 -7.32377 0.018847 12.5616 -7.21823 0.03042 12.8013 -7.22685 0.071259 13.0345 -6.97195 0.003116 12.5513 -6.95405 0.014688 12.9436 -6.96375 0.066709 13.2028 -6.71731 0.071259 13.051 -6.7458 0.03042 12.772 -6.38034 0.086408 12.5337 -6.6326 0.018847 12.5402 -6.45512 0.021894 12.0314 -6.13498 0.101094 12.0149 -6.33597 0.020707 11.4342 -5.9032 0.124614 11.4238 5.57285 0.110315 -11.0433 5.93685 0.030005 -11.0852 5.81012 0.080485 -10.3161 6.13775 0.030005 -10.4128 6.53309 0.012081 -11.1765 6.30054 0.030005 -9.96764 6.19417 0.066749 -9.8103 6.57615 0.012081 -10.4543 7.12334 0.030005 -11.1919 6.47818 0.030005 -9.71781 6.48102 0.05988 -9.50769 6.6333 0.012081 -10.0265 6.66838 0.030005 -9.66874 6.69909 0.05988 -9.38901 6.90604 0.05988 -9.50194 6.85158 0.030005 -9.75112 7.15639 0.066749 -9.86661 7.00908 0.030005 -10.0083 7.41418 0.080485 -10.3473 7.09696 0.030005 -10.4475 7.55006 0.110315 -11.1437 7.55006 0.110315 -11.1437 7.62697 0.448518 -10.869 7.41418 0.080485 -10.3473 7.41761 0.363944 -10.2243 7.56039 0.782193 -10.4583 7.15639 0.066749 -9.86661 7.3383 0.62543 -10.1094 7.27182 0.998779 -10.1767 7.15817 0.334183 -9.84061 7.1093 0.79118 -9.93998 6.77722 1.08891 -10.0322 7.16966 0.519928 -9.88826 6.98621 0.591335 -9.74712 6.75885 0.864615 -9.8495 6.92578 0.334989 -9.58884 6.73311 0.647517 -9.65747 6.42682 0.816499 -9.8723 6.39062 1.00584 -10.158 6.90604 0.05988 -9.50194 6.71628 0.339445 -9.48858 6.69909 0.05988 -9.38901 6.48102 0.05988 -9.50769 6.47343 0.341119 -9.5941 6.19417 0.066749 -9.8103 6.45992 0.610799 -9.71024 6.25116 0.542 -9.82726 6.21867 0.318853 -9.80482 6.08209 0.656034 -10.0224 5.89547 0.385071 -10.1914 5.94867 0.836254 -10.3104 5.63376 0.447662 -10.7316 5.81012 0.080485 -10.3161 5.57285 0.110315 -11.0433 -5.57285 0.110315 -11.0433 -5.81012 0.080484 -10.3161 -5.93685 0.030005 -11.0852 -6.13775 0.030005 -10.4128 -6.53309 0.01208 -11.1765 -6.30054 0.030005 -9.96764 -6.19417 0.066749 -9.8103 -6.57615 0.01208 -10.4543 -7.12334 0.030005 -11.1919 -6.47818 0.030005 -9.71781 -6.48102 0.05988 -9.50769 -6.6333 0.01208 -10.0265 -6.66838 0.030005 -9.66874 -6.69909 0.05988 -9.38901 -6.90604 0.05988 -9.50194 -6.85158 0.030005 -9.75112 -7.15639 0.066749 -9.86661 -7.00908 0.030005 -10.0083 -7.41418 0.080484 -10.3473 -7.09696 0.030005 -10.4475 -7.55006 0.110315 -11.1437 -7.55006 0.110315 -11.1437 -7.41418 0.080484 -10.3473 -7.62697 0.448518 -10.869 -7.41761 0.363944 -10.2243 -7.15639 0.066749 -9.86661 -7.56039 0.782193 -10.4583 -7.15817 0.334183 -9.84061 -7.3383 0.62543 -10.1094 -7.27182 0.998779 -10.1767 -7.16966 0.519928 -9.88826 -7.1093 0.79118 -9.93998 -6.98621 0.591334 -9.74712 -6.92578 0.334989 -9.58884 -6.90604 0.05988 -9.50194 -6.77722 1.08891 -10.0322 -6.75885 0.864615 -9.8495 -6.73311 0.647516 -9.65747 -6.42682 0.816499 -9.8723 -6.39062 1.00584 -10.158 -6.71628 0.339445 -9.48858 -6.69909 0.05988 -9.38901 -6.48102 0.05988 -9.50769 -6.47343 0.341118 -9.5941 -6.19417 0.066749 -9.8103 -6.45992 0.610799 -9.71024 -6.25116 0.542 -9.82726 -6.21867 0.318853 -9.80482 -6.08209 0.656034 -10.0224 -5.89547 0.385071 -10.1914 -5.94867 0.836253 -10.3104 -5.63376 0.447662 -10.7316 -5.81012 0.080484 -10.3161 -5.57285 0.110315 -11.0433 -2.79846 2.24025 -12.188 -3.31538 2.17076 -10.8049 -3.18891 2.22844 -12.1657 -3.66075 2.19095 -10.9169 -3.92266 2.19974 -9.4834 -3.54686 1.81695 -12.2096 -4.45909 2.09327 -9.66961 -4.02854 1.85876 -11.0431 -3.94129 1.46832 -12.2068 -5.62454 2.26436 -8.77557 -5.10169 2.55673 -7.81027 -7.17171 3.07026 -7.51051 -4.79913 1.83673 -9.86707 -4.40199 1.56603 -11.1133 -4.37973 1.06195 -12.1653 -5.85903 1.99262 -9.21846 -5.09629 1.57308 -10.0316 -4.78113 1.19632 -11.1682 -4.80295 0.603541 -12.0906 -7.27069 2.7124 -8.52748 -7.24391 2.37486 -9.02009 -5.98465 1.79795 -9.4855 -7.18744 2.07249 -9.36266 -5.3537 1.36411 -10.1832 -5.09429 0.892448 -11.1581 -8.65356 3.47668 -8.46619 -8.74095 4.00855 -7.34298 -8.56526 2.92011 -9.06112 -8.25748 2.39257 -9.55048 -7.08883 1.77303 -9.66688 -7.88365 1.84753 -9.92714 -6.1163 1.58727 -9.75032 -5.60943 1.15657 -10.2995 -5.41539 0.63133 -11.1569 -5.2949 0.149381 -12.0147 -5.57285 0.110315 -11.0433 -5.63376 0.447662 -10.7316 -5.85229 1.01567 -10.4238 -5.94867 0.836253 -10.3104 -6.25085 1.36857 -9.99434 -6.36287 1.19795 -10.1605 -6.39062 1.00584 -10.158 -6.77722 1.08891 -10.0322 -6.84221 1.26754 -10.0318 -7.27182 0.998779 -10.1767 -6.95449 1.49368 -9.88582 -7.41402 1.18981 -10.2162 -7.58994 1.45116 -10.157 -7.56039 0.782193 -10.4583 -7.77339 0.98177 -10.5998 -7.62697 0.448518 -10.869 -8.0254 1.32477 -10.5954 -8.50078 1.90592 -10.3436 -9.18453 2.71458 -9.9201 -8.85405 1.95832 -11.1563 -8.22413 1.14234 -11.2673 -7.82049 0.676874 -11.1856 -7.55006 0.110315 -11.1437 -7.58807 0.149425 -12.1586 -8.15655 0.947845 -12.1718 -8.83667 1.94576 -12.1497 -9.75385 3.60206 -9.35147 -9.66758 3.11855 -10.8511 -9.66245 3.44039 -12.0547 -10.4712 4.55247 -10.2852 -10.0655 4.42515 -8.58694 -10.2529 5.2369 -7.3922 -10.9941 5.93755 -9.37285 -11.1761 7.11815 -8.15115 -10.4852 5.3991 -11.6756 -10.9554 7.30986 -11.0269 -11.2641 9.64481 -9.71792 -10.4674 10.3512 -12.5316 -10.3368 7.93239 -12.9634 -9.30031 10.319 -14.5826 -9.92979 5.73144 -13.22 -9.22141 3.54961 -13.2776 -9.09384 5.89978 -14.7436 -9.42591 8.28812 -14.7845 -7.88365 9.73498 -16.2794 -8.07723 8.0195 -16.304 -6.31242 8.53025 -17.4271 -8.56446 1.96149 -13.214 -8.53252 3.55948 -14.4912 -7.9698 5.65264 -16.0093 -6.57772 6.90967 -17.2779 -4.33954 6.64201 -17.7719 -7.93474 0.826455 -13.1513 -7.45295 0.198717 -13.083 -8.05693 1.95487 -14.3057 -7.57264 0.808833 -14.1569 -7.18371 0.272382 -14.0676 -7.65627 3.40127 -15.5543 -7.33134 1.88467 -15.1985 -7.04659 0.79482 -14.8895 -6.85265 0.368622 -14.7312 -6.38768 0.374741 -14.9311 -6.45274 0.814391 -15.2539 -5.88564 0.374711 -14.9004 -6.70154 4.8652 -16.8263 -6.64108 3.12156 -16.2749 -6.57744 1.79699 -15.7533 -4.92915 5.59929 -17.2746 -5.43766 3.9091 -16.7828 -5.57195 2.6405 -16.2935 -5.70466 1.60663 -15.76 -5.8074 0.825755 -15.2515 -3.40898 4.62658 -16.883 -3.91214 4.12695 -16.5271 -2.81377 3.3226 -15.4731 -4.37337 3.03084 -16.0995 -3.26468 3.07206 -15.2164 -2.67315 2.51434 -13.7371 -4.63612 2.11269 -15.7083 -3.63942 2.38987 -14.9642 -3.04567 2.46698 -13.5913 -2.79846 2.24025 -12.188 -3.18891 2.22844 -12.1657 -3.45129 2.02293 -13.5467 -3.54686 1.81695 -12.2096 -4.01025 1.76321 -14.6782 -3.81287 1.5724 -13.4363 -3.94129 1.46832 -12.2068 -4.91781 1.36393 -15.2825 -4.4263 1.16367 -14.3782 -5.18703 0.741522 -14.9305 -5.46045 0.374456 -14.6409 -4.81725 0.645481 -14.1389 -5.17691 0.266509 -14.0226 -4.26822 1.08339 -13.2813 -4.71587 0.584705 -13.1297 -4.37973 1.06195 -12.1653 -4.80295 0.603541 -12.0906 -5.15059 0.19867 -13.0214 -5.2949 0.149381 -12.0147 0 12.4185 -18.4592 -0.918992 12.5608 -18.3336 0 13.6099 -19.1804 -0.809237 13.739 -19.02 -1.8894 13.0136 -18.0532 0 14.6719 -19.6654 -1.71005 14.0923 -18.7709 -2.60514 13.8774 -17.5324 -0.710496 14.7777 -19.5696 -1.35932 15.0301 -19.3004 -2.32619 14.8074 -18.3069 -2.95646 15.3202 -16.6843 -0.539075 15.7494 -19.8181 0 15.7724 -19.9854 -1.01852 15.6985 -19.5868 -1.78358 15.5837 -18.9826 -1.16254 16.1358 -19.4787 -1.88576 16.2793 -18.5126 -2.55561 15.8167 -17.653 -0.580823 16.4596 -19.8642 -1.23437 16.6656 -19.1757 0 16.5508 -20.0621 -0.577852 16.9357 -19.6951 0 17.0749 -19.9805 0 17.2902 -19.3648 -0.504653 17.2076 -19.1468 0 17.4871 -18.4556 -1.12396 17.0319 -18.6941 -0.528081 17.3534 -18.4353 0 17.5902 -17.4478 -1.68989 16.8378 -17.987 -0.96159 17.2207 -18.3878 -0.630652 17.4598 -17.4805 -1.30752 17.2285 -17.5907 -0.855237 17.5137 -16.1524 0 17.6869 -16.0086 -2.27398 16.5789 -16.9938 -1.7598 17.1746 -16.414 -2.60357 16.3524 -16.0306 -1.94827 17.0745 -15.4616 -1.03776 17.5804 -15.1399 0 17.8231 -14.9519 0 12.4185 -18.4592 0 13.6099 -19.1804 0.918992 12.5608 -18.3336 0.809237 13.739 -19.02 0 14.6719 -19.6654 1.8894 13.0136 -18.0532 1.71005 14.0923 -18.7709 2.60514 13.8774 -17.5324 0.710496 14.7777 -19.5696 1.35932 15.0301 -19.3004 2.32619 14.8074 -18.3069 2.95646 15.3202 -16.6843 0.539075 15.7494 -19.8181 0 15.7724 -19.9854 1.01852 15.6985 -19.5868 1.78358 15.5837 -18.9826 1.16254 16.1358 -19.4787 1.88576 16.2793 -18.5126 2.55561 15.8167 -17.653 0.580823 16.4596 -19.8642 1.23437 16.6656 -19.1757 0 16.5508 -20.0621 0.577852 16.9357 -19.6951 0 17.0749 -19.9805 0 17.2902 -19.3648 0.504653 17.2076 -19.1468 0 17.4871 -18.4556 1.12396 17.0319 -18.6941 0.528081 17.3534 -18.4353 0 17.5902 -17.4478 1.68989 16.8378 -17.987 0.96159 17.2207 -18.3878 0.630652 17.4598 -17.4805 1.30752 17.2285 -17.5907 0.855237 17.5137 -16.1524 0 17.6869 -16.0086 2.27398 16.5789 -16.9938 1.7598 17.1746 -16.414 2.60357 16.3524 -16.0306 1.94827 17.0745 -15.4616 1.03776 17.5804 -15.1399 0 17.8231 -14.9519 5.2949 0.149382 -12.0147 4.80295 0.603541 -12.0906 5.15059 0.198671 -13.0214 4.71587 0.584705 -13.1297 4.37973 1.06195 -12.1653 5.17691 0.266509 -14.0226 4.26822 1.08339 -13.2813 3.94129 1.46832 -12.2068 4.81725 0.645481 -14.1389 5.46045 0.374456 -14.6409 3.81287 1.57241 -13.4363 3.54686 1.81695 -12.2096 4.4263 1.16367 -14.3782 5.18703 0.741523 -14.9305 5.88564 0.374711 -14.9004 3.45129 2.02293 -13.5467 3.18891 2.22844 -12.1657 4.01025 1.76321 -14.6782 4.91781 1.36393 -15.2825 5.8074 0.825755 -15.2515 3.04567 2.46698 -13.5913 2.79846 2.24025 -12.188 2.67315 2.51434 -13.7371 3.63942 2.38987 -14.9642 3.26468 3.07206 -15.2164 2.81377 3.3226 -15.4731 4.63612 2.11269 -15.7083 4.37337 3.03084 -16.0995 3.91214 4.12695 -16.5271 3.40898 4.62658 -16.883 5.70466 1.60663 -15.76 5.57195 2.6405 -16.2935 5.43766 3.9091 -16.7828 4.92915 5.59929 -17.2746 4.33954 6.64201 -17.7719 6.45274 0.814391 -15.2539 6.57744 1.79699 -15.7533 6.64108 3.12156 -16.2749 7.33134 1.88467 -15.1985 6.70154 4.8652 -16.8263 7.65627 3.40127 -15.5543 6.57772 6.90967 -17.2779 7.9698 5.65264 -16.0093 6.31242 8.53025 -17.4271 8.07723 8.0195 -16.304 7.88365 9.73498 -16.2794 6.38768 0.374741 -14.9311 7.04659 0.794821 -14.8895 6.85265 0.368623 -14.7312 7.18371 0.272382 -14.0676 7.57264 0.808833 -14.1569 7.45295 0.198717 -13.083 8.05693 1.95487 -14.3057 7.93474 0.826455 -13.1513 7.58807 0.149425 -12.1586 8.53252 3.55948 -14.4912 8.56446 1.96149 -13.214 8.15655 0.947845 -12.1718 9.09384 5.89978 -14.7436 9.22141 3.54961 -13.2776 8.83667 1.94576 -12.1497 9.42591 8.28812 -14.7845 9.30031 10.319 -14.5826 10.3368 7.93239 -12.9634 10.4674 10.3512 -12.5316 9.92979 5.73144 -13.22 9.66245 3.44039 -12.0547 10.4852 5.3991 -11.6756 10.9554 7.30986 -11.0269 11.2641 9.64481 -9.71792 11.1761 7.11815 -8.15115 10.9941 5.93755 -9.37285 10.2529 5.2369 -7.3922 10.4712 4.55247 -10.2852 10.0655 4.42515 -8.58694 8.74095 4.00855 -7.34298 7.82049 0.676874 -11.1856 7.55006 0.110315 -11.1437 7.62697 0.448518 -10.869 8.22413 1.14234 -11.2673 7.77339 0.98177 -10.5998 7.56039 0.782193 -10.4583 8.85405 1.95832 -11.1563 8.0254 1.32477 -10.5954 9.66758 3.11855 -10.8511 9.75385 3.60206 -9.35147 9.18453 2.71458 -9.9201 8.50078 1.90592 -10.3436 8.65356 3.47668 -8.46619 8.56526 2.92011 -9.06112 8.25748 2.39257 -9.55048 7.88365 1.84753 -9.92714 7.58994 1.45116 -10.157 7.41402 1.18981 -10.2162 7.27182 0.998779 -10.1767 7.17171 3.07026 -7.51051 7.27069 2.7124 -8.52748 7.24391 2.37486 -9.02009 5.62454 2.26436 -8.77557 5.10169 2.55673 -7.81027 3.92266 2.19974 -9.4834 7.18744 2.07249 -9.36266 5.85903 1.99262 -9.21846 7.08883 1.77303 -9.66688 5.98465 1.79795 -9.4855 6.95449 1.49368 -9.88582 6.1163 1.58727 -9.75032 6.84221 1.26754 -10.0318 6.25085 1.36857 -9.99434 6.77722 1.08891 -10.0322 6.36287 1.19795 -10.1605 6.39062 1.00584 -10.158 5.94867 0.836254 -10.3104 5.85229 1.01567 -10.4238 5.63376 0.447662 -10.7316 5.60943 1.15657 -10.2995 5.41539 0.63133 -11.1569 5.57285 0.110315 -11.0433 5.2949 0.149382 -12.0147 4.80295 0.603541 -12.0906 5.09429 0.892448 -11.1581 5.3537 1.36411 -10.1832 4.78113 1.19632 -11.1682 5.09629 1.57308 -10.0316 4.79913 1.83673 -9.86707 4.40199 1.56603 -11.1133 4.37973 1.06195 -12.1653 3.94129 1.46832 -12.2068 4.02854 1.85876 -11.0431 3.54686 1.81695 -12.2096 4.45909 2.09327 -9.66961 3.66075 2.19095 -10.9169 3.31538 2.17076 -10.8049 3.18891 2.22844 -12.1657 2.79846 2.24025 -12.188 -7.69155 0.22456 8.65263 -7.46381 0.055439 9.10915 -8.07008 0.188878 9.336 -7.16534 0.244439 8.53416 -7.66423 0.022222 9.54352 -8.18355 0.167114 10.1419 -7.13192 0.039094 9.04418 -7.10881 0.005165 9.551 -6.77624 0.055433 9.09024 -6.55286 0.224559 8.65076 -6.07313 0.188855 9.30394 -6.47671 0.023207 9.52465 -7.08178 0.004551 10.1482 -6.31882 0.020973 10.1282 -5.78161 0.167066 10.0602 -7.73216 0.021643 10.1448 -7.72024 0.020348 10.8518 -7.05428 0.003872 10.8259 -6.28363 0.020346 10.832 -5.76033 0.146869 10.8727 -5.9032 0.124614 11.4238 -6.33597 0.020707 11.4342 -7.0244 0.00376 11.4601 -7.63209 0.019491 11.4644 -7.99102 0.124614 11.4674 -8.17299 0.146874 10.8879 7.69155 0.224561 8.65262 8.07008 0.188879 9.336 7.46381 0.05544 9.10915 7.16534 0.24444 8.53416 7.66423 0.022223 9.54352 8.18355 0.167115 10.1419 7.13192 0.039095 9.04418 7.10881 0.005166 9.551 6.77624 0.055433 9.09024 6.55286 0.22456 8.65076 6.07313 0.188856 9.30394 6.47671 0.023208 9.52465 7.08178 0.004552 10.1482 6.31882 0.020974 10.1282 5.78161 0.167067 10.0602 7.73216 0.021644 10.1448 7.72024 0.020349 10.8518 7.05428 0.003873 10.8259 6.28363 0.020347 10.832 5.76033 0.14687 10.8727 5.9032 0.124615 11.4238 6.33597 0.020708 11.4342 7.0244 0.003761 11.4601 7.63209 0.019492 11.4644 7.99102 0.124615 11.4674 8.17299 0.146875 10.8879 -7.58807 0.149425 -12.1586 -7.10852 0.030975 -12.1204 -7.55006 0.110315 -11.1437 -7.12334 0.030005 -11.1919 -6.53309 0.01208 -11.1765 -7.45295 0.198717 -13.083 -6.44786 0.01306 -12.0784 -5.93685 0.030005 -11.0852 -7.0235 0.034185 -13.1119 -7.18371 0.272382 -14.0676 -5.74228 0.03097 -12.0417 -5.57285 0.110315 -11.0433 -5.2949 0.149381 -12.0147 -6.32378 0.014186 -13.0513 -5.64943 0.033121 -13.0248 -5.15059 0.19867 -13.0214 -6.87335 0.070177 -13.9124 -6.41829 0.054911 -13.9212 -6.65469 0.138014 -14.4057 -6.85265 0.368622 -14.7312 -6.35732 0.125569 -14.5394 -6.38768 0.374741 -14.9311 -6.03092 0.05691 -13.9192 -5.98993 0.131278 -14.5341 -5.88564 0.374711 -14.9004 -5.46045 0.374456 -14.6409 -5.69941 0.137979 -14.3284 -5.17691 0.266509 -14.0226 -5.60908 0.070177 -13.9106 5.88564 0.374711 -14.9004 5.98993 0.131279 -14.5341 5.46045 0.374456 -14.6409 6.38768 0.374741 -14.9311 5.69941 0.137979 -14.3284 5.17691 0.266509 -14.0226 6.35732 0.125569 -14.5394 6.85265 0.368623 -14.7312 6.03092 0.05691 -13.9192 5.60908 0.070177 -13.9106 5.15059 0.198671 -13.0214 5.64943 0.033121 -13.0248 5.2949 0.149382 -12.0147 6.65469 0.138014 -14.4057 7.18371 0.272382 -14.0676 6.41829 0.054911 -13.9212 6.87335 0.070178 -13.9124 7.0235 0.034186 -13.1119 6.32378 0.014186 -13.0513 5.74228 0.03097 -12.0417 6.44786 0.01306 -12.0784 5.57285 0.110315 -11.0433 5.93685 0.030005 -11.0852 6.53309 0.012081 -11.1765 7.10852 0.030976 -12.1204 7.12334 0.030005 -11.1919 7.55006 0.110315 -11.1437 7.58807 0.149425 -12.1586 7.45295 0.198717 -13.083 -7.55752 16.34 15.8306 -7.62374 16.1109 15.1913 -7.44709 15.894 15.5177 -7.74856 16.4971 15.3328 -7.05117 15.9066 15.6844 -7.52847 16.8616 15.3917 -7.02536 16.2391 15.9556 -7.32679 16.8421 15.7708 -6.9559 16.6573 15.8848 -7.0957 15.3597 14.9215 -7.75405 16.6768 14.5178 -7.62353 15.8465 14.4834 -6.17464 16.1133 15.878 -6.833 17.4304 15.4743 -7.46789 16.8771 13.5919 -6.54595 15.0328 14.1572 -7.2986 15.7115 13.556 -6.46909 15.4346 15.4776 -7.43149 17.36 14.8874 -6.27705 16.9482 15.8816 -5.93939 14.8959 13.3962 -7.01518 17.0481 12.7365 -6.82675 15.686 12.7034 -5.25614 16.088 15.4966 -5.67998 15.1341 14.95 -6.17808 17.9324 14.9313 -7.02935 17.8336 14.1225 -4.93701 15.0118 14.3308 -5.41074 17.2561 15.5164 -4.43432 16.1273 14.9591 -6.51244 18.1635 13.3648 -5.5101 18.2795 14.2995 -4.6227 17.4893 14.9922 -11.1468 18.4238 9.78959 -10.8723 18.1834 9.21301 -10.9525 17.953 9.56687 -10.99 18.5909 9.28311 -10.7275 17.9041 9.92975 -10.7867 18.9141 9.48042 -10.807 18.2381 10.1884 -10.8444 18.8759 9.90462 -10.6418 18.6348 10.1972 -10.4083 17.3496 9.23341 -10.4901 18.7425 8.61368 -10.5022 17.9015 8.60565 -10.0905 17.9721 10.5908 -10.1723 19.3651 9.97106 -9.69543 18.8545 8.02775 -9.5809 16.9039 8.89561 -9.73066 17.6767 8.01871 -10.2101 17.3384 10.0508 -10.3296 19.3747 9.14482 -10.0375 18.8116 10.5899 -8.68086 16.6333 8.60826 -8.81449 18.9095 7.59559 -8.86822 17.5352 7.58685 -9.13583 17.7757 10.7964 -9.32113 16.8872 10.0449 -9.25036 19.7264 9.92858 -9.48873 19.7422 8.77465 -8.3901 16.6134 9.95244 -9.07921 18.9527 10.8008 -8.1615 17.6507 10.8263 -8.58581 19.9467 8.46944 -8.29512 19.9268 9.81364 -8.10768 19.025 10.835 -7.25337 23.3785 -2.81434 -6.69537 23.0122 -2.95585 -7.09895 22.8644 -2.95878 -6.70057 23.4277 -2.84565 -7.35203 22.7262 -2.64006 -6.72118 23.6181 -2.46086 -7.52997 23.0664 -2.44678 -7.13157 23.6296 -2.33361 -7.37784 23.3321 -2.14507 -6.76112 22.0423 -2.9581 -5.89106 23.2723 -2.71099 -6.09734 22.5446 -3.07893 -7.70242 22.4834 -1.83989 -6.83236 23.7135 -1.59277 -5.0478 22.954 -2.30532 -6.2662 21.2315 -2.65135 -5.34547 21.9439 -2.8341 -7.42132 21.968 -2.44222 -6.1494 23.7661 -2.08095 -7.47338 23.1895 -1.44424 -5.74185 20.545 -2.1827 -4.32011 22.555 -1.77889 -4.67378 21.3825 -2.40508 -7.58437 21.8493 -1.08547 -7.2018 21.1354 -1.94138 -6.36598 23.5718 -0.739401 -5.41847 23.6565 -1.43489 -6.84105 20.4387 -1.36282 -7.2748 22.8481 -0.542181 -7.28 21.2659 -0.355463 -4.75903 23.3821 -0.771497 -5.85826 23.2759 0.048342 -6.9263 22.4383 0.270755 0 24.1709 -4.49468 -0.509425 24.0075 -4.29762 -0.404744 24.2142 -3.93559 -0.407137 23.6146 -4.43885 0 24.3861 -3.98215 0 23.6289 -4.61776 0.404744 24.2142 -3.93559 0.407137 23.6146 -4.43885 0.509425 24.0075 -4.29762 -1.09187 23.5461 -3.86869 0 24.373 -3.17975 0 22.7192 -4.5679 1.09187 23.5461 -3.86869 -0.798896 24.137 -3.34669 -0.80372 22.9282 -4.36136 -1.52067 22.953 -3.19585 0.798896 24.137 -3.34669 0.80372 22.9282 -4.36136 -1.11858 22.0986 -3.90068 -1.11181 23.7934 -2.47808 -1.76951 22.3424 -2.46711 0 24.111 -2.23107 0 21.7951 -4.17497 1.52067 22.953 -3.19585 -1.29316 23.3318 -1.63889 -1.30105 21.353 -3.29979 1.11181 23.7934 -2.47808 0 23.6936 -1.34132 1.11858 22.0986 -3.90068 0 20.9911 -3.60968 1.29316 23.3318 -1.63889 1.30105 21.353 -3.29979 1.76951 22.3424 -2.46711 0 15.2892 18.2746 -0.391378 15.0131 17.7887 0 14.8765 17.9022 -0.494337 15.3543 18.0289 0.391378 15.0131 17.7887 -0.391378 15.7697 17.9893 0.494337 15.3543 18.0289 0 15.8321 18.1556 0.391378 15.7697 17.9893 0 14.4419 17.155 -1.0796 15.4854 17.4317 -0.789115 14.728 17.2092 1.0796 15.4854 17.4317 0 16.5289 17.7085 -1.51183 15.7075 16.5675 0 14.2462 16.1799 -1.1064 14.6409 16.2732 0.789115 14.728 17.2092 -0.789115 16.2535 17.6138 0.789115 16.2535 17.6138 0 14.2459 15.1971 -1.76414 15.9511 15.6494 -1.29173 14.7025 15.3182 1.51183 15.7075 16.5675 1.1064 14.6409 16.2732 0 17.1689 16.9551 -1.1064 16.7798 16.8405 1.29173 14.7025 15.3182 1.1064 16.7798 16.8405 1.76414 15.9511 15.6494 -1.29173 17.1996 15.9805 0 17.6563 16.1017 1.29173 17.1996 15.9805 7.55752 16.34 15.8306 7.44709 15.894 15.5177 7.62374 16.1109 15.1913 7.05117 15.9066 15.6844 7.74856 16.4971 15.3328 7.02536 16.2391 15.9556 7.52847 16.8616 15.3917 6.9559 16.6573 15.8848 7.32679 16.8421 15.7708 7.0957 15.3597 14.9215 7.75405 16.6768 14.5178 6.17464 16.1133 15.878 6.833 17.4304 15.4743 7.62353 15.8465 14.4834 6.46909 15.4346 15.4776 6.54595 15.0328 14.1572 7.43149 17.36 14.8874 6.27705 16.9482 15.8816 5.67998 15.1341 14.95 7.2986 15.7115 13.556 5.93939 14.8959 13.3962 7.46789 16.8771 13.5919 5.25614 16.088 15.4966 6.17808 17.9324 14.9313 6.82675 15.686 12.7034 4.93701 15.0118 14.3308 7.02935 17.8336 14.1225 7.01518 17.0481 12.7365 5.41074 17.2561 15.5164 4.43432 16.1273 14.9591 6.51244 18.1635 13.3648 4.6227 17.4893 14.9922 5.5101 18.2795 14.2995 11.1468 18.4238 9.78959 10.9525 17.953 9.56687 10.8723 18.1834 9.21301 10.7275 17.9041 9.92975 10.99 18.5909 9.28311 10.807 18.2381 10.1884 10.7867 18.9141 9.48042 10.6418 18.6348 10.1972 10.8444 18.8759 9.90462 10.4083 17.3496 9.23341 10.4901 18.7425 8.61368 10.0905 17.9721 10.5908 10.1723 19.3651 9.97106 10.5022 17.9015 8.60565 10.2101 17.3384 10.0508 9.5809 16.9039 8.89561 10.3296 19.3747 9.14482 10.0375 18.8116 10.5899 9.32113 16.8872 10.0449 9.73066 17.6767 8.01871 8.68086 16.6333 8.60826 9.69543 18.8545 8.02775 9.13583 17.7757 10.7964 9.25036 19.7264 9.92858 8.86822 17.5352 7.58685 8.3901 16.6134 9.95244 9.48873 19.7422 8.77465 8.81449 18.9095 7.59559 9.07921 18.9527 10.8008 8.1615 17.6507 10.8263 8.58581 19.9467 8.46944 8.10768 19.025 10.835 8.29512 19.9268 9.81364 7.25337 23.3785 -2.81434 7.09895 22.8644 -2.95878 6.69537 23.0122 -2.95585 7.35203 22.7262 -2.64006 6.70057 23.4277 -2.84565 7.52997 23.0664 -2.44678 6.72118 23.6181 -2.46086 7.37784 23.3321 -2.14507 7.13157 23.6296 -2.33361 6.76112 22.0423 -2.9581 5.89106 23.2723 -2.71099 7.70242 22.4834 -1.83989 6.83236 23.7135 -1.59277 6.09734 22.5446 -3.07893 7.42132 21.968 -2.44222 6.2662 21.2315 -2.65135 6.1494 23.7661 -2.08095 7.47338 23.1895 -1.44424 7.2018 21.1354 -1.94138 5.34547 21.9439 -2.8341 5.74185 20.545 -2.1827 5.0478 22.954 -2.30532 7.58437 21.8493 -1.08547 6.36598 23.5718 -0.739401 4.67378 21.3825 -2.40508 6.84105 20.4387 -1.36282 5.41847 23.6565 -1.43489 4.32011 22.555 -1.77889 7.2748 22.8481 -0.542181 7.28 21.2659 -0.355463 4.75903 23.3821 -0.771497 6.9263 22.4383 0.270755 5.85826 23.2759 0.048342 -0.612658 44.2522 12.3413 -0.357124 42.9462 12.8758 0 44.2776 12.4196 -0.583234 42.8647 12.6048 0 46.022 11.4624 -2.09632 44.9178 11.3716 -0.621924 46.286 11.3659 -1.74065 45.5259 11.5765 0 43.0006 13.0561 -0.642512 41.3226 13.3166 -0.395943 41.3931 13.685 -1e-06 47.8036 10.1411 -3.28052 46.6136 10.3979 0 41.4821 13.9041 -0.743921 39.8952 13.9909 -0.872375 47.8493 10.4094 -1e-06 49.8936 8.72897 -2.84641 47.1218 10.684 -1.23651 46.6151 11.2002 -0.486927 39.9744 14.5176 0 40.0259 14.7521 -1.29096 50.1474 9.16891 -1e-06 51.5424 7.70431 -4.5811 48.6904 9.01176 -1.83467 47.7152 10.7015 -0.52445 38.8408 15.1326 1e-06 38.8504 15.3719 -0.831046 38.9191 14.3722 -1.50014 51.8252 8.17608 -1e-06 53.4699 6.39 -4.21793 49.3488 9.37694 -5.56946 50.8479 7.51629 -2.72776 50.0386 9.66519 -0.546725 37.6738 15.583 1e-06 37.5499 15.9287 -0.93062 38.0728 14.4915 -1.74011 53.8549 6.9422 -1e-06 55.4037 5.04828 -5.19511 51.3796 8.06499 -6.03609 53.5865 6.54433 -6.56247 53.1928 5.88372 -3.44526 51.9471 8.54118 -1.94929 55.8781 5.78422 0 57.4354 3.70703 -6.70743 55.5016 5.22438 -4.03961 54.0697 7.27937 -4.50019 56.0643 6.07711 -2.17291 57.9357 4.47779 0 60.0503 2.04419 -7.21874 55.1346 4.59433 -2.27784 60.5292 2.82013 -2.33335 63.7086 0.763993 0 63.2188 -0.059023 -4.79865 58.1351 4.78642 -7.37449 57.5432 3.88899 -7.85528 57.1309 3.22186 -2.34232 66.8174 -1.22099 0 66.2985 -2.02935 -5.07386 60.7496 3.17842 -7.94299 60.1862 2.26006 -8.55195 59.7548 1.54323 -2.31572 69.7207 -3.07846 0 69.2174 -3.89156 -5.34454 63.9503 1.14853 -8.34153 63.3783 0.195843 -9.0693 63.0111 -0.42496 -2.22316 72.9102 -5.07886 0 72.3992 -5.89122 -5.43603 67.1048 -0.815522 -5.3892 69.974 -2.69173 -8.49924 66.4888 -1.71265 -9.24994 66.1071 -2.35005 -2.07481 76.0004 -6.97579 0 75.5281 -7.7244 -5.12712 73.1385 -4.73341 -8.44074 69.4037 -3.58951 -9.16195 69.0225 -4.23702 -1.82888 78.8804 -8.69191 0 78.4473 -9.41737 -4.7175 76.1659 -6.7171 -8.78307 72.1988 -6.23944 -8.08974 72.5945 -5.58662 -1.56122 81.4926 -10.2165 0 81.0955 -10.8979 -4.08852 78.9965 -8.50075 -7.44798 75.6671 -7.50039 -8.04913 75.3136 -8.0764 -1.24992 83.6937 -11.5607 0 83.3271 -12.1633 -3.34873 81.583 -10.115 -6.44951 78.6025 -9.16414 -6.92703 78.2552 -9.76634 -0.924661 85.8127 -12.8996 0 85.5262 -13.3835 -2.64095 83.7368 -11.4754 -5.21817 81.2667 -10.6013 -5.55334 80.9191 -11.214 -0.670999 87.4698 -13.9831 0 87.2775 -14.2926 -1.96887 85.8568 -12.8337 -3.99307 83.5088 -11.867 -4.40512 83.1312 -12.4904 -0.332358 88.7254 -14.7893 0 88.5961 -14.9781 -1.25093 87.4969 -13.9343 -2.94059 85.6736 -13.1486 -3.30179 85.336 -13.7186 -0.088478 89.8472 -15.6311 0 89.9008 -15.6943 -0.813087 88.9372 -14.9216 -2.02226 87.3638 -14.1646 -2.42486 87.0626 -14.6537 -0.470642 90.0527 -15.7659 0 90.735 -16.2725 -1.20486 88.9636 -15.1729 -1.48098 88.8356 -15.6596 -0.177494 91.1885 -16.625 0 91.3103 -16.7669 -0.740203 90.1305 -16.0114 -0.329999 91.2498 -16.7936 0 91.4289 -16.9568 -0.903273 90.1461 -16.3855 -0.404104 91.2925 -17.0401 0 91.4638 -17.1535 -0.572945 43.8459 11.5176 -0.295005 42.8029 12.1826 -0.583234 42.8647 12.6048 0 43.6875 11.4559 -2.09632 44.9178 11.3716 0 45.904 10.0777 -1.76664 45.2033 10.6425 -0.658654 45.98 10.0487 -0.30319 41.2864 12.9797 0 42.7907 12.0778 0 41.2904 12.7648 -3.28052 46.6136 10.3979 -1e-06 47.5719 8.95533 -0.642512 41.3226 13.3166 0 39.9038 13.2949 -2.83293 46.5398 9.76876 -3.76223 48.5972 8.44011 -4.5811 48.6904 9.01176 -0.948594 47.5439 9.00621 -1.28756 46.0865 9.92615 -0.360539 39.8727 13.6018 -0.743921 39.8952 13.9909 -4.77372 50.7638 7.04691 -5.56946 50.8479 7.51629 -1e-06 49.0611 7.94495 -1.85606 47.211 9.28602 -0.414749 39.0637 13.7909 -0.831046 38.9191 14.3722 1e-06 39.1789 13.4499 -5.59608 52.9714 5.56219 -6.56247 53.1928 5.88372 -1.28078 49.015 8.01254 -1e-06 50.8835 6.72221 -2.64251 48.839 8.20119 -3.30908 50.806 6.91506 -0.476704 38.3831 13.7193 -0.93062 38.0728 14.4915 1e-06 38.5846 13.3178 -6.25394 54.9268 4.28251 -7.21874 55.1346 4.59433 -1.54542 50.8667 6.77025 -1e-06 52.8425 5.3626 -3.84627 52.9394 5.50922 -6.8152 56.9377 2.93551 -7.85528 57.1309 3.22186 -1.7782 52.8603 5.39085 -1e-06 54.8287 4.1117 -4.29977 54.9111 4.25591 -7.35856 59.5806 1.28197 -8.55195 59.7548 1.54323 -1.94586 54.8421 4.1479 0 56.8483 2.78617 -4.67429 56.959 2.9484 -7.81017 62.8388 -0.722819 -9.0693 63.0111 -0.42496 -2.08556 56.8846 2.84043 0 59.4615 1.09562 -5.01665 59.5927 1.27284 -7.96844 65.9352 -2.63715 -9.24994 66.1071 -2.35005 -2.20744 59.5158 1.1687 0 62.709 -0.952952 -5.29919 62.8227 -0.75462 -9.16195 69.0225 -4.23702 -2.29482 62.7579 -0.870671 -2.16958 65.8304 -2.81757 0 65.7771 -2.89465 -5.39764 65.9081 -2.68316 -7.89761 68.8624 -4.5151 -8.78307 72.1988 -6.23944 -2.13764 68.7575 -4.68221 0 68.712 -4.76801 -7.57482 72.024 -6.49896 -8.04913 75.3136 -8.0764 -5.33628 68.84 -4.54958 -2.03526 71.9329 -6.63699 0 71.8759 -6.72132 -6.94245 75.1557 -8.33846 -6.92703 78.2552 -9.76634 -5.08825 72.0061 -6.52149 -1.89137 75.0418 -8.52193 0 74.9648 -8.65539 -5.9836 78.0851 -10.0432 -5.55334 80.9191 -11.214 -4.68605 75.1323 -8.38356 -1.65264 77.9608 -10.237 0 77.8788 -10.3852 -4.84978 80.7392 -11.5141 -4.40512 83.1312 -12.4904 -4.01821 78.0283 -10.1331 -1.39815 80.6093 -11.7435 0 80.5142 -11.9064 -3.75512 82.9626 -12.7645 -3.30179 85.336 -13.7186 -3.29906 80.6741 -11.6345 -1.07624 82.8039 -13.0365 0 82.7437 -13.1438 -2.66831 85.1899 -13.9763 -2.42486 87.0626 -14.6537 -2.53961 82.8933 -12.8813 -0.836401 85.0155 -14.2608 0 84.952 -14.3583 -1.75799 86.9168 -14.8877 -1.48098 88.8356 -15.6596 -1.87101 85.1108 -14.1157 -0.580999 86.718 -15.1931 0 86.684 -15.2618 -1.24413 88.757 -15.844 -0.903273 90.1461 -16.3855 -1.2755 86.8235 -15.038 0 88.2243 -15.9972 -0.768742 90.0149 -16.5366 -0.365685 91.1593 -17.171 -0.404104 91.2925 -17.0401 -0.791487 88.532 -16.0085 -0.314585 88.3354 -16.0058 -0.126795 89.3742 -16.492 0 89.4668 -16.572 -0.187665 90.9394 -17.2334 -0.445668 89.6896 -16.5995 0 91.4638 -17.1535 0 90.1037 -16.8704 0 91.1266 -17.3224 0 91.3434 -17.29 0.612658 44.2522 12.3413 0 44.2776 12.4196 0.357124 42.9462 12.8758 0 46.022 11.4624 0.583234 42.8647 12.6048 0.621924 46.286 11.3659 2.09632 44.9178 11.3716 1.74065 45.5259 11.5765 0 43.0006 13.0561 -1e-06 47.8036 10.1411 0.642512 41.3226 13.3166 3.28052 46.6136 10.3979 0.395943 41.3931 13.685 0 41.4821 13.9041 0.872373 47.8493 10.4094 1.23651 46.6151 11.2002 2.84641 47.1218 10.684 4.5811 48.6904 9.01176 0.486927 39.9744 14.5176 0 40.0259 14.7521 0.743921 39.8952 13.9909 -1e-06 49.8936 8.72897 4.21793 49.3488 9.37694 5.56946 50.8479 7.51629 1.83467 47.7152 10.7015 0.524452 38.8408 15.1326 1e-06 38.8504 15.3719 0.831048 38.9191 14.3722 1.29096 50.1474 9.16891 -1e-06 51.5424 7.70431 5.19511 51.3796 8.06499 6.03609 53.5865 6.54433 6.56247 53.1928 5.88372 2.72776 50.0386 9.66519 0.546727 37.6738 15.583 1e-06 37.5499 15.9287 0.930622 38.0728 14.4915 1.50014 51.8252 8.17608 -1e-06 53.4699 6.39 4.03961 54.0697 7.27937 3.44526 51.9471 8.54118 6.70743 55.5016 5.22438 7.21874 55.1346 4.59433 1.74011 53.8549 6.9422 -1e-06 55.4037 5.04828 4.50019 56.0643 6.07711 7.37449 57.5432 3.88899 7.85528 57.1309 3.22186 1.94929 55.8781 5.78422 0 57.4354 3.70703 4.79865 58.1351 4.78642 7.94299 60.1862 2.26006 8.55195 59.7548 1.54323 2.17291 57.9357 4.47779 0 60.0503 2.04419 5.07386 60.7496 3.17842 8.34153 63.3783 0.195843 9.0693 63.0111 -0.42496 2.27784 60.5292 2.82013 2.33335 63.7086 0.763993 0 63.2188 -0.059023 5.34454 63.9503 1.14853 8.49924 66.4888 -1.71265 9.24994 66.1071 -2.35005 2.34232 66.8174 -1.22099 0 66.2985 -2.02935 5.43603 67.1048 -0.815522 8.44074 69.4037 -3.58951 9.16195 69.0225 -4.23702 2.31572 69.7207 -3.07846 0 69.2174 -3.89156 8.78307 72.1988 -6.23944 5.3892 69.974 -2.69173 2.22316 72.9102 -5.07886 0 72.3992 -5.89122 8.08974 72.5945 -5.58662 8.04913 75.3136 -8.0764 5.12712 73.1385 -4.73341 2.07481 76.0004 -6.97579 0 75.5281 -7.7244 7.44798 75.6671 -7.50039 6.92703 78.2552 -9.76634 4.7175 76.1659 -6.7171 1.82888 78.8804 -8.69191 0 78.4473 -9.41737 6.44951 78.6025 -9.16414 5.55334 80.9191 -11.214 4.08852 78.9965 -8.50075 1.56122 81.4926 -10.2165 0 81.0955 -10.8979 5.21817 81.2667 -10.6013 4.40512 83.1312 -12.4904 3.34873 81.583 -10.115 1.24992 83.6937 -11.5607 0 83.3271 -12.1633 3.99307 83.5088 -11.867 3.30179 85.336 -13.7186 2.64095 83.7368 -11.4754 0.924661 85.8127 -12.8996 0 85.5262 -13.3835 2.94059 85.6736 -13.1486 2.42486 87.0626 -14.6537 1.96887 85.8568 -12.8337 0.670999 87.4698 -13.9831 0 87.2775 -14.2926 2.02226 87.3638 -14.1646 1.48098 88.8356 -15.6596 1.25093 87.4969 -13.9343 0.332358 88.7254 -14.7893 0 88.5961 -14.9781 1.20486 88.9636 -15.1729 0.740203 90.1305 -16.0114 0.903273 90.1461 -16.3855 0.813087 88.9372 -14.9216 0.088478 89.8472 -15.6311 0 89.9008 -15.6943 0.329999 91.2498 -16.7936 0.404104 91.2925 -17.0401 0.470642 90.0527 -15.7659 0 91.4289 -16.9568 0 91.4638 -17.1535 0.177494 91.1885 -16.625 0 90.735 -16.2725 0 91.3103 -16.7669 0.572945 43.8459 11.5176 0.583234 42.8647 12.6048 0.295005 42.8029 12.1826 2.09632 44.9178 11.3716 0 43.6875 11.4559 1.76664 45.2033 10.6425 0 45.904 10.0777 0.658654 45.98 10.0487 0.30319 41.2864 12.9797 0.642512 41.3226 13.3166 3.28052 46.6136 10.3979 0 42.7907 12.0778 -1e-06 47.5719 8.95533 0.360539 39.8727 13.6018 0.743921 39.8952 13.9909 2.83293 46.5398 9.76876 1.28756 46.0865 9.92615 0 41.2904 12.7648 0.948592 47.5439 9.00621 -1e-06 49.0611 7.94495 0.414751 39.0637 13.7909 0.831048 38.9191 14.3722 3.76223 48.5972 8.44011 4.5811 48.6904 9.01176 0 39.9038 13.2949 1.28078 49.015 8.01254 -1e-06 50.8835 6.72221 1.85606 47.211 9.28602 0.476706 38.3831 13.7193 0.930622 38.0728 14.4915 4.77372 50.7638 7.04691 5.56946 50.8479 7.51629 1e-06 39.1789 13.4499 1.54542 50.8667 6.77025 -1e-06 52.8425 5.3626 2.64251 48.839 8.20119 1e-06 38.5846 13.3178 5.59608 52.9714 5.56219 3.30908 50.806 6.91506 3.84627 52.9394 5.50922 1.7782 52.8603 5.39085 -1e-06 54.8287 4.1117 6.56247 53.1928 5.88372 1.94586 54.8421 4.1479 0 56.8483 2.78617 6.25394 54.9268 4.28251 4.29977 54.9111 4.25591 2.08556 56.8846 2.84043 0 59.4615 1.09562 7.21874 55.1346 4.59433 2.20744 59.5158 1.1687 0 62.709 -0.952952 4.67429 56.959 2.9484 6.8152 56.9377 2.93551 7.85528 57.1309 3.22186 2.29482 62.7579 -0.870671 2.16958 65.8304 -2.81757 0 65.7771 -2.89465 7.35856 59.5806 1.28197 8.55195 59.7548 1.54323 5.01665 59.5927 1.27284 2.13764 68.7575 -4.68221 0 68.712 -4.76801 7.81017 62.8388 -0.722819 9.0693 63.0111 -0.42496 5.29919 62.8227 -0.75462 5.39764 65.9081 -2.68316 2.03526 71.9329 -6.63699 0 71.8759 -6.72132 7.96844 65.9352 -2.63715 9.24994 66.1071 -2.35005 5.33628 68.84 -4.54958 1.89137 75.0418 -8.52193 0 74.9648 -8.65539 9.16195 69.0225 -4.23702 5.08825 72.0061 -6.52149 7.89761 68.8624 -4.5151 1.65264 77.9608 -10.237 0 77.8788 -10.3852 4.68605 75.1323 -8.38356 7.57482 72.024 -6.49896 8.78307 72.1988 -6.23944 1.39815 80.6093 -11.7435 0 80.5142 -11.9064 4.01821 78.0283 -10.1331 6.94245 75.1557 -8.33846 8.04913 75.3136 -8.0764 1.07624 82.8039 -13.0365 0 82.7437 -13.1438 3.29906 80.6741 -11.6345 5.9836 78.0851 -10.0432 6.92703 78.2552 -9.76634 0.836401 85.0155 -14.2608 0 84.952 -14.3583 2.53961 82.8933 -12.8813 4.84978 80.7392 -11.5141 5.55334 80.9191 -11.214 0.580999 86.718 -15.1931 0 86.684 -15.2618 1.87101 85.1108 -14.1157 3.75512 82.9626 -12.7645 4.40512 83.1312 -12.4904 0 88.2243 -15.9972 1.2755 86.8235 -15.038 2.66831 85.1899 -13.9763 3.30179 85.336 -13.7186 0.314585 88.3354 -16.0058 0.126795 89.3742 -16.492 0 89.4668 -16.572 1.75799 86.9168 -14.8877 0.791487 88.532 -16.0085 1.24413 88.757 -15.844 2.42486 87.0626 -14.6537 0.445668 89.6896 -16.5995 0 90.1037 -16.8704 1.48098 88.8356 -15.6596 0.187665 90.9394 -17.2334 0 91.1266 -17.3224 0.903273 90.1461 -16.3855 0.768742 90.0149 -16.5366 0.365685 91.1593 -17.171 0 91.3434 -17.29 0 91.4638 -17.1535 0.404104 91.2925 -17.0401 -5.16447 26.3396 18.0921 -4.78998 24.174 17.9289 -3.07829 24.9078 19.1838 -6.94857 24.3771 15.9398 -3.45193 26.5676 19.1524 -7.0064 26.292 16.3068 -3.70838 28.0994 19.196 -6.96423 28.0751 16.5188 -5.36041 28.0181 18.1264 -3.64404 24.2287 18.5975 -8.3314 24.9589 13.8731 -2.35631 28.1906 19.7406 -2.16503 26.6918 19.6653 -5.45645 30.2929 18.0588 -3.913 30.3008 19.1073 -8.3386 26.4929 14.1458 -1.97216 25.1332 19.7348 -2.46184 30.3395 19.6823 -6.83185 30.4422 16.5269 -3.93658 32.4773 18.8064 -5.34038 32.4154 17.8142 -8.29705 28.4271 14.3505 -2.48015 32.5292 19.4423 -6.54116 32.406 16.4186 -3.84336 34.4855 18.0635 -5.04887 34.282 17.1501 -7.99481 30.7722 14.5349 -2.4184 34.6268 18.6913 -5.89893 34.2146 16.0504 -7.53973 32.7046 14.6468 -6.68374 34.5664 14.5759 5.16447 26.3396 18.0921 3.45193 26.5676 19.1524 3.07829 24.9078 19.1838 3.70838 28.0994 19.196 4.78998 24.174 17.9289 5.36041 28.0181 18.1264 6.94857 24.3771 15.9398 6.96423 28.0751 16.5188 7.0064 26.292 16.3068 2.16503 26.6918 19.6653 2.35631 28.1906 19.7406 3.64404 24.2287 18.5975 5.45645 30.2929 18.0588 3.913 30.3008 19.1073 8.3314 24.9589 13.8731 2.46184 30.3395 19.6823 1.97216 25.1332 19.7348 6.83185 30.4422 16.5269 8.3386 26.4929 14.1458 8.29705 28.4271 14.3505 2.48015 32.5292 19.4423 3.93658 32.4773 18.8064 7.99481 30.7722 14.5349 5.34038 32.4154 17.8142 6.54116 32.406 16.4186 2.4184 34.6268 18.6913 7.53973 32.7046 14.6468 3.84336 34.4855 18.0635 5.04887 34.282 17.1501 5.89893 34.2146 16.0504 6.68374 34.5664 14.5759 -5.20735 26.3312 18.1467 -7.00232 24.3673 15.9836 -4.83216 24.1627 17.9837 -7.0607 26.2848 16.3504 -3.11196 24.8974 19.2443 -7.01931 28.0741 16.562 -3.48399 26.5612 19.2143 -5.40456 28.0151 18.1806 -3.74035 28.0961 19.2582 -8.39059 24.951 13.9097 -3.67191 24.2174 18.6378 -5.5021 30.2972 18.1117 -8.39809 26.4875 14.1823 -6.88757 30.4485 16.5688 -8.3568 28.4278 14.3869 -2.38206 28.1876 19.8056 -2.19183 26.6872 19.7298 -3.9461 30.3047 19.1689 -8.05426 30.7799 14.5711 -5.38663 32.4315 17.8642 -6.59587 32.4235 16.4586 -2.00203 25.1298 19.798 -2.48832 30.3435 19.747 -3.9706 32.4928 18.8656 -7.5969 32.7235 14.6825 -2.50771 32.5444 19.5048 -5.09505 34.306 17.1969 -3.87785 34.5086 18.1199 -5.95178 34.2402 16.0886 -6.73817 34.5928 14.6111 -2.44625 34.6497 18.7513 5.20735 26.3312 18.1467 4.83218 24.1628 17.9837 7.00232 24.3673 15.9836 3.11198 24.8975 19.2443 7.0607 26.2848 16.3504 3.48399 26.5612 19.2143 7.01931 28.0741 16.562 3.74035 28.0961 19.2582 5.40456 28.0151 18.1806 3.67191 24.2174 18.6378 8.39059 24.951 13.9097 2.38206 28.1876 19.8056 2.19183 26.6872 19.7298 5.5021 30.2972 18.1117 8.39809 26.4875 14.1823 6.88757 30.4485 16.5688 8.3568 28.4278 14.3869 2.48832 30.3435 19.747 3.9461 30.3047 19.1689 2.00203 25.1298 19.798 8.05426 30.7799 14.5711 2.50771 32.5444 19.5048 5.38663 32.4315 17.8642 3.9706 32.4928 18.8656 6.59587 32.4235 16.4586 7.5969 32.7235 14.6825 2.44625 34.6497 18.7513 3.87785 34.5086 18.1199 5.95178 34.2402 16.0886 6.73817 34.5928 14.6111 5.09505 34.306 17.1969 </float_array>
     <technique_common>
      <accessor source="#ID7-array" count="2781" stride="3">
       <param name="X" type="float"/>
       <param name="Y" type="float"/>
       <param name="Z" type="float"/>
      </accessor>
     </technique_common>
    </source>
    <source id="Chikorita-mesh-normals">
     <float_array id="ID8-array" count="8343">-0.390987 -0.202666 0.897806 -0.590487 -0.142379 0.794388 -0.392726 -0.196715 0.89837 -0.559425 -0.213825 0.800826 -0.275633 -0.207531 0.938593 -0.412949 -0.285459 0.864862 -0.272322 -0.229976 0.934319 -0.33346 -0.341037 0.878919 -0.592997 -0.129146 0.79478 -0.504296 -0.312126 0.805148 -0.572828 -0.231934 0.786177 -0.177515 -0.214289 0.960504 -0.474689 -0.366944 0.800014 -0.210824 -0.255818 0.943457 -0.3547 -0.465458 0.810886 -0.268563 -0.372533 0.888309 -0.541797 -0.305378 0.783071 -0.237569 -0.515853 0.823078 -0.142663 -0.383318 0.912532 -0.107167 -0.22764 0.96783 -0.533018 -0.399096 0.746066 -0.48969 -0.456086 0.743095 -0.101514 -0.543172 0.833462 -0.120557 -0.278651 0.952796 0 -0.393714 0.919233 0 -0.279605 0.960115 -0.405981 -0.52813 0.745827 -0.584053 -0.319871 0.746033 -0.477934 -0.425639 0.768382 -0.517188 -0.189283 0.834679 0 -0.541341 0.840803 -0.211184 -0.568439 0.795159 -0.072732 -0.649165 0.757163 0 -0.230715 0.973021 0.142663 -0.383318 0.912532 0.120557 -0.278651 0.952796 -0.517815 -0.102592 0.849319 -0.527817 -0.127077 0.839798 0 -0.69563 0.7184 0.101514 -0.543172 0.833462 0.072732 -0.649165 0.757163 -0.315958 -0.418097 0.851684 -0.415425 -0.04595 0.908466 0.107167 -0.22764 0.96783 0.210824 -0.255818 0.943457 -0.350783 -0.010919 0.936393 0.167827 -0.517364 0.839148 -0.167827 -0.517364 0.839148 0 -0.528468 0.848953 0.237569 -0.515853 0.823078 0.211184 -0.568439 0.795159 -0.390843 0.049995 0.919098 0.177515 -0.214289 0.960504 0.283312 0.051868 0.957624 0.315958 -0.418097 0.851684 0.415425 -0.04595 0.908466 -0.283312 0.051868 0.957624 0.268563 -0.372533 0.888309 -0.230011 0.089798 0.969036 -0.270158 0.23959 0.93253 0.272322 -0.229976 0.934319 0.275633 -0.207531 0.938593 0.270158 0.23959 0.93253 0 0.054483 0.998515 0.477934 -0.425638 0.768382 0.405981 -0.52813 0.745827 0.33346 -0.341037 0.878919 0.3547 -0.465458 0.810886 0 0.260949 0.965353 0 0.136861 0.99059 0.390987 -0.202666 0.897806 0.392726 -0.196715 0.898371 0.517188 -0.189283 0.834679 0.48969 -0.456086 0.743095 0.533018 -0.399096 0.746066 0.230011 0.089798 0.969036 0.590487 -0.142379 0.794388 0.592997 -0.129146 0.79478 0.474689 -0.366944 0.800014 0.412949 -0.285459 0.864862 0.390843 0.049995 0.919098 0.559425 -0.213825 0.800826 0.504296 -0.312126 0.805148 0.584053 -0.319871 0.746033 0.541797 -0.305378 0.783071 0.350783 -0.010919 0.936393 0.517815 -0.102592 0.849319 0.572828 -0.231934 0.786177 0.527817 -0.127077 0.839798 -0.096042 -0.95306 0.287145 -0.176866 -0.937774 0.298829 -0.136016 -0.807026 0.574637 -0.088612 -0.947852 0.306146 -0.213957 -0.790126 0.57439 -0.111256 -0.801747 0.587218 0 -0.951182 0.30863 0 -0.810829 0.585284 0 -0.574964 0.818178 -0.225454 -0.588598 0.776352 -0.10688 -0.579696 0.807793 -0.059074 -0.532423 0.844415 -0.171633 -0.404814 0.898147 -0.084216 -0.385357 0.918917 0 -0.382916 0.923783 0 -0.244299 0.9697 -0.164954 -0.248614 0.954453 -0.08297 -0.245168 0.965924 -0.194122 -0.431233 0.88111 -0.213275 -0.271954 0.938379 -0.217886 -0.233759 0.947566 -0.155802 -0.192922 0.968766 -0.065412 -0.203462 0.976895 0 -0.204167 0.978936 0 -0.208172 0.978092 -0.095755 -0.192738 0.976567 0 -0.192203 0.981355 -0.303043 -0.189932 0.933858 -0.441569 -0.13107 0.887602 -0.229031 -0.180352 0.956566 -0.114889 -0.19052 0.974937 -0.180893 -0.177524 0.967348 -0.25409 -0.164327 0.953119 -0.174497 -0.190045 0.966144 -0.332446 -0.144167 0.932038 -0.491534 -0.105746 0.864414 -0.681875 -0.03412 0.730672 -0.107167 -0.22764 0.96783 -0.177515 -0.214289 0.960504 -0.284759 -0.172572 0.942938 -0.275633 -0.207531 0.938593 -0.365855 -0.12201 0.922639 -0.393772 -0.157612 0.905595 -0.392726 -0.196715 0.89837 -0.527029 -0.072101 0.846783 -0.539089 -0.078219 0.838609 -0.556519 -0.123533 0.8216 -0.592997 -0.129146 0.79478 -0.712787 -0.010353 0.701304 -0.730404 -0.005649 0.682992 -0.748031 -0.018677 0.663401 -0.767461 -0.035422 0.640116 -0.845894 0.00647 0.533313 -0.863181 0.040106 0.5033 -0.93343 0.029469 0.357547 -0.881219 0.077532 0.466307 -0.940475 0.075858 0.331288 -0.981737 0.001367 0.190236 -0.899972 0.0677 0.43066 0 -0.230715 0.973021 -0.980257 0.057395 0.189216 -0.934499 0.130505 0.33118 -0.939017 0.122942 0.321144 -0.909474 0.039511 0.413878 -0.786509 -0.041624 0.616175 -0.973531 0.132233 0.186419 -0.968852 0.153898 0.194015 -0.952365 0.072927 0.296113 -0.913883 0.013799 0.405744 -0.99903 -0.04282 -0.010327 -0.984452 -0.161489 -0.069101 -0.996844 0.070257 0.03696 -0.98626 0.16452 0.014964 -0.778362 -0.082215 0.622409 -0.590487 -0.142379 0.794388 -0.909813 -0.053911 0.411502 -0.960945 0.035925 0.274396 -0.974131 0.138287 0.178735 -0.976246 0.214774 -0.028547 -0.957484 -0.256183 -0.132645 -0.821284 -0.492336 -0.288265 -0.997719 -0.064865 -0.018696 -0.991919 0.123746 -0.027978 -0.961484 0.264811 -0.07364 -0.757303 -0.148418 0.635975 -0.559425 -0.213825 0.800826 -0.895493 -0.100358 0.433614 -0.760229 -0.172547 0.626322 -0.572828 -0.231934 0.786177 -0.897901 -0.098465 0.429043 -0.967206 -0.06724 0.244932 -0.967611 -0.036034 0.24986 -0.98357 0.096751 0.152411 -0.992556 0.020683 0.120023 -0.979052 0.197012 -0.051414 -0.987778 0.145353 -0.056277 -0.912517 0.28629 -0.292149 -0.913436 0.363094 -0.18384 -0.844863 -0.514106 -0.147992 -0.588687 -0.76535 -0.260167 -0.960881 -0.275893 -0.024325 -0.999421 -0.03379 -0.004101 -0.984924 0.167858 -0.041805 -0.946604 0.312323 -0.07997 -0.967864 -0.051125 0.246222 -0.901159 -0.054736 0.430019 -0.99584 -0.012911 0.090197 -0.910774 0.254316 -0.325292 -0.990011 0.114483 -0.082287 -0.988743 0.100796 -0.110582 -0.996971 0.021616 0.074703 -0.969672 -0.016134 0.243876 -0.898817 0.021955 0.437773 -0.637914 -0.758997 -0.130346 -0.843413 -0.53669 -0.024871 -0.960191 -0.277558 0.031551 -0.999821 0.000203 -0.018929 -0.97787 0.193546 -0.07944 -0.724531 0.567107 -0.391719 -0.849035 0.500539 -0.169114 -0.92614 0.353131 -0.132527 -0.733646 0.429579 -0.526523 -0.91046 0.229722 -0.343933 -0.743537 0.364915 -0.560348 -0.912285 0.214438 -0.348931 -0.98256 0.132463 -0.130494 -0.997023 0.056874 0.052059 -0.965975 0.055902 0.25252 -0.887095 0.127702 0.44357 -0.648064 -0.760934 -0.031499 -0.834529 -0.548286 0.05426 -0.96096 -0.27186 0.051462 -0.969035 0.225957 -0.099575 -0.90856 0.386817 -0.157769 -0.65394 0.685928 -0.319163 -0.451795 0.694132 -0.560413 -0.811439 0.545189 -0.210562 -0.78424 0.576966 -0.228207 -0.60255 0.73366 -0.314128 -0.405233 0.807921 -0.427843 -0.749716 0.326519 -0.575597 -0.756304 0.313327 -0.574309 -0.906455 0.221713 -0.35942 -0.752165 0.310579 -0.581195 -0.97574 0.15811 -0.151436 -0.894833 0.253774 -0.367251 -0.991809 0.122194 0.037197 -0.961229 0.218015 -0.168845 -0.822757 -0.560295 0.095611 -0.963931 -0.262396 0.044558 -0.998172 0.025022 -0.055019 -0.488735 0.443497 -0.751298 -0.467857 0.526745 -0.709683 -0.515534 0.402502 -0.75645 -0.531071 0.386299 -0.754147 -0.529627 0.379108 -0.758796 -0.738865 0.3358 -0.584224 -0.874012 0.309456 -0.374621 -0.950278 0.17008 0.260855 -0.850485 0.289053 0.439458 -0.970985 0.237077 0.031339 -0.906123 0.337524 0.254986 -0.78414 0.45551 0.421469 -0.820279 0.516279 0.246169 -0.918885 0.392264 0.042182 -0.823017 0.564337 0.064553 -0.809029 0.574138 -0.125844 -0.936031 0.302663 -0.179558 -0.887604 0.428263 -0.169558 -0.843276 0.379448 -0.380664 -0.752838 0.569182 -0.330555 -0.801592 0.476661 -0.360895 -0.642825 0.61082 -0.46225 -0.679394 0.499351 -0.537655 -0.48429 0.633855 -0.603068 -0.700204 0.43338 -0.567359 -0.493301 0.535801 -0.685253 -0.301687 0.648113 -0.699238 -0.719652 0.383127 -0.579064 -0.497026 0.475899 -0.725594 -0.300452 0.547454 -0.78104 -0.143789 0.656643 -0.740368 -0.520612 0.393059 -0.757937 -0.506093 0.431291 -0.746899 -0.146927 0.557525 -0.817055 0 0.654687 -0.7559 -0.299748 0.490463 -0.818289 -0.299695 0.45083 -0.840795 -0.305355 0.420964 -0.854136 -0.308464 0.412949 -0.856927 0 0.553567 -0.832804 -0.140877 0.490929 -0.859734 -0.137593 0.45287 -0.880896 0 0.485999 -0.873959 -0.137592 0.428438 -0.893034 0 0.452508 -0.891761 -0.132651 0.416397 -0.899454 0 0.426252 -0.904605 -0.300258 0.41519 -0.858756 0.146927 0.557525 -0.817055 0.143789 0.656643 -0.740368 0.140878 0.490929 -0.859734 0.137593 0.452869 -0.880896 0.299748 0.490463 -0.818289 0.300452 0.547454 -0.78104 0.301687 0.648113 -0.699238 0.137592 0.428438 -0.893034 0.299695 0.45083 -0.840795 0.497026 0.475898 -0.725594 0.493301 0.535801 -0.685253 0.48429 0.633855 -0.603068 -0.120256 0.412387 -0.903037 -0.273946 0.422775 -0.863837 0 0.410221 -0.911986 0.132651 0.416397 -0.899454 0.305355 0.420964 -0.854136 0.506093 0.431291 -0.746899 0.679394 0.499351 -0.537655 0.642825 0.61082 -0.46225 0.700204 0.43338 -0.567359 0.719651 0.383127 -0.579064 0.520612 0.393059 -0.757937 0.308464 0.412949 -0.856927 -0.24664 0.472528 -0.8461 -0.103114 0.420415 -0.901453 0 0.405084 -0.914279 0.120256 0.412387 -0.903037 0.300258 0.41519 -0.858756 0.801592 0.476661 -0.360895 0.752838 0.569182 -0.330555 0.843276 0.379448 -0.380664 0.887604 0.428263 -0.169558 0.809029 0.574138 -0.125844 0.874012 0.309456 -0.374621 0.936031 0.302663 -0.179558 0.918885 0.392264 0.042182 0.823017 0.564337 0.064553 0.820279 0.516279 0.246169 0.738864 0.3358 -0.584224 0.529627 0.379108 -0.758796 0.531071 0.386299 -0.754146 -0.238344 0.580407 -0.778666 -0.091201 0.483271 -0.870707 0 0.414421 -0.910085 0.103114 0.420415 -0.901453 0.273946 0.422775 -0.863837 0.515534 0.402502 -0.75645 0.961229 0.218014 -0.168845 0.894833 0.253773 -0.367251 0.752165 0.310579 -0.581195 0.756304 0.313327 -0.574309 0.749716 0.326519 -0.575597 0.970985 0.237077 0.031339 0.906123 0.337524 0.254986 0.78414 0.45551 0.421469 0.850485 0.289053 0.439458 0.950278 0.17008 0.260855 0.887095 0.127701 0.44357 0.991809 0.122194 0.037196 0.965975 0.055901 0.25252 0.898817 0.021955 0.437773 0.97574 0.15811 -0.151436 0.997023 0.056874 0.052059 0.969672 -0.016134 0.243876 0.901159 -0.054736 0.430018 0.906455 0.221712 -0.35942 0.98256 0.132463 -0.130494 0.912285 0.214438 -0.348931 0.91046 0.229722 -0.343933 0.743537 0.364915 -0.560348 0.488735 0.443497 -0.751298 0.996971 0.021616 0.074703 0.988743 0.100796 -0.110582 0.990011 0.114483 -0.082287 0.910774 0.254316 -0.325292 0.733646 0.429579 -0.526523 0.967864 -0.051125 0.246222 0.99584 -0.012911 0.090197 0.992556 0.020683 0.120023 0.967206 -0.06724 0.244932 0.897901 -0.098465 0.429042 0.987778 0.145353 -0.056277 0.912517 0.28629 -0.292149 0.24664 0.472528 -0.8461 0.467857 0.526745 -0.709683 0.967611 -0.036034 0.24986 0.98357 0.096751 0.152411 0.979052 0.197012 -0.051414 0.724531 0.567107 -0.391719 0.451795 0.694132 -0.560413 0.238344 0.580407 -0.778666 0.091201 0.483271 -0.870707 0.895493 -0.100358 0.433614 0.760229 -0.172547 0.626322 0.909813 -0.053911 0.411502 0.960945 0.035925 0.274396 0.974131 0.138287 0.178735 0.976246 0.214774 -0.028547 0.913436 0.363094 -0.18384 0.231338 0.746852 -0.623454 0.092218 0.599152 -0.795307 0 0.489257 -0.872139 0.757303 -0.148418 0.635975 0.778362 -0.082215 0.622409 0.952365 0.072927 0.296113 0.968852 0.153898 0.194015 0.913883 0.013799 0.405744 0.786509 -0.041624 0.616175 0.909474 0.039511 0.413879 0.939017 0.122942 0.321144 0.849035 0.500539 -0.169114 0.65394 0.685928 -0.319163 0.405233 0.807921 -0.427843 0.087759 0.762692 -0.64078 0.213259 0.861345 -0.461091 0 0.607108 -0.794619 -0.092218 0.599152 -0.795307 0.559425 -0.213825 0.800826 0.590487 -0.142379 0.794388 0.592997 -0.129146 0.79478 0.767461 -0.035422 0.640116 0.899971 0.0677 0.43066 0.572828 -0.231934 0.786177 0.811439 0.545189 -0.210562 0.60255 0.73366 -0.314128 0.378082 0.844234 -0.379899 0.079163 0.878449 -0.471233 0.205034 0.893473 -0.399584 0 0.763103 -0.646276 -0.087759 0.762692 -0.64078 -0.231338 0.746852 -0.623454 -0.213259 0.861345 -0.461091 -0.079163 0.878449 -0.471233 0 0.88115 -0.472836 0.079081 0.913693 -0.398638 0.556519 -0.123533 0.8216 0.392726 -0.196715 0.898371 0.748031 -0.018677 0.663401 0.92614 0.353131 -0.132527 0.78424 0.576966 -0.228207 0.558203 0.767697 -0.314723 0.352907 0.862632 -0.362385 0.201956 0.905449 -0.373331 -0.378082 0.844234 -0.379899 -0.205034 0.893473 -0.399584 -0.079405 0.914076 -0.397694 0.000339 0.921084 -0.389364 0.0928 0.928287 -0.3601 0.393772 -0.157612 0.905595 0.275633 -0.207531 0.938593 0.539089 -0.078219 0.838609 0.90856 0.386817 -0.157769 0.734356 0.619654 -0.277037 0.52141 0.781753 -0.342043 0.340122 0.87159 -0.353055 0.486519 0.780985 -0.391615 0.206225 0.913119 -0.351687 0.330793 0.867545 -0.371404 -0.558203 0.767697 -0.314723 -0.352907 0.862632 -0.362385 -0.202752 0.905385 -0.373053 -0.092716 0.92827 -0.360164 0.000916 0.938748 -0.344604 0.108944 0.935679 -0.335612 0.209537 0.911265 -0.354529 0.284759 -0.172572 0.942938 0.177515 -0.214289 0.960504 0.365855 -0.12201 0.922639 0.876801 0.422182 -0.230178 0.675849 0.617301 -0.4027 0.460909 0.746043 -0.480607 -0.734356 0.619655 -0.277037 -0.52141 0.781753 -0.342043 -0.340122 0.87159 -0.353055 -0.486518 0.780985 -0.391615 -0.206524 0.912934 -0.351993 -0.330793 0.867545 -0.371404 -0.108534 0.935338 -0.336695 -0.209537 0.911265 -0.354529 0 0.948091 -0.317998 -0.125429 0.9372 -0.32546 0.125429 0.9372 -0.32546 0 0.94874 -0.316058 0.14119 0.925175 -0.352302 0.222355 0.893708 -0.389672 0.329137 0.84662 -0.418214 -0.14119 0.925175 -0.352302 0 0.941552 -0.336866 0 0.938097 -0.346373 0.1719 0.916735 -0.360621 0.252114 0.875742 -0.411722 0.338009 0.798011 -0.498928 -0.222355 0.893708 -0.389672 -0.1719 0.916735 -0.360621 0 0.936315 -0.35116 0.204347 0.900762 -0.383235 0.311322 0.83273 -0.457863 -0.460909 0.746043 -0.480607 -0.329137 0.84662 -0.418214 -0.252114 0.875742 -0.411722 -0.338009 0.798011 -0.498928 -0.204347 0.900762 -0.383235 -0.311322 0.83273 -0.457863 0 0.960397 -0.278636 -0.272541 0.917934 -0.288302 -0.448385 0.842079 -0.299755 -0.394428 0.703577 -0.591106 -0.650749 0.650793 -0.391145 -0.717547 0.414574 -0.559692 -0.450608 0.655614 -0.605906 -0.444381 0.51267 -0.73464 0.272541 0.917934 -0.288302 0.448385 0.842079 -0.299755 0.394428 0.703577 -0.591106 0.650749 0.650793 -0.391145 0.717547 0.414574 -0.559692 -0.675849 0.617301 -0.4027 -0.590848 0.578994 -0.561841 -0.504919 0.51082 -0.695787 0.450608 0.655614 -0.605906 0.444381 0.51267 -0.73464 -0.876801 0.422182 -0.230178 -0.812667 0.417813 -0.406207 -0.94962 0.242232 -0.19886 -0.686918 0.439577 -0.578719 -0.871826 0.288434 -0.395886 -0.356691 0.344798 -0.868266 -0.61335 0.145055 -0.776377 -0.414974 -0.007111 -0.909805 -0.443867 0.3884 -0.807544 -0.5346 0.405506 -0.741463 -0.749687 0.30984 -0.58478 -0.915559 0.122714 -0.383005 -0.986488 0.030661 -0.160939 -0.974871 -0.221111 0.027148 -0.797772 0.169095 -0.578763 -0.570512 0.292642 -0.767383 -0.619113 0.17415 -0.765749 -0.431979 0.297051 -0.85156 -0.414615 0.21764 -0.883588 -0.405025 0.05579 -0.912602 -0.364703 0.256863 -0.894993 -0.32797 0.177499 -0.927863 -0.276603 0.015576 -0.960858 -0.202342 -0.257316 -0.944905 -0.231974 0.219259 -0.947689 -0.229435 0.149171 -0.961825 -0.197472 0.062551 -0.978311 -0.173815 -0.096237 -0.980065 -0.230941 -0.124559 -0.964962 -0.141301 0.152489 -0.978152 0 -0.155878 -0.987776 -0.140323 0.096928 -0.98535 0 0.140899 -0.990024 -0.122427 -0.006445 -0.992456 0 0.063895 -0.997957 -0.16517 -0.34371 -0.924436 -0.115972 -0.582893 -0.80423 -0.095381 -0.153242 -0.983575 0 -0.04008 -0.999196 0.141301 0.152489 -0.978152 0.230941 -0.124559 -0.964962 0.140323 0.096928 -0.98535 0.122427 -0.006445 -0.992457 -0.165159 -0.634557 -0.755023 -0.05625 -0.827253 -0.559007 -0.064915 -0.374415 -0.924986 0 -0.189284 -0.981922 0.095381 -0.153242 -0.983575 0.231974 0.219259 -0.947689 0.414974 -0.007111 -0.909805 0.229435 0.149171 -0.961825 0.197472 0.062551 -0.978311 0.173815 -0.096237 -0.980065 -0.164275 -0.827829 -0.53639 -0.063955 -0.627569 -0.775929 0 -0.383984 -0.92334 0.064915 -0.374415 -0.924986 0.16517 -0.34371 -0.924436 0.356691 0.344798 -0.868266 0.61335 0.145055 -0.776377 0.364703 0.256863 -0.894993 0.443867 0.3884 -0.807544 0.32797 0.177499 -0.927863 0.431979 0.297051 -0.85156 0.276603 0.015576 -0.960858 0.414615 0.21764 -0.883588 0.202342 -0.257316 -0.944905 0.115973 -0.582894 -0.80423 0.16516 -0.634557 -0.755023 0.05625 -0.827253 -0.559007 0.063955 -0.627569 -0.775929 0.164275 -0.827829 -0.536389 0 -0.618995 -0.785395 0.077084 -0.823491 -0.562068 -0.077084 -0.823491 -0.562068 0 -0.820192 -0.572089 -0.083972 -0.934509 -0.345893 0.083972 -0.934509 -0.345893 0 -0.938481 -0.34533 0.175405 -0.929288 -0.325048 0.091094 -0.983202 -0.158164 0 -0.987395 -0.158278 -0.091094 -0.983202 -0.158164 -0.175404 -0.929288 -0.325048 -0.194073 -0.969478 -0.149828 -0.106515 -0.949995 -0.293539 -0.12346 -0.98399 -0.128532 0.194074 -0.969478 -0.149828 0.106517 -0.949995 -0.293538 0.123461 -0.98399 -0.128532 0.405025 0.05579 -0.912602 0.619113 0.17415 -0.765749 0.570512 0.292642 -0.767383 0.797772 0.169095 -0.578763 0.5346 0.405506 -0.741463 0.749687 0.30984 -0.58478 0.915559 0.122714 -0.383005 0.504919 0.51082 -0.695787 0.686918 0.439577 -0.578719 0.590848 0.578994 -0.561841 0.812667 0.417813 -0.406207 0.871826 0.288434 -0.395886 0.94962 0.242233 -0.19886 0.986488 0.030661 -0.160939 0.969035 0.225957 -0.099575 0.998172 0.025022 -0.055019 0.974871 -0.221111 0.027148 0.97787 0.193546 -0.07944 0.999821 0.000203 -0.018929 0.963931 -0.262397 0.044557 0.946604 0.312323 -0.07997 0.984924 0.167858 -0.041805 0.961484 0.264811 -0.07364 0.999421 -0.03379 -0.004101 0.991919 0.123746 -0.027978 0.98626 0.16452 0.014964 0.96096 -0.27186 0.051462 0.960191 -0.277558 0.031551 0.997719 -0.064865 -0.018696 0.960881 -0.275893 -0.024325 0.996844 0.070257 0.03696 0.973531 0.132234 0.186419 0.809625 -0.572207 0.13072 0.791645 -0.572853 0.212458 0.822756 -0.560295 0.095611 0.834529 -0.548286 0.05426 0.843413 -0.53669 -0.024871 0.957484 -0.256183 -0.132645 0.844863 -0.514106 -0.147992 0.99903 -0.04282 -0.010327 0.980257 0.057395 0.189216 0.934499 0.130505 0.33118 0.589175 -0.793207 0.153935 0.542886 -0.795289 0.269797 0.611097 -0.786241 0.09157 0.631805 -0.77356 0.049276 0.648064 -0.760934 -0.031499 0.637914 -0.758997 -0.130346 0.399305 -0.916544 -0.0224 0.411306 -0.910258 0.047512 0.395673 -0.912663 0.102414 0.160827 -0.985942 0.045314 0.391557 -0.90522 0.165108 0.151245 -0.98276 0.106338 0.345749 -0.90134 0.260853 0.152514 -0.974465 0.164798 0.098813 -0.970633 0.219335 0.821284 -0.492336 -0.288265 0.588687 -0.76535 -0.260168 0.984452 -0.161489 -0.069101 0.981737 0.001367 0.190236 0.940475 0.075858 0.331288 0.93343 0.029469 0.357547 0.881219 0.077532 0.466307 0.863181 0.040106 0.5033 0.845894 0.00647 0.533312 0.730404 -0.005649 0.682992 0.712787 -0.010354 0.701304 0.527029 -0.072101 0.846784 0.681875 -0.03412 0.730672 0.491534 -0.105746 0.864414 0.441569 -0.13107 0.887602 0.332446 -0.144167 0.932038 0.303044 -0.189932 0.933858 0.213275 -0.271954 0.938379 0.25409 -0.164327 0.953119 0.229031 -0.180352 0.956566 0.217886 -0.23376 0.947566 0.155802 -0.192922 0.968766 0.174497 -0.190045 0.966144 0.180893 -0.177524 0.967348 0.114889 -0.19052 0.974937 0.095755 -0.192738 0.976567 0.107167 -0.22764 0.96783 0 -0.192203 0.981355 0 -0.208172 0.978092 0.065413 -0.203462 0.976895 0 -0.204167 0.978936 0 -0.244299 0.9697 0.08297 -0.245168 0.965924 0.164953 -0.248614 0.954453 0.084216 -0.385357 0.918917 0.171633 -0.404814 0.898147 0.194122 -0.431233 0.88111 0.059074 -0.532423 0.844414 0 -0.382916 0.923783 0 -0.574964 0.818178 0.10688 -0.579696 0.807793 0.225454 -0.588598 0.776352 0.111256 -0.801747 0.587218 0 -0.810829 0.585284 0 -0.951182 0.30863 0.088612 -0.947851 0.306146 0.213957 -0.790126 0.57439 0.176866 -0.937774 0.298829 0.136016 -0.807027 0.574637 0.096041 -0.95306 0.287145 0 -0.230715 0.973021 -0.36222 -0.926509 -0.101869 -0.295516 -0.940775 -0.166173 -0.129668 -0.98774 -0.086926 -0.08805 -0.989767 -0.112284 -0.399305 -0.916544 -0.0224 -0.153311 -0.988131 -0.009644 -0.10095 -0.990774 -0.090419 -0.105902 -0.994286 -0.013397 -0.160827 -0.985942 0.045314 -0.100872 -0.993921 0.044111 -0.631805 -0.77356 0.049276 -0.411306 -0.910258 0.047513 -0.611097 -0.786241 0.09157 -0.395673 -0.912663 0.102415 -0.151245 -0.98276 0.106338 -0.112868 -0.993507 -0.014272 -0.108449 -0.993028 0.046194 -0.10544 -0.987815 0.11447 -0.809625 -0.572206 0.13072 -0.791645 -0.572853 0.212459 -0.589175 -0.793207 0.153935 -0.542886 -0.795289 0.269797 -0.391557 -0.90522 0.165108 -0.345749 -0.90134 0.260854 -0.152514 -0.974465 0.164798 -0.098813 -0.970633 0.219336 -0.098503 -0.981238 0.165736 -0.110342 -0.987542 0.112187 0 -0.998948 0.04585 0 -0.999885 -0.015157 -0.099866 -0.991902 -0.078463 0 -0.997621 -0.06894 0 -0.993334 0.115272 -0.107981 -0.980388 0.164859 0 -0.984303 0.176485 -0.115454 -0.978305 0.172016 -0.116305 -0.977449 0.176257 0 -0.982904 0.184121 0.006459 -0.993154 0.116636 -0.130979 -0.987046 0.092655 -0.107408 -0.993628 -0.03415 -0.113032 -0.988001 0.105253 -0.172283 -0.984538 -0.031671 -0.12346 -0.98399 -0.128532 -0.194073 -0.969478 -0.149828 -0.102571 -0.994586 -0.016659 -0.091094 -0.983202 -0.158164 0 -0.994592 0.103857 0 -0.999808 -0.019611 0 -0.987395 -0.158278 -0.101421 -0.991094 -0.086292 -0.049703 -0.997962 -0.040014 -0.072685 -0.992634 -0.096924 -0.178718 -0.983898 -0.002324 -0.068641 -0.990964 0.115232 0 -0.994459 -0.105121 -0.105197 -0.994236 -0.020704 0 -0.999591 -0.028591 -0.171094 -0.97609 0.134068 -0.087277 -0.987016 0.134842 0 -0.990745 0.135736 -0.096042 -0.95306 0.287145 -0.176866 -0.937774 0.298829 -0.088612 -0.947852 0.306146 0 -0.951182 0.30863 0.36222 -0.926509 -0.101869 0.295516 -0.940775 -0.166174 0.153311 -0.988131 -0.009644 0.129668 -0.98774 -0.086927 0.08805 -0.989767 -0.112284 0.100872 -0.993921 0.044111 0.105902 -0.994286 -0.013397 0.10095 -0.990774 -0.090419 0.10544 -0.987815 0.11447 0.108449 -0.993028 0.046194 0.112868 -0.993507 -0.014272 0.098503 -0.981238 0.165736 0.110342 -0.987542 0.112187 0 -0.998948 0.04585 0 -0.999885 -0.015157 0.099866 -0.991902 -0.078463 0 -0.997621 -0.06894 0.101421 -0.991094 -0.086291 0.072686 -0.992634 -0.096923 0 -0.994459 -0.105121 0.049698 -0.997962 -0.040014 0.178717 -0.983898 -0.002325 0.06864 -0.990964 0.115231 0.105201 -0.994235 -0.020705 0.171095 -0.97609 0.134067 0.096041 -0.95306 0.287145 0.176866 -0.937774 0.298829 0.087277 -0.987016 0.134842 0.088612 -0.947851 0.306146 0 -0.999591 -0.028591 0 -0.990745 0.135736 0 -0.951182 0.30863 0 -0.993334 0.115272 0.107981 -0.980388 0.164859 0 -0.984303 0.176485 0.115454 -0.978305 0.172016 0.116305 -0.977449 0.176257 0 -0.982904 0.184121 -0.006459 -0.993154 0.116636 0.130979 -0.987046 0.092655 0.107409 -0.993628 -0.03415 0.113032 -0.988001 0.105253 0.172283 -0.984538 -0.031671 0.123461 -0.98399 -0.128532 0.194074 -0.969478 -0.149828 0.102571 -0.994586 -0.016659 0.091094 -0.983202 -0.158164 0 -0.994592 0.103857 0 -0.999808 -0.019611 0 -0.987395 -0.158278 0 0.654687 -0.7559 -0.143789 0.656643 -0.740368 0 0.802426 -0.596752 -0.151712 0.803091 -0.576218 -0.301687 0.648113 -0.699238 0 0.937392 -0.348275 -0.306203 0.786314 -0.53661 -0.48429 0.633855 -0.603068 -0.155144 0.930023 -0.333148 0 0.991015 -0.133753 -0.479803 0.738317 -0.474001 -0.642825 0.61082 -0.46225 -0.298119 0.900991 -0.315184 -0.155615 0.979271 -0.12966 0 0.99895 0.045815 -0.60483 0.682858 -0.409739 -0.752838 0.569182 -0.330555 -0.481027 0.822448 -0.303632 -0.657597 0.694279 -0.292478 -0.809029 0.574138 -0.125844 -0.307931 0.945425 -0.10654 -0.507727 0.858666 -0.070044 -0.682341 0.728691 -0.058483 -0.823017 0.564337 0.064553 -0.698128 0.712655 0.068854 -0.820279 0.516279 0.246169 -0.536143 0.841878 0.061575 -0.700959 0.673081 0.235836 -0.342588 0.938147 0.05013 -0.539366 0.801304 0.258837 -0.675731 0.62544 0.390144 -0.78414 0.45551 0.421469 -0.158119 0.986449 0.043771 -0.352129 0.894393 0.2758 -0.172665 0.947122 0.270457 0 0.962574 0.271018 -0.533701 0.730444 0.426162 -0.407596 0.805631 0.429913 -0.662669 0.560975 0.496162 -0.553751 0.635667 0.537853 -0.750342 0.403117 0.523912 -0.644478 0.4424 0.623643 -0.491892 0.459243 0.739688 -0.474946 0.675773 0.563699 -0.261783 0.856285 0.445249 -0.307368 0.702191 0.642224 -0.310732 0.465331 0.828802 -0.144361 0.722493 0.676138 -0.114236 0.926422 0.358737 -0.128734 0.887 0.443462 0 0.888945 0.458013 0 0.730182 0.683252 0 0.498466 0.866909 -0.162473 0.483625 0.860063 0 0.235002 0.971995 -0.185448 0.228892 0.955624 0 0.047696 0.998862 -0.322367 0.217855 0.921205 -0.180768 0.052804 0.982107 -0.314486 0.054704 0.947684 -0.302288 -0.039216 0.952409 0 -0.033105 0.999452 -0.151247 -0.03808 0.987762 -0.303231 -0.051405 0.951529 -0.169059 -0.011097 0.985544 -0.350783 -0.010919 0.936393 -0.230011 0.089798 0.969036 0 0.136861 0.99059 0 0.016061 0.999871 0 0.654687 -0.7559 0 0.802426 -0.596752 0.143789 0.656643 -0.740368 0.151712 0.803091 -0.576218 0 0.937392 -0.348275 0.301687 0.648113 -0.699238 0.155144 0.930023 -0.333148 0 0.991015 -0.133753 0.306203 0.786314 -0.53661 0.48429 0.633855 -0.603068 0.155615 0.979271 -0.12966 0 0.99895 0.045815 0.298119 0.900991 -0.315184 0.479803 0.738317 -0.474001 0.642825 0.61082 -0.46225 0.307931 0.945425 -0.10654 0.481027 0.822448 -0.303632 0.60483 0.682858 -0.409739 0.752838 0.569182 -0.330555 0.657597 0.694279 -0.292478 0.809029 0.574138 -0.125844 0.507727 0.858666 -0.070044 0.682341 0.728691 -0.058483 0.823017 0.564337 0.064553 0.698128 0.712655 0.068854 0.820279 0.516279 0.246169 0.536143 0.841878 0.061575 0.700959 0.673081 0.235836 0.342588 0.938147 0.05013 0.539366 0.801304 0.258837 0.675731 0.62544 0.390144 0.78414 0.45551 0.421469 0.158119 0.986449 0.043771 0.352129 0.894393 0.2758 0.172665 0.947122 0.270457 0 0.962574 0.271018 0.533701 0.730444 0.426162 0.407596 0.805631 0.429913 0.662669 0.560975 0.496162 0.553751 0.635668 0.537853 0.750342 0.403116 0.523912 0.644478 0.4424 0.623643 0.491892 0.459243 0.739688 0.474946 0.675773 0.563699 0.261783 0.856285 0.445249 0.307368 0.702192 0.642224 0.310732 0.465331 0.828802 0.144361 0.722493 0.676138 0.114236 0.926422 0.358737 0.128734 0.887 0.443462 0 0.888945 0.458013 0 0.730182 0.683252 0 0.498466 0.866909 0.162473 0.483625 0.860064 0 0.235002 0.971995 0.185448 0.228892 0.955624 0 0.047696 0.998862 0.322367 0.217855 0.921205 0.180768 0.052804 0.982107 0.314485 0.054704 0.947685 0.302288 -0.039217 0.952409 0 -0.033105 0.999452 0.151247 -0.03808 0.987762 0.303231 -0.051405 0.951529 0.169059 -0.011097 0.985544 0.350783 -0.010919 0.936393 0.230011 0.089798 0.969036 0 0.136861 0.99059 0 0.016061 0.999871 0.454268 -0.886571 -0.087366 0.360992 -0.911794 -0.195748 0.63937 -0.759053 -0.12266 0.485924 -0.832627 -0.265725 0.175389 -0.934257 -0.310488 0.689506 -0.712849 -0.128173 0.233394 -0.873196 -0.427851 -0.004404 -0.933514 -0.358515 0.547792 -0.770785 -0.325292 0.727299 -0.673663 -0.131205 -0.005864 -0.900621 -0.434566 -0.228902 -0.927974 -0.294054 0.285748 -0.828162 -0.482179 0.558794 -0.760293 -0.331216 0.705566 -0.697808 -0.12345 -0.34182 -0.877124 -0.337361 -0.013453 -0.851564 -0.524078 0.285732 -0.819964 -0.496 0.549469 -0.772215 -0.31901 0.388589 -0.9214 0.00449 -0.418831 -0.799758 -0.430079 -0.054792 -0.812659 -0.580158 0.286477 -0.786394 -0.54728 0.327905 -0.916521 -0.229059 -0.068641 -0.990964 0.115232 -0.049703 -0.997962 -0.040014 0.105919 -0.923855 -0.367794 -0.08805 -0.989767 -0.112284 -0.036843 -0.778267 -0.626852 -0.158334 -0.89258 -0.422175 -0.295516 -0.940775 -0.166173 -0.439588 -0.760947 -0.477201 -0.442367 -0.707686 -0.5509 -0.509294 -0.737364 -0.443749 -0.588687 -0.76535 -0.260167 -0.821284 -0.492336 -0.288265 -0.720057 -0.671992 -0.173046 -0.767424 -0.605384 -0.211118 -0.794576 -0.534875 -0.287328 -0.804478 -0.492886 -0.331479 -0.984452 -0.161489 -0.069101 -0.975765 -0.21871 -0.006977 -0.981737 0.001367 0.190236 -0.949175 -0.311067 0.048011 -0.966221 -0.074775 0.24663 -0.93343 0.029469 0.357547 -0.910386 -0.401835 0.098617 -0.944119 -0.162597 0.286709 -0.918186 -0.042191 0.393896 -0.845894 0.00647 0.533313 -0.633045 -0.760293 -0.145631 -0.485257 -0.860733 -0.15383 -0.856723 -0.510764 0.071731 -0.791851 -0.608327 0.053952 -0.584563 -0.811219 -0.014516 -0.917532 -0.248885 0.310148 -0.889956 -0.346319 0.296718 -0.861643 -0.438262 0.255926 -0.661228 -0.737165 0.139157 -0.891297 -0.127267 0.435193 -0.86716 -0.18055 0.464149 -0.845647 -0.235727 0.478868 -0.826807 -0.280176 0.487742 -0.827688 -0.050113 0.558947 -0.802932 -0.127348 0.582308 -0.781284 -0.164149 0.602205 -0.7298 -0.195244 0.655188 -0.681875 -0.03412 0.730672 -0.65495 -0.088614 0.750459 -0.441569 -0.13107 0.887602 -0.629637 -0.150553 0.762162 -0.395956 -0.167489 0.902866 -0.213275 -0.271954 0.938379 -0.582773 -0.192656 0.789468 -0.363226 -0.210913 0.907515 -0.05365 -0.275661 0.959757 -0.059074 -0.532423 0.844415 -0.804395 -0.26923 0.529588 -0.702679 -0.672005 0.233778 -0.824718 -0.114972 0.553734 -0.678557 -0.210127 0.703851 -0.646802 -0.213863 0.732058 -0.765745 0.005102 0.643124 -0.52216 -0.205723 0.827664 -0.487311 -0.176484 0.855208 -0.49053 -0.139602 0.860169 -0.565684 0.19015 0.802399 -0.324166 -0.242413 0.914414 -0.277617 -0.231126 0.932475 -0.200547 -0.237264 0.950519 -0.149831 -0.214723 0.965114 -0.108691 0.256922 0.960301 -0.034688 -0.311148 0.949728 -0.008555 -0.326305 0.945226 0.038571 -0.320952 0.94631 0.112651 -0.332492 0.936354 0.148753 -0.307667 0.939794 0.348959 0.090476 0.93276 0.340371 -0.445737 0.827929 0.350562 -0.453011 0.819687 0.338679 -0.71592 0.610537 -0.136016 -0.807026 0.574637 -0.096042 -0.95306 0.287145 0.373767 -0.453597 0.809042 0.627973 -0.585589 0.512578 0.4131 -0.879102 0.237757 -0.068641 -0.990964 0.115232 0.388589 -0.9214 0.00449 0.720982 -0.677668 0.144743 0.705566 -0.697808 -0.12345 0.631323 -0.590385 0.502868 0.753803 -0.633628 0.174062 0.727299 -0.673663 -0.131205 0.401392 -0.461164 0.791335 0.640079 -0.576336 0.50807 0.43326 -0.46777 0.770375 0.456749 -0.449052 0.76794 0.63619 -0.553521 0.537472 0.749881 -0.633404 0.190994 0.689506 -0.712849 -0.128173 0.63937 -0.759053 -0.12266 0.716847 -0.662741 0.216578 0.454268 -0.886571 -0.087366 0.543471 -0.829889 0.126188 0.664932 -0.488217 0.565251 0.681508 -0.699665 0.214513 0.784354 -0.269458 0.558731 0.69205 -0.175807 0.700113 -0.454268 -0.886571 -0.087366 -0.63937 -0.759052 -0.122659 -0.360992 -0.911794 -0.195747 -0.485923 -0.832628 -0.265725 -0.689507 -0.712848 -0.12817 -0.175389 -0.934257 -0.310488 -0.547792 -0.770785 -0.325292 -0.727298 -0.673663 -0.131205 -0.233394 -0.873196 -0.42785 0.004402 -0.933514 -0.358514 -0.558794 -0.760293 -0.331216 -0.705566 -0.697808 -0.12345 -0.285747 -0.828162 -0.482179 0.005863 -0.900621 -0.434566 0.2289 -0.927975 -0.294054 -0.549468 -0.772215 -0.319012 -0.388589 -0.9214 0.00449 -0.285731 -0.819962 -0.496004 0.013453 -0.851563 -0.524079 0.34182 -0.877124 -0.337361 -0.327904 -0.916521 -0.229059 0.06864 -0.990964 0.115231 0.049698 -0.997962 -0.040014 -0.286476 -0.786395 -0.54728 -0.105918 -0.923856 -0.367792 0.08805 -0.989767 -0.112284 0.054791 -0.812659 -0.580158 0.036842 -0.778269 -0.62685 0.158334 -0.89258 -0.422175 0.295516 -0.940775 -0.166174 0.418829 -0.799758 -0.43008 0.439586 -0.760949 -0.477201 0.720057 -0.671992 -0.173046 0.633045 -0.760293 -0.145631 0.485257 -0.860733 -0.153829 0.442367 -0.707687 -0.5509 0.767424 -0.605384 -0.211118 0.509294 -0.737364 -0.443749 0.794576 -0.534875 -0.287328 0.588687 -0.76535 -0.260168 0.821284 -0.492336 -0.288265 0.804479 -0.492885 -0.331478 0.984452 -0.161489 -0.069101 0.975765 -0.218709 -0.006976 0.981737 0.001367 0.190236 0.949175 -0.311066 0.04801 0.966221 -0.074775 0.24663 0.93343 0.029469 0.357547 0.910386 -0.401835 0.098618 0.944119 -0.162597 0.286709 0.918186 -0.042191 0.393896 0.845894 0.00647 0.533312 0.856723 -0.510764 0.071731 0.917532 -0.248885 0.310147 0.891297 -0.127267 0.435193 0.827688 -0.050113 0.558947 0.681875 -0.03412 0.730672 0.791851 -0.608327 0.053952 0.889956 -0.346319 0.296718 0.86716 -0.18055 0.46415 0.802932 -0.127348 0.582308 0.65495 -0.088614 0.750459 0.441569 -0.13107 0.887602 0.584562 -0.811219 -0.014516 0.861643 -0.438262 0.255926 0.661228 -0.737165 0.139157 0.845647 -0.235726 0.478867 0.826806 -0.280176 0.487743 0.781284 -0.164149 0.602204 0.7298 -0.195244 0.655188 0.629637 -0.150553 0.762162 0.582774 -0.192656 0.789467 0.395956 -0.167489 0.902866 0.363226 -0.210913 0.907515 0.213275 -0.271954 0.938379 0.05365 -0.275661 0.959757 0.059074 -0.532423 0.844414 0.804395 -0.269229 0.529589 0.702679 -0.672005 0.233778 0.824718 -0.114972 0.553734 0.678557 -0.210127 0.703851 0.646804 -0.213862 0.732058 0.765745 0.005102 0.643124 0.52216 -0.205724 0.827664 0.487311 -0.176485 0.855208 0.49053 -0.139602 0.86017 0.565686 0.190153 0.802397 0.324166 -0.242414 0.914414 0.277617 -0.231126 0.932475 0.200547 -0.237263 0.950519 0.149832 -0.214721 0.965114 0.10869 0.256923 0.960301 0.034688 -0.311148 0.949728 0.008555 -0.326305 0.945226 -0.038572 -0.320952 0.94631 -0.112651 -0.332491 0.936354 -0.148753 -0.307667 0.939794 -0.34896 0.090476 0.93276 -0.340371 -0.445738 0.827928 -0.350562 -0.453012 0.819687 -0.338679 -0.71592 0.610536 0.136016 -0.807027 0.574637 0.096041 -0.95306 0.287145 -0.373766 -0.453597 0.809041 -0.627972 -0.585589 0.512578 -0.413099 -0.879102 0.237757 0.06864 -0.990964 0.115231 -0.388589 -0.9214 0.00449 -0.720982 -0.677668 0.144743 -0.705566 -0.697808 -0.12345 -0.631323 -0.590384 0.50287 -0.753801 -0.633629 0.174062 -0.727298 -0.673663 -0.131205 -0.401393 -0.461163 0.791336 -0.640079 -0.576337 0.508069 -0.43326 -0.46777 0.770375 -0.456749 -0.449053 0.76794 -0.636191 -0.553521 0.537471 -0.74988 -0.633404 0.190994 -0.689507 -0.712848 -0.12817 -0.63937 -0.759052 -0.122659 -0.716848 -0.662739 0.216577 -0.454268 -0.886571 -0.087366 -0.543471 -0.829889 0.126187 -0.664932 -0.488218 0.565251 -0.681508 -0.699665 0.214513 -0.784354 -0.269459 0.558732 -0.69205 -0.175808 0.700113 0.702679 -0.672005 0.233778 0.824718 -0.114972 0.553734 0.73869 -0.605966 0.295198 0.882779 0.098346 0.459379 0.765745 0.005102 0.643124 0.728038 -0.536748 0.426454 0.79193 0.282369 0.5414 0.565686 0.190153 0.802397 0.795176 0.166563 0.583054 0.52633 0.533057 0.66244 0.10869 0.256923 0.960301 0.727184 0.263823 0.63372 0.510159 0.468718 0.721139 0.029915 0.683991 0.728877 0.602714 0.330627 0.726238 -0.009236 0.609005 0.793113 0.589074 -0.46168 0.663206 0.013186 0.472381 0.881296 0.008191 -0.375784 0.926671 -0.583611 -0.470265 0.662003 -0.591653 0.297576 0.749263 -0.686013 -0.605211 0.403862 -0.407908 0.499271 0.764421 -0.420815 0.526748 0.738547 -0.675167 0.25303 0.692911 -0.794261 0.016253 0.60736 -0.746033 0.226692 0.626135 -0.885781 -0.038934 0.462467 -0.702879 -0.6565 0.273803 -0.34896 0.090476 0.93276 -0.69205 -0.175808 0.700113 -0.784354 -0.269459 0.558732 -0.681508 -0.699665 0.214513 0.702679 -0.672005 0.233778 0.73869 -0.605966 0.295198 0.156393 -0.987311 0.027539 0.149358 -0.987732 0.045584 0.728038 -0.536748 0.426454 0.000157 -0.999999 0.001323 0.171872 -0.981206 0.087714 -0.001269 -0.999997 0.001907 0.171035 -0.978191 0.117855 0.589074 -0.46168 0.663206 -0.003044 -0.999686 0.024867 -0.013654 -0.991712 0.127756 0.008191 -0.375784 0.926671 -0.583611 -0.470265 0.662003 -0.156119 -0.983231 0.094251 -0.686013 -0.605211 0.403862 -0.156369 -0.983889 0.086667 -0.14414 -0.988756 0.039825 -0.702879 -0.6565 0.273803 -0.134031 -0.990742 0.021576 -0.681508 -0.699665 0.214513 -0.702679 -0.672005 0.233778 -0.73869 -0.605966 0.295198 -0.824718 -0.114972 0.553734 -0.882779 0.098346 0.459379 -0.728038 -0.536748 0.426454 -0.765745 0.005102 0.643124 -0.795176 0.166563 0.583054 -0.79193 0.282369 0.5414 -0.565684 0.19015 0.802399 -0.727184 0.263824 0.63372 -0.52633 0.533057 0.66244 -0.510159 0.468719 0.721138 -0.602713 0.330627 0.726239 -0.589075 -0.461678 0.663208 -0.108691 0.256922 0.960301 -0.029916 0.68399 0.728878 0.009236 0.609005 0.793113 -0.013186 0.47238 0.881296 -0.008191 -0.375785 0.926671 0.583612 -0.470263 0.662004 0.591653 0.297577 0.749263 0.686013 -0.605212 0.403862 0.407908 0.499272 0.76442 0.420815 0.526747 0.738547 0.675167 0.25303 0.692911 0.794261 0.016253 0.60736 0.746033 0.226692 0.626135 0.885781 -0.038934 0.462467 0.702878 -0.656501 0.273803 0.348959 0.090476 0.93276 0.69205 -0.175807 0.700113 0.784354 -0.269458 0.558731 0.681508 -0.699665 0.214513 -0.702679 -0.672005 0.233778 -0.156393 -0.987311 0.027539 -0.73869 -0.605966 0.295198 -0.149358 -0.987732 0.045584 -0.000157 -0.999999 0.001323 -0.728038 -0.536748 0.426454 0.00127 -0.999997 0.001907 -0.171872 -0.981206 0.087714 -0.171036 -0.97819 0.117857 -0.589075 -0.461678 0.663208 0.003044 -0.999686 0.024867 0.013654 -0.991711 0.127758 -0.008191 -0.375785 0.926671 0.583612 -0.470263 0.662004 0.15612 -0.983231 0.094252 0.686013 -0.605212 0.403862 0.156369 -0.983889 0.086667 0.144139 -0.988756 0.039825 0.702878 -0.656501 0.273803 0.134031 -0.990742 0.021577 0.681508 -0.699665 0.214513 -0.691604 -0.691198 0.209592 -0.117693 -0.992813 0.021672 -0.700403 -0.617347 0.358216 -0.089083 -0.99563 0.02802 -0.000527 -0.999999 0.000886 -0.11168 -0.991674 0.064115 -0.602002 -0.592613 0.535167 -0.004138 -0.999984 0.003745 0.10955 -0.993981 -5.1e-05 -0.087477 -0.991033 0.101001 -0.486757 -0.519769 0.702073 -0.00014 -0.99984 0.017863 0.002088 -0.995938 0.090013 -0.010256 -0.44627 0.89484 0.535973 -0.534087 0.653823 0.081638 -0.994026 0.072437 0.629574 -0.65073 0.424484 0.110013 -0.992929 0.044606 0.682832 -0.696026 0.222012 0.099943 -0.994966 0.007327 0.634759 -0.770137 0.062998 0.634759 -0.770137 0.062998 0.905193 -0.337292 0.258574 0.682832 -0.696026 0.222012 0.890106 -0.098273 0.445031 0.80513 -0.180968 0.564816 0.629574 -0.65073 0.424484 0.780101 0.140499 0.609674 0.529633 0.102957 0.841955 0.763077 0.035827 0.645314 0.50862 0.438004 0.741255 -0.010836 0.346701 0.937913 0.698369 0.190825 0.68983 0.516262 0.393218 0.760824 0.099039 0.630061 0.770204 0.590811 0.251558 0.766591 0.076586 0.544603 0.83519 -0.386097 0.631428 0.672479 -0.408239 0.357275 0.840057 0.535973 -0.534087 0.653823 0.020884 0.384402 0.92293 -0.010256 -0.44627 0.89484 -0.486757 -0.519769 0.702073 -0.497175 0.278103 0.821874 -0.602002 -0.592613 0.535167 -0.383625 0.444058 0.809719 -0.608524 0.302194 0.733742 -0.693307 0.100223 0.713639 -0.668589 0.384309 0.636628 -0.832017 0.10917 0.543902 -0.694328 0.244398 0.676889 -0.906649 -0.012534 0.4217 -0.700403 -0.617347 0.358216 -0.691604 -0.691198 0.209592 0.691604 -0.691198 0.209592 0.700402 -0.617348 0.358215 0.117694 -0.992813 0.021672 0.089082 -0.99563 0.02802 0.000527 -0.999999 0.000886 0.11168 -0.991674 0.064115 0.602001 -0.592613 0.535167 0.004138 -0.999984 0.003745 -0.109551 -0.993981 -5.1e-05 0.087478 -0.991033 0.101002 0.486758 -0.519769 0.702073 0.00014 -0.99984 0.017864 -0.002088 -0.995938 0.090015 0.010256 -0.44627 0.89484 -0.535973 -0.534087 0.653823 -0.081639 -0.994026 0.072438 -0.629574 -0.65073 0.424484 -0.110013 -0.992929 0.044607 -0.682831 -0.696027 0.222012 -0.099943 -0.994966 0.007326 -0.63476 -0.770137 0.062998 -0.63476 -0.770137 0.062998 -0.682831 -0.696027 0.222012 -0.905193 -0.337292 0.258574 -0.890106 -0.098273 0.445031 -0.629574 -0.65073 0.424484 -0.80513 -0.180968 0.564816 -0.763077 0.035827 0.645314 -0.780101 0.140499 0.609674 -0.529633 0.102957 0.841955 -0.698369 0.190825 0.689831 -0.508619 0.438003 0.741255 -0.516262 0.393218 0.760824 -0.590811 0.251558 0.766591 -0.535973 -0.534087 0.653823 0.010836 0.346701 0.937913 -0.099039 0.63006 0.770204 -0.076586 0.544603 0.83519 0.386097 0.631427 0.672479 0.408239 0.357275 0.840057 -0.020884 0.384403 0.922929 0.010256 -0.44627 0.89484 0.486758 -0.519769 0.702073 0.497175 0.278103 0.821873 0.602001 -0.592613 0.535167 0.383624 0.444058 0.809719 0.608524 0.302194 0.733742 0.693307 0.100223 0.713639 0.668589 0.384309 0.636628 0.832017 0.10917 0.543902 0.694329 0.244398 0.676888 0.906649 -0.012534 0.4217 0.700402 -0.617348 0.358215 0.691604 -0.691198 0.209592 -0.12346 -0.98399 -0.128532 -0.107408 -0.993628 -0.03415 0.396057 -0.918205 -0.006112 0.291765 -0.947006 0.134361 0.006459 -0.993154 0.116636 0.704027 -0.700085 0.119277 0.258957 -0.918569 0.298616 0.566863 -0.766264 0.302501 0.666185 -0.726728 0.167524 -0.023893 -0.910717 0.41234 -0.098813 -0.970633 0.219336 -0.345749 -0.90134 0.260854 0.388233 -0.806259 0.446342 0.583425 -0.73564 0.344163 0.704632 -0.678363 0.208128 0.011858 -0.827956 0.560667 0.375071 -0.77481 0.508912 0.626759 -0.669286 0.399035 0.696316 -0.676946 0.238512 -0.292271 -0.843571 0.450516 -0.235368 -0.779184 0.580926 0.011961 -0.793547 0.608392 -0.211613 -0.736253 0.642768 0.332031 -0.759737 0.559066 0.589921 -0.670727 0.449576 -0.479279 -0.751776 0.452907 -0.542886 -0.795289 0.269797 -0.429521 -0.710184 0.557808 -0.393491 -0.714533 0.578452 -0.181988 -0.697393 0.693198 -0.37843 -0.673985 0.634456 0.018111 -0.758285 0.651672 0.250421 -0.751737 0.610066 0.765823 -0.461636 0.44767 0.534599 -0.830237 0.157827 0.691604 -0.691198 0.209592 0.906649 -0.012534 0.4217 0.465146 -0.444233 0.7657 0.694329 0.244398 0.676888 0.044058 -0.727565 0.684623 0.220824 -0.4137 0.883227 0.408239 0.357275 0.840057 0.010836 0.346701 0.937913 -0.05492 -0.354835 0.933315 -0.529633 0.102957 0.841955 -0.132008 -0.61578 0.776781 -0.44225 -0.345797 0.827551 -0.396258 -0.568927 0.720626 -0.80513 -0.180968 0.564816 -0.715391 -0.44607 0.537808 -0.905193 -0.337292 0.258574 -0.636424 -0.591235 0.495385 -0.583795 -0.693987 0.421385 -0.650757 -0.672113 0.353241 -0.787412 -0.607638 0.103724 -0.769532 -0.606117 0.201103 -0.83656 -0.512859 0.192727 -0.63476 -0.770137 0.062998 -0.581745 -0.812323 -0.041284 -0.823337 -0.566694 -0.031207 -0.851872 -0.50905 -0.123219 -0.713074 -0.615331 0.335995 -0.843083 -0.537778 -0.002642 -0.879235 -0.407908 -0.246082 -0.91451 -0.404271 -0.015357 -0.746896 -0.595993 0.294854 -0.791645 -0.572853 0.212459 -0.961595 -0.27357 0.022253 -0.974871 -0.221111 0.027148 -0.931849 -0.236306 -0.275349 -0.972213 -0.081716 -0.21937 -0.986488 0.030661 -0.160939 -0.915559 0.122714 -0.383005 -0.916027 -0.040169 -0.399101 -0.797772 0.169095 -0.578763 -0.882811 -0.192916 -0.428284 -0.855372 -0.326968 -0.401785 -0.808166 -0.178657 -0.561203 -0.82936 -4.5e-05 -0.558715 -0.619113 0.17415 -0.765749 -0.664433 -0.013098 -0.747233 -0.405025 0.05579 -0.912602 -0.85192 -0.424803 -0.306227 -0.801753 -0.278592 -0.528751 -0.686816 -0.17633 -0.705118 -0.403959 -0.115553 -0.90745 -0.202342 -0.257316 -0.944905 -0.817214 -0.53332 -0.218474 -0.582233 -0.797523 -0.157995 -0.803914 -0.356947 -0.475722 -0.774981 -0.487961 -0.40162 -0.603792 -0.73493 -0.308729 -0.691257 -0.268966 -0.670687 -0.664007 -0.347657 -0.661988 -0.606059 -0.449424 -0.656286 -0.472751 -0.66461 -0.578619 -0.135475 -0.708125 -0.692968 -0.24729 -0.529188 -0.81167 0.174369 -0.740677 -0.64884 -0.403766 -0.23007 -0.885461 -0.40167 -0.32024 -0.857967 -0.36513 -0.414032 -0.833821 -0.090369 -0.328992 -0.939999 0.015264 -0.333731 -0.942545 0.056818 -0.408358 -0.911052 0.10335 -0.505574 -0.856571 0.160489 -0.587296 -0.793301 -0.115972 -0.582893 -0.80423 0.185319 -0.539816 -0.821131 -0.05625 -0.827253 -0.559007 0.412324 -0.460383 -0.786153 0.404627 -0.726874 -0.554915 -0.106515 -0.949995 -0.293539 0.454113 -0.511393 -0.729561 0.683625 -0.566689 -0.459913 0.397476 -0.88891 -0.227707 -0.12346 -0.98399 -0.128532 0.396057 -0.918205 -0.006112 0.744261 -0.651528 -0.146928 0.704027 -0.700085 0.119277 0.689061 -0.613634 -0.385549 0.738251 -0.666547 -0.10344 0.666185 -0.726728 0.167524 0.481329 -0.580405 -0.65685 0.694498 -0.647179 -0.314374 0.492623 -0.651006 -0.577506 0.431073 -0.782749 -0.448865 0.68215 -0.686412 -0.252013 0.541914 -0.812439 -0.215111 0.729005 -0.6828 -0.048333 0.70753 -0.70656 -0.013161 0.704632 -0.678363 0.208128 0.696316 -0.676946 0.238512 0.515355 -0.856963 -0.004995 0.534599 -0.830237 0.157827 0 -0.155878 -0.987776 -0.230941 -0.124559 -0.964962 0 -0.458633 -0.888626 -0.323848 -0.427487 -0.844025 -0.414974 -0.007111 -0.909805 0 -0.346892 -0.937905 -0.579767 -0.314 -0.751847 -0.61335 0.145055 -0.776377 -0.3189 -0.309014 -0.895998 -0.557501 -0.182023 -0.809975 -0.833293 -0.056742 -0.549912 -0.717547 0.414574 -0.559692 -0.355365 -0.132423 -0.9253 0 -0.179701 -0.983721 -0.500068 -0.03902 -0.865107 -0.754774 0.08915 -0.649898 -0.640786 0.148325 -0.753255 -0.787364 0.414417 -0.456417 -0.884924 0.304944 -0.35202 -0.47303 0.123833 -0.872301 -0.687838 0.502478 -0.523828 0 0.079966 -0.996798 -0.52411 0.583879 -0.619995 0 0.616028 -0.787724 0 0.95139 -0.30799 -0.381292 0.87618 -0.294831 0 0.98775 -0.156044 -0.552194 0.768587 -0.323041 -0.288804 0.940906 -0.176883 0 0.995399 -0.095818 -0.672207 0.686778 -0.276537 -0.394033 0.884823 -0.24865 -0.249886 0.962339 -0.107054 -0.460648 0.872725 -0.161723 -0.277745 0.957493 -0.07788 0 0.995664 -0.093026 -0.767709 0.611715 -0.190858 -0.53162 0.843226 -0.079689 -0.650749 0.650793 -0.391145 -0.448385 0.842079 -0.299755 -0.272541 0.917934 -0.288302 0 0.960397 -0.278636 0 -0.155878 -0.987776 0 -0.458633 -0.888626 0.230941 -0.124559 -0.964962 0.323848 -0.427487 -0.844025 0 -0.346892 -0.937905 0.414974 -0.007111 -0.909805 0.579767 -0.314 -0.751847 0.61335 0.145055 -0.776377 0.3189 -0.309014 -0.895998 0.557501 -0.182023 -0.809975 0.833293 -0.056742 -0.549912 0.717547 0.414574 -0.559692 0.355365 -0.132423 -0.9253 0 -0.179701 -0.983721 0.500068 -0.03902 -0.865107 0.754774 0.089151 -0.649898 0.640786 0.148325 -0.753255 0.787364 0.414417 -0.456417 0.884924 0.304944 -0.35202 0.47303 0.123833 -0.872301 0.687838 0.502478 -0.523828 0 0.079966 -0.996798 0.52411 0.583879 -0.619995 0 0.616028 -0.787724 0 0.95139 -0.30799 0.381292 0.87618 -0.294831 0 0.98775 -0.156044 0.552194 0.768587 -0.323041 0.288804 0.940906 -0.176883 0 0.995399 -0.095818 0.672207 0.686778 -0.276537 0.394033 0.884823 -0.24865 0.249886 0.962339 -0.107054 0.460648 0.872725 -0.161723 0.277745 0.957493 -0.07788 0 0.995664 -0.093026 0.767709 0.611715 -0.190858 0.53162 0.843226 -0.079689 0.650749 0.650793 -0.391145 0.448385 0.842079 -0.299755 0.272541 0.917934 -0.288302 0 0.960397 -0.278636 -0.5346 -0.830237 0.157827 -0.696315 -0.676947 0.238512 -0.515355 -0.856962 -0.004994 -0.70753 -0.706561 -0.01316 -0.704632 -0.678362 0.208129 -0.541914 -0.812439 -0.215111 -0.729008 -0.682796 -0.048334 -0.666186 -0.726727 0.167522 -0.68215 -0.686411 -0.252013 -0.431073 -0.782749 -0.448866 -0.738251 -0.666547 -0.103441 -0.704026 -0.700086 0.119276 -0.6945 -0.647178 -0.314373 -0.492623 -0.651006 -0.577506 -0.174369 -0.740677 -0.648839 -0.744258 -0.651531 -0.146927 -0.396057 -0.918206 -0.006112 -0.689061 -0.613635 -0.385548 -0.481329 -0.580405 -0.65685 -0.160489 -0.587296 -0.793301 -0.397475 -0.888911 -0.227707 0.123461 -0.98399 -0.128532 0.106517 -0.949995 -0.293538 -0.683625 -0.566689 -0.459913 -0.404627 -0.726874 -0.554915 0.05625 -0.827253 -0.559007 -0.454113 -0.511393 -0.729561 -0.412324 -0.460383 -0.786153 -0.185319 -0.539816 -0.821131 0.115973 -0.582894 -0.80423 -0.10335 -0.505573 -0.856571 -0.056818 -0.408358 -0.911052 -0.015264 -0.333731 -0.942545 0.090369 -0.328992 -0.939999 0.202342 -0.257316 -0.944905 0.247291 -0.529188 -0.811669 0.36513 -0.414032 -0.833822 0.401671 -0.32024 -0.857967 0.664008 -0.347657 -0.661988 0.403766 -0.23007 -0.885461 0.691257 -0.268966 -0.670687 0.403959 -0.115553 -0.90745 0.686816 -0.17633 -0.705118 0.405025 0.05579 -0.912602 0.664433 -0.013098 -0.747233 0.619113 0.17415 -0.765749 0.135475 -0.708126 -0.692968 0.606059 -0.449424 -0.656285 0.472751 -0.664609 -0.578619 0.603791 -0.734931 -0.308729 0.774981 -0.487961 -0.40162 0.582232 -0.797523 -0.157995 0.803914 -0.356947 -0.475722 0.817214 -0.53332 -0.218474 0.581744 -0.812324 -0.041284 0.801753 -0.278592 -0.528751 0.85192 -0.424803 -0.306228 0.823337 -0.566694 -0.031207 0.808166 -0.178657 -0.561203 0.855372 -0.326968 -0.401785 0.851872 -0.509049 -0.123218 0.82936 -4.5e-05 -0.558715 0.797772 0.169095 -0.578763 0.916027 -0.040169 -0.399101 0.915559 0.122714 -0.383005 0.882811 -0.192916 -0.428284 0.879235 -0.407908 -0.246082 0.931849 -0.236306 -0.275349 0.972213 -0.081717 -0.21937 0.986488 0.030661 -0.160939 0.974871 -0.221111 0.027148 0.961595 -0.27357 0.022253 0.791645 -0.572853 0.212458 0.91451 -0.404271 -0.015358 0.746896 -0.595993 0.294854 0.542886 -0.795289 0.269797 0.83656 -0.512859 0.192727 0.634759 -0.770137 0.062998 0.905193 -0.337292 0.258574 0.769533 -0.606116 0.201103 0.715391 -0.44607 0.537808 0.80513 -0.180968 0.564816 0.787412 -0.607637 0.103724 0.636424 -0.591235 0.495385 0.843083 -0.537777 -0.002643 0.713075 -0.615331 0.335995 0.650757 -0.672113 0.353242 0.583795 -0.693987 0.421386 0.479279 -0.751776 0.452906 0.429521 -0.710185 0.557808 0.393491 -0.714533 0.578453 0.378431 -0.673984 0.634457 0.396258 -0.568927 0.720626 0.44225 -0.345797 0.827551 0.529633 0.102957 0.841955 0.345749 -0.90134 0.260853 0.292271 -0.843572 0.450516 0.235368 -0.779184 0.580925 0.023893 -0.910717 0.412339 0.098813 -0.970633 0.219335 -0.006459 -0.993154 0.116636 0.211613 -0.736253 0.642769 -0.011858 -0.827956 0.560667 0.181988 -0.697392 0.693199 -0.011962 -0.793546 0.608393 0.132008 -0.61578 0.776781 -0.018112 -0.758284 0.651673 0.05492 -0.354835 0.933315 -0.044058 -0.727565 0.684623 -0.010836 0.346701 0.937913 -0.220824 -0.4137 0.883227 -0.408239 0.357275 0.840057 -0.694328 0.244398 0.676889 -0.465146 -0.444233 0.7657 -0.906649 -0.012534 0.4217 -0.25042 -0.751737 0.610066 -0.765822 -0.461636 0.44767 -0.691604 -0.691198 0.209592 -0.5346 -0.830237 0.157827 -0.696315 -0.676947 0.238512 -0.589921 -0.670727 0.449576 -0.332033 -0.759736 0.559067 -0.62676 -0.669285 0.399036 -0.375072 -0.774809 0.508913 -0.388232 -0.80626 0.446341 -0.583426 -0.73564 0.344163 -0.704632 -0.678362 0.208129 -0.666186 -0.726727 0.167522 -0.566862 -0.766265 0.3025 -0.704026 -0.700086 0.119276 -0.258957 -0.918569 0.298616 -0.291763 -0.947007 0.13436 0.107409 -0.993628 -0.03415 -0.396057 -0.918206 -0.006112 0.123461 -0.98399 -0.128532 -0.228902 -0.927974 -0.294054 -0.1415 -0.968582 -0.204514 -0.485257 -0.860733 -0.15383 -0.004404 -0.933514 -0.358515 -0.185512 -0.978889 -0.085799 -0.584563 -0.811219 -0.014516 -0.007895 -0.971587 -0.236551 -0.001787 -0.999199 -0.039969 0.116367 -0.968614 -0.219647 0.175389 -0.934257 -0.310488 0.360992 -0.911794 -0.195748 0.176434 -0.978324 -0.108412 -0.001799 -0.999995 -0.002549 0.154376 -0.98733 -0.036707 0.454268 -0.886571 -0.087366 -0.173826 -0.984726 -0.009949 -0.157447 -0.987492 0.008386 -0.00143 -0.999999 6e-06 0.136264 -0.990672 -0.001092 0.543471 -0.829889 0.126188 0.681508 -0.699665 0.214513 0.134031 -0.990742 0.021577 -0.000157 -0.999999 0.001323 -0.156393 -0.987311 0.027539 -0.702679 -0.672005 0.233778 -0.661228 -0.737165 0.139157 0.2289 -0.927975 -0.294054 0.485257 -0.860733 -0.153829 0.141499 -0.968583 -0.204512 0.004402 -0.933514 -0.358514 0.185512 -0.978889 -0.085799 0.584562 -0.811219 -0.014516 0.007897 -0.971587 -0.236552 0.001787 -0.999199 -0.039969 -0.116367 -0.968614 -0.219647 -0.175389 -0.934257 -0.310488 -0.360992 -0.911794 -0.195747 -0.176434 -0.978324 -0.108411 0.001799 -0.999995 -0.002549 -0.154376 -0.98733 -0.036707 -0.454268 -0.886571 -0.087366 0.173826 -0.984726 -0.009949 0.157447 -0.987492 0.008386 0.00143 -0.999999 6e-06 -0.136264 -0.990672 -0.001092 -0.543471 -0.829889 0.126187 -0.681508 -0.699665 0.214513 -0.134031 -0.990742 0.021576 0.000157 -0.999999 0.001323 0.156393 -0.987311 0.027539 0.702679 -0.672005 0.233778 0.661228 -0.737165 0.139157 -0.581745 -0.812323 -0.041284 -0.140379 -0.989762 -0.025802 -0.63476 -0.770137 0.062998 -0.109551 -0.993981 -5.1e-05 0.000527 -0.999999 0.000886 -0.582233 -0.797523 -0.157995 -0.000793 -0.999999 -0.000917 0.117694 -0.992813 0.021672 -0.211632 -0.975061 -0.06684 -0.603792 -0.73493 -0.308729 0.142126 -0.989712 0.016441 0.691604 -0.691198 0.209592 0.534599 -0.830237 0.157827 0.001263 -0.999761 -0.021804 0.171456 -0.98508 -0.014828 0.515355 -0.856963 -0.004995 -0.266984 -0.950857 -0.156813 -0.020326 -0.995864 -0.088553 -0.245404 -0.923776 -0.293963 -0.472751 -0.66461 -0.578619 -0.076342 -0.933937 -0.349189 -0.135475 -0.708125 -0.692968 0.027869 -0.995853 -0.086602 0.121694 -0.929791 -0.34739 0.174369 -0.740677 -0.64884 0.431073 -0.782749 -0.448865 0.253237 -0.930022 -0.266327 0.541914 -0.812439 -0.215111 0.21463 -0.96945 -0.118749 -0.174369 -0.740677 -0.648839 -0.121694 -0.92979 -0.347391 -0.431073 -0.782749 -0.448866 0.135475 -0.708126 -0.692968 -0.253236 -0.930022 -0.266327 -0.541914 -0.812439 -0.215111 0.076342 -0.933937 -0.349189 0.472751 -0.664609 -0.578619 -0.027869 -0.995853 -0.086603 -0.21463 -0.96945 -0.118748 -0.515355 -0.856962 -0.004994 -0.171457 -0.98508 -0.014828 -0.5346 -0.830237 0.157827 0.245405 -0.923776 -0.293963 0.603791 -0.734931 -0.308729 0.020327 -0.995864 -0.088553 0.266984 -0.950857 -0.156812 0.211631 -0.975061 -0.066839 -0.001262 -0.999761 -0.021804 -0.142127 -0.989712 0.016441 0.000794 -0.999999 -0.000917 -0.691604 -0.691198 0.209592 -0.117693 -0.992813 0.021672 -0.000527 -0.999999 0.000886 0.140378 -0.989762 -0.025802 0.10955 -0.993981 -5.1e-05 0.634759 -0.770137 0.062998 0.581744 -0.812324 -0.041284 0.582232 -0.797523 -0.157995 -0.670925 -0.110569 0.733235 -0.9054 -0.408521 0.115597 -0.616972 -0.651092 0.442069 -0.976121 0.074984 0.203876 -0.214103 -0.654609 0.725015 -0.780473 0.521941 0.34415 -0.107674 -0.238483 0.965159 -0.459321 0.498523 0.735186 -0.079874 0.263827 0.961257 -0.494136 -0.839011 0.227794 -0.98318 0.150191 -0.10392 -0.882909 -0.464137 -0.07105 0.200482 -0.278196 0.939369 -0.273636 0.732587 0.623249 -0.916494 0.206789 -0.342456 -0.346637 -0.937883 0.014782 -0.801149 -0.501688 -0.326298 -0.060569 -0.755091 0.652816 -0.73701 0.64546 0.200495 0.099733 0.335768 0.93665 -0.290829 -0.955021 -0.057904 -0.879951 0.223558 -0.419176 -0.761417 -0.505155 -0.406279 0.454452 -0.283941 0.844305 0.163247 -0.84544 0.508509 -0.112831 0.864418 0.48995 -0.638122 0.769899 0.007498 0.234899 -0.860619 0.451838 0.329277 0.422249 0.84456 0.533361 -0.280676 0.797965 -0.595699 0.801142 -0.057573 -0.055773 0.897849 0.436756 0.400664 0.44561 0.800562 -0.976623 0.036879 0.211772 -0.859074 -0.244506 -0.449676 -0.852669 -0.521438 -0.032531 -0.889084 0.249596 -0.383707 -0.686197 -0.585211 0.432045 -0.737829 0.662802 -0.127677 -0.671547 -0.179445 0.718904 -0.705698 0.601033 0.375166 -0.563335 0.313553 0.76442 -0.660352 -0.735319 -0.152452 -0.706776 0.312951 -0.634452 -0.74358 -0.308392 -0.593282 -0.412074 -0.271887 0.869639 -0.453693 0.795182 0.402303 -0.507616 0.347241 -0.788511 -0.440539 -0.863085 -0.247001 -0.540071 -0.369041 -0.756394 -0.53795 -0.711577 0.45196 -0.601326 0.770101 -0.212958 -0.393297 0.35356 0.848713 -0.357915 -0.89224 -0.275328 -0.43105 0.354213 -0.829897 -0.463088 -0.382815 -0.799376 -0.162033 -0.323044 0.93241 -0.296842 -0.839919 0.454336 -0.228408 0.890532 0.393424 -0.391177 0.867664 -0.306821 -0.211022 -0.868817 0.447913 -0.147386 0.394104 0.907171 -0.073466 -0.335135 0.939302 -0.314176 0.888664 -0.334019 -0.14661 0.91131 0.384733 -0.062115 0.402679 0.913231 -0.543294 0.517159 -0.661346 0.010854 0.200946 -0.979542 -0.422569 -0.02354 -0.906025 0.071926 0.639785 -0.765181 -0.787034 -0.137701 -0.601345 0.00687 0.935265 -0.353883 -0.934534 0.207675 -0.288995 -0.445594 0.88565 -0.130654 -0.812189 0.582662 0.029238 -0.302074 -0.305628 -0.902963 0.378905 0.592402 -0.710979 0.165176 0.079509 -0.983054 -0.998052 0.004172 -0.06224 -0.327033 0.930419 0.165436 0.602747 0.518947 -0.606127 -0.159837 -0.543789 -0.82386 0.38157 -0.086786 -0.920257 -0.782754 -0.322675 -0.532143 0.163446 0.95662 -0.241173 -0.817796 0.532919 0.21727 -0.108453 -0.61415 -0.781702 0.670112 0.486547 -0.560555 0.447728 -0.139293 -0.883254 -0.974904 -0.165306 0.149121 -0.726377 -0.566595 -0.389034 -0.214304 0.902771 0.372932 0.346387 0.93481 -0.078398 -0.694943 -0.636948 -0.333695 -0.768419 0.450369 0.454643 -0.950764 -0.219374 0.218914 0.402811 0.91502 -0.021926 -0.172194 0.881328 0.440011 -0.739901 0.417372 0.527587 0 0.642781 -0.76605 -0.599799 0.524352 -0.604397 -0.486505 0.846913 -0.214596 -0.472634 0.127583 -0.871975 0 0.9812 -0.192993 0 0.08402 -0.996464 0.486505 0.846913 -0.214596 0.472634 0.127583 -0.871975 0.599799 0.524352 -0.604397 -0.821765 0.365003 -0.437578 0 0.990967 0.134103 0 -0.221605 -0.975136 0.821765 0.365003 -0.437578 -0.586635 0.808339 -0.049463 -0.564535 -0.043491 -0.824262 -0.940645 0.218902 -0.259363 0.586635 0.808339 -0.049463 0.564535 -0.043491 -0.824262 -0.661273 -0.276903 -0.697168 -0.663375 0.730139 0.163801 -0.966993 0.166071 -0.193248 0 0.936509 0.350644 0 -0.491097 -0.871105 0.940645 0.218902 -0.259363 -0.679928 0.694564 0.235113 -0.68327 -0.349461 -0.641107 0.663375 0.730139 0.163801 0 0.905746 0.423822 0.661273 -0.276903 -0.697168 0 -0.574412 -0.818567 0.679928 0.694564 0.235113 0.68327 -0.349461 -0.641107 0.966993 0.166071 -0.193248 0 -0.256258 0.966608 -0.476891 -0.646468 0.595528 0 -0.776194 0.630494 -0.597229 -0.201913 0.77624 0.476891 -0.646468 0.595528 -0.482184 0.284453 0.828605 0.597229 -0.201913 0.77624 0 0.381711 0.924282 0.482184 0.284453 0.828605 0 -0.932558 0.361019 -0.816623 -0.14944 0.55749 -0.567788 -0.702049 0.429818 0.816623 -0.14944 0.55749 0 0.652054 0.758172 -0.939189 -0.088613 0.331771 0 -0.995577 0.093945 -0.660845 -0.730275 0.173157 0.567788 -0.702049 0.429818 -0.57598 0.407047 0.708915 0.57598 0.407047 0.708915 0 -0.999998 0.001945 -0.966066 -0.066196 0.249667 -0.681072 -0.727235 0.085263 0.939189 -0.088613 0.331771 0.660844 -0.730275 0.173157 0 0.821385 0.570374 -0.66244 0.549681 0.508944 0.681072 -0.727235 0.085263 0.66244 0.549681 0.508944 0.966066 -0.066196 0.249667 -0.681095 0.589362 0.434467 0 0.867557 0.497339 0.681095 0.589362 0.434467 0.670925 -0.11057 0.733235 0.616972 -0.651092 0.442069 0.905399 -0.408522 0.115597 0.214103 -0.65461 0.725015 0.976121 0.074983 0.203877 0.107674 -0.238485 0.965159 0.780474 0.521941 0.344149 0.079874 0.263825 0.961258 0.459322 0.498522 0.735186 0.494136 -0.839011 0.227793 0.98318 0.150191 -0.10392 -0.200483 -0.278196 0.939369 0.273635 0.732587 0.623249 0.882909 -0.464137 -0.07105 0.060569 -0.755091 0.652816 0.346638 -0.937883 0.014783 0.73701 0.64546 0.200495 -0.099735 0.335768 0.93665 -0.163247 -0.845441 0.508508 0.801148 -0.501688 -0.326298 0.290829 -0.955021 -0.057904 0.916494 0.206789 -0.342457 -0.454453 -0.283941 0.844305 0.112831 0.864418 0.48995 0.761417 -0.505155 -0.406279 -0.234899 -0.860619 0.451838 0.638122 0.769899 0.007497 0.879951 0.223558 -0.419176 -0.329277 0.422249 0.84456 -0.533361 -0.280675 0.797965 0.595699 0.801142 -0.057573 -0.400664 0.44561 0.800563 0.055773 0.897849 0.436756 0.976623 0.036879 0.211772 0.852668 -0.521439 -0.032529 0.859074 -0.244506 -0.449676 0.686197 -0.58521 0.432045 0.889084 0.249596 -0.383708 0.671547 -0.179444 0.718905 0.737829 0.662802 -0.127677 0.563335 0.313553 0.76442 0.705698 0.601033 0.375166 0.660352 -0.735319 -0.152452 0.706777 0.312951 -0.634451 0.412075 -0.271886 0.869639 0.453693 0.795182 0.402303 0.74358 -0.308392 -0.593282 0.53795 -0.711577 0.45196 0.440539 -0.863085 -0.247001 0.601326 0.770101 -0.212959 0.393297 0.35356 0.848712 0.296841 -0.83992 0.454335 0.540071 -0.369041 -0.756394 0.357914 -0.89224 -0.275328 0.507616 0.347241 -0.788511 0.162032 -0.323044 0.93241 0.228408 0.890532 0.393424 0.463088 -0.382816 -0.799376 0.211022 -0.868818 0.447913 0.391177 0.867664 -0.306821 0.43105 0.354213 -0.829897 0.147386 0.394105 0.907171 0.073465 -0.335136 0.939301 0.314176 0.888664 -0.334019 0.062113 0.402679 0.913231 0.14661 0.91131 0.384733 0.543294 0.517159 -0.661346 0.422569 -0.02354 -0.906025 -0.010854 0.200946 -0.979542 0.787034 -0.137701 -0.601345 -0.071926 0.639785 -0.765181 0.934534 0.207675 -0.288995 -0.00687 0.935265 -0.353883 0.812189 0.582662 0.029238 0.445594 0.88565 -0.130654 0.302074 -0.305628 -0.902963 -0.378905 0.592402 -0.710979 0.998052 0.004172 -0.06224 0.327033 0.930419 0.165436 -0.165176 0.079509 -0.983054 0.782754 -0.322675 -0.532143 0.159836 -0.543789 -0.82386 -0.163446 0.95662 -0.241173 0.817796 0.532919 0.21727 0.726377 -0.566595 -0.389034 -0.38157 -0.086786 -0.920257 0.108453 -0.61415 -0.781702 -0.602747 0.518947 -0.606127 0.974904 -0.165306 0.149121 0.214304 0.902771 0.372932 -0.447728 -0.139293 -0.883254 0.694942 -0.636948 -0.333694 -0.346387 0.93481 -0.078398 -0.670112 0.486547 -0.560555 0.768419 0.450369 0.454643 0.950764 -0.219374 0.218914 -0.402811 0.91502 -0.021926 0.739901 0.417372 0.527587 0.172194 0.881328 0.440011 -0.301139 0.306012 0.903146 -0.614364 0.316642 0.722699 0 0.426148 0.904654 -0.985624 -0.141199 0.092777 0 0.499101 0.866544 -0.823968 -0.510239 0.246441 0.039387 0.485558 0.873317 -0.365948 0.228841 0.902061 0 0.461166 0.887314 -0.993563 0.007356 -0.113046 -0.683982 0.371493 0.627823 0 0.56173 0.827321 -0.873745 -0.404734 0.269741 0 0.508777 0.860898 -0.987343 0.050388 -0.150384 0.232142 0.514012 0.825774 0 0.532015 0.846735 -0.434956 0.208085 0.876079 -0.041451 0.429477 0.902126 -0.69381 0.371227 0.617105 0 0.492328 0.87041 0.30102 0.498486 0.812957 0 0.550336 0.834944 -0.892265 -0.445281 0.074755 -0.009536 0.412078 0.911099 -0.68796 0.312056 0.655234 0 0.416428 0.909169 -0.990777 0.121036 -0.060922 0.274025 0.526111 0.805057 0 0.563325 0.826236 -0.569195 0.197801 0.798055 -0.90191 -0.42831 -0.055755 -0.045406 0.447468 0.893146 -0.615958 0.306391 0.725755 0 0.393586 0.919288 -0.987958 0.129567 0.084565 0.275568 0.518585 0.809402 0 0.549643 0.8354 -0.639029 0.213458 0.738971 -0.634412 0.25868 0.728428 -0.912962 -0.397916 -0.090355 -0.095774 0.481964 0.870941 0.276607 0.519406 0.808521 -0 0.548556 0.836114 -0.631567 0.277681 0.72389 -0.124268 0.485718 0.865237 -0.151045 0.497905 0.853976 0.261509 0.529967 0.80669 0 0.547178 0.837016 -0.920224 -0.375622 -0.109981 0.260019 0.526453 0.809467 0.265039 0.523885 0.809505 0 0.545955 0.837815 -0.133691 0.505908 0.852164 -0.642947 0.287463 0.709918 -0.91415 -0.362232 -0.181982 0.268276 0.518268 0.812051 0 0.537908 0.843004 -0.110295 0.514891 0.850131 -0.608803 0.342411 0.715621 -0.932664 -0.299229 -0.201496 0.265623 0.513274 0.816085 0 0.531987 0.846753 -0.105658 0.525129 0.844438 -0.545567 0.4044 0.734042 -0.965216 -0.202194 -0.16576 0.266553 0.504704 0.821111 0 0.519722 0.854335 -0.09459 0.533012 0.840804 -0.095273 0.544027 0.833641 -0.534034 0.443745 0.719651 -0.967888 -0.146529 -0.20426 0.253945 0.489386 0.834274 0 0.498152 0.86709 -0.095636 0.549218 0.830189 -0.544179 0.478067 0.689435 -0.960422 -0.095232 -0.261765 0.257019 0.478035 0.839895 0 0.48845 0.872592 -0.106607 0.547593 0.829926 -0.948378 -0.032984 -0.315422 -0.552214 0.504435 0.66378 0.261812 0.475181 0.840034 0 0.482165 0.87608 -0.107963 0.545034 0.831433 -0.558183 0.539413 0.630449 -0.929608 0.061003 -0.363465 0.282049 0.480062 0.830656 0 0.484077 0.875025 -0.113781 0.552974 0.825393 -0.593561 0.568712 0.569431 -0.89323 0.123777 -0.432227 0.304035 0.483612 0.820781 0 0.480487 0.877002 -0.126851 0.56308 0.816609 -0.624291 0.592205 0.509464 -0.871734 0.161026 -0.462763 0.286244 0.48018 0.829151 0 0.449555 0.893253 -0.143621 0.579758 0.802031 -0.601675 0.606439 0.519827 -0.867691 0.188566 -0.459951 0.300166 0.498316 0.813377 0 0.479797 0.87738 -0.113688 0.59084 0.798738 -0.620803 0.602744 0.501302 -0.86746 0.182431 -0.462852 0.183135 0.571991 0.799555 0 0.587249 0.809406 -0.185204 0.607651 0.772308 -0.573183 0.628367 0.525943 -0.863291 0.219575 -0.45444 -0.18794 0.627332 0.755733 0 0.605787 0.795627 -0.599945 0.610672 0.516862 -0.920505 0.237778 -0.310052 -0.158694 0.713143 0.68282 0 0.812246 0.583315 -0.613478 0.594488 0.519836 -0.514848 0.738174 0.435925 0 0.948263 0.317485 -0.942537 0.289226 -0.167247 -0.718548 0.668273 -0.192611 0 0.947326 -0.320272 -0.318503 -0.610342 -0.725286 -0.566231 -0.455969 -0.68664 -0.985624 -0.141199 0.092777 0 -0.557988 -0.829849 -0.823968 -0.510239 0.246441 0 -0.560593 -0.828091 -0.301705 -0.674462 -0.673851 -0.001334 -0.572952 -0.819588 -0.629674 -0.307294 -0.713499 0 -0.501642 -0.865075 0 -0.416042 -0.909345 -0.873745 -0.404734 0.269741 0 -0.559908 -0.828555 -0.993563 0.007356 -0.113046 -0 -0.306815 -0.951769 -0.402415 -0.650605 -0.644031 -0.286734 -0.624589 -0.72641 -0.892265 -0.445281 0.074755 -0.032939 -0.555887 -0.830605 -0.008369 -0.57977 -0.814737 -0.662161 -0.207722 -0.719996 -0.987343 0.050388 -0.150384 -0.263529 -0.607526 -0.749309 -0.90191 -0.42831 -0.055755 0 -0.559854 -0.828591 -0.053385 -0.542928 -0.838081 -0.730543 -0.001348 -0.682865 -0.990777 0.121036 -0.060922 0 -0.014843 -0.99989 -0.210496 -0.594977 -0.77569 -0.912962 -0.397916 -0.090355 -0.032335 -0.561788 -0.826649 0 -0.564414 -0.825492 -0.048766 -0.56416 -0.824224 -0.055654 -0.561224 -0.825791 -0.7829 0.104978 -0.613227 -0.987958 0.129567 0.084565 0 0.199738 -0.979849 -0.191611 -0.580944 -0.791068 -0.920224 -0.375622 -0.109981 -0.033319 -0.565213 -0.824272 0 -0.551771 -0.833996 -0.051917 -0.551826 -0.832342 -0.161334 -0.569049 -0.806322 -0.91415 -0.362232 -0.181982 -0.041847 -0.550791 -0.833593 0 -0.540736 -0.841192 -0.036476 -0.54392 -0.838344 -0.135533 -0.544897 -0.827477 -0.932664 -0.299229 -0.201496 -0.04007 -0.539732 -0.840882 0 -0.54365 -0.839312 -0.022108 -0.5421 -0.840023 -0.142967 -0.529582 -0.836124 -0.965216 -0.202194 -0.16576 -0.042447 -0.540273 -0.840419 0 -0.53663 -0.843817 -0.021696 -0.534495 -0.844893 -0.140234 -0.530222 -0.836182 -0.967888 -0.146529 -0.20426 -0.044094 -0.535511 -0.843376 0 -0.533816 -0.845601 -0.027691 -0.53058 -0.847183 -0.960422 -0.095232 -0.261765 -0.043558 -0.532887 -0.845065 -0.045499 -0.534919 -0.843677 0 -0.536048 -0.844188 -0.032643 -0.533568 -0.845127 -0.134917 -0.523899 -0.841027 -0.948378 -0.032984 -0.315422 -0.046393 -0.530069 -0.846685 0 -0.530952 -0.847402 -0.136025 -0.497222 -0.856894 -0.929608 0.061003 -0.363465 -0.031631 -0.531972 -0.846171 -0.04844 -0.518315 -0.853817 0 -0.523186 -0.852219 -0.150751 -0.465192 -0.872279 -0.89323 0.123777 -0.432227 -0.029373 -0.516341 -0.855879 -0.06673 -0.511492 -0.856693 0 -0.517489 -0.85569 -0.194755 -0.422396 -0.885241 -0.871734 0.161026 -0.462763 -0.041391 -0.506913 -0.861003 -0.076588 -0.494399 -0.865855 0 -0.50052 -0.865725 -0.266481 -0.377007 -0.887048 -0.867691 0.188566 -0.459951 -0.056617 -0.489959 -0.869905 -0.101903 -0.486714 -0.867597 0 -0.495425 -0.86865 -0.273356 -0.364008 -0.890379 -0.86746 0.182431 -0.462852 -0.077478 -0.471434 -0.878491 -0.121955 -0.475565 -0.871186 0 -0.48078 -0.876841 -0.300819 -0.340929 -0.89066 -0.863291 0.219575 -0.45444 -0.114278 -0.457519 -0.881826 -0.154977 -0.456078 -0.876342 0 -0.472999 -0.881063 -0.353654 -0.323312 -0.877724 -0.920505 0.237778 -0.310052 -0.18268 -0.421112 -0.888422 -0.191827 -0.436592 -0.878971 0 -0.446744 -0.894662 -0.555349 -0.239812 -0.79629 -0.942537 0.289226 -0.167247 -0.296591 -0.391353 -0.871135 0 -0.422128 -0.906536 -0.638558 -0.18855 -0.746119 -0.645714 0.172059 -0.743941 -0.718548 0.668273 -0.192611 -0.31756 -0.367 -0.874338 -0.142859 -0.412125 -0.899858 -0.18737 -0.430438 -0.882958 0 -0.448301 -0.893883 -0.312167 -0.276312 -0.908957 -0.305668 -0.371745 -0.876569 0 0.947326 -0.320272 0 -0.424919 -0.905231 0 -0.051806 -0.998657 0 0.518741 -0.854931 0.301139 0.306012 0.903146 0 0.426148 0.904654 0.614364 0.316642 0.722699 0 0.499101 0.866544 0.985624 -0.141199 0.092777 -0.039387 0.485558 0.873317 0.823968 -0.510239 0.246441 0.365948 0.228841 0.902061 0 0.461166 0.887314 0 0.56173 0.827321 0.993563 0.007356 -0.113046 0.873745 -0.404734 0.269741 0.683982 0.371493 0.627823 0 0.508777 0.860898 -0.232142 0.514012 0.825774 0.041451 0.429477 0.902126 0.434956 0.208085 0.876079 0.892265 -0.445281 0.074755 0.69381 0.371228 0.617105 0 0.492328 0.87041 0.987343 0.050389 -0.150384 0 0.532015 0.846735 0.569195 0.197801 0.798055 0.90191 -0.42831 -0.055754 0.009536 0.412078 0.911099 0.68796 0.312056 0.655234 0 0.416428 0.909169 0.990777 0.121037 -0.060922 -0.301019 0.498486 0.812957 0 0.550336 0.834944 0.639029 0.213458 0.738971 0.634412 0.25868 0.728428 0.912962 -0.397916 -0.090355 0.045406 0.447468 0.893146 0.615958 0.306391 0.725755 0 0.393586 0.919288 0.987958 0.129567 0.084565 -0.274025 0.526111 0.805057 0 0.563325 0.826236 0.124268 0.485718 0.865237 0.095774 0.481964 0.870941 0.631567 0.277681 0.72389 0.920224 -0.375622 -0.109981 -0.275568 0.518585 0.809402 0 0.549643 0.8354 0.151045 0.497906 0.853976 0.642947 0.287463 0.709918 0.91415 -0.362232 -0.181982 -0.276607 0.519406 0.808521 -0 0.548556 0.836114 0.133691 0.505908 0.852164 0.608803 0.342411 0.715621 0.932664 -0.299229 -0.201496 -0.261509 0.529967 0.80669 0 0.547178 0.837016 0.110295 0.514891 0.850131 0.545567 0.4044 0.734042 0.965216 -0.202194 -0.16576 -0.260019 0.526453 0.809467 -0.265039 0.523885 0.809505 0 0.545955 0.837815 0.105658 0.525129 0.844438 0.534034 0.443745 0.719651 0.967888 -0.146529 -0.20426 -0.268276 0.518268 0.812051 0 0.537908 0.843004 0.09459 0.533012 0.840804 0.544179 0.478067 0.689435 0.960422 -0.095232 -0.261765 -0.265623 0.513274 0.816085 0 0.531987 0.846753 0.948378 -0.032984 -0.315422 0.095273 0.544027 0.833641 -0.266553 0.504704 0.821111 0 0.519722 0.854335 0.552214 0.504435 0.66378 0.929608 0.061003 -0.363465 0.095636 0.549218 0.830189 -0.253945 0.489386 0.834274 0 0.498152 0.86709 0.558183 0.539413 0.630449 0.89323 0.123777 -0.432227 0.106607 0.547593 0.829926 -0.257019 0.478035 0.839895 0 0.48845 0.872592 0.593561 0.568712 0.569431 0.871734 0.161026 -0.462764 0.107963 0.545034 0.831433 -0.261812 0.475181 0.840034 0 0.482165 0.87608 0.624291 0.592205 0.509464 0.867691 0.188567 -0.459951 0.113781 0.552974 0.825393 -0.282049 0.480062 0.830656 0 0.484077 0.875025 0.601675 0.606439 0.519827 0.86746 0.182431 -0.462852 0.126851 0.56308 0.816609 -0.304035 0.483612 0.820781 0 0.480487 0.877002 0.620803 0.602744 0.501302 0.863291 0.219575 -0.45444 0.143621 0.579758 0.802031 -0.286244 0.48018 0.829151 0 0.449555 0.893253 0.573183 0.628367 0.525943 0.920505 0.237778 -0.310052 0.113688 0.590841 0.798738 -0.300166 0.498316 0.813377 0 0.479797 0.87738 0.599945 0.610672 0.516862 0.613478 0.594488 0.519836 0.942537 0.289226 -0.167247 0.185204 0.607651 0.772308 -0.183135 0.571991 0.799555 0 0.587249 0.809406 0.514848 0.738174 0.435925 0.718548 0.668273 -0.192611 0.18794 0.627332 0.755734 0 0.948263 0.317485 0 0.947326 -0.320272 0.158694 0.713143 0.68282 0 0.605787 0.795627 0 0.812246 0.583315 0.318503 -0.610342 -0.725286 0.985624 -0.141199 0.092777 0.566231 -0.455969 -0.68664 0.823968 -0.510239 0.246441 0 -0.557988 -0.829849 0.301704 -0.674462 -0.673851 0 -0.560593 -0.828091 0.001334 -0.572952 -0.819588 0.629674 -0.307294 -0.713499 0.993563 0.007356 -0.113046 0.873745 -0.404734 0.269741 0 -0.501642 -0.865075 0 -0.559908 -0.828555 0.662161 -0.207721 -0.719996 0.987343 0.050389 -0.150384 0.402415 -0.650605 -0.644031 0.008369 -0.57977 -0.814737 0 -0.416042 -0.909345 0.032939 -0.555887 -0.830605 0 -0.559854 -0.828591 0.730543 -0.001347 -0.682865 0.990777 0.121037 -0.060922 0.286734 -0.624589 -0.72641 0.892265 -0.445281 0.074755 -0 -0.306815 -0.951769 0.032335 -0.561788 -0.826649 0 -0.564414 -0.825492 0.053385 -0.542928 -0.838081 0.7829 0.104978 -0.613227 0.987958 0.129567 0.084565 0.263529 -0.607526 -0.749309 0.90191 -0.42831 -0.055754 0 -0.014843 -0.99989 0.033319 -0.565213 -0.824272 0 -0.551771 -0.833996 0.048766 -0.56416 -0.824224 0 0.199738 -0.979849 0.210496 -0.594977 -0.775689 0.055654 -0.561224 -0.825791 0.051917 -0.551826 -0.832342 0.041847 -0.550791 -0.833593 0 -0.540736 -0.841192 0.912962 -0.397916 -0.090355 0.04007 -0.539732 -0.840882 0 -0.54365 -0.839312 0.19161 -0.580944 -0.791068 0.036476 -0.54392 -0.838344 0.042447 -0.540273 -0.840419 0 -0.53663 -0.843817 0.920224 -0.375622 -0.109981 0.044094 -0.535511 -0.843376 0 -0.533816 -0.845601 0.022108 -0.5421 -0.840023 0.161334 -0.569049 -0.806322 0.91415 -0.362232 -0.181982 0.043558 -0.532887 -0.845065 0.045499 -0.534919 -0.843677 0 -0.536048 -0.844188 0.135533 -0.544897 -0.827477 0.932664 -0.299229 -0.201496 0.021696 -0.534495 -0.844893 0.046393 -0.530069 -0.846685 0 -0.530952 -0.847402 0.142967 -0.529582 -0.836124 0.965216 -0.202194 -0.16576 0.027691 -0.53058 -0.847183 0.032643 -0.533568 -0.845127 0.04844 -0.518315 -0.853817 0 -0.523186 -0.852219 0.140234 -0.530222 -0.836182 0.967888 -0.146529 -0.20426 0.031631 -0.531972 -0.846171 0.06673 -0.511492 -0.856693 0 -0.517489 -0.85569 0.960422 -0.095232 -0.261765 0.029373 -0.516341 -0.855879 0.134917 -0.523899 -0.841027 0.076588 -0.494399 -0.865855 0 -0.50052 -0.865725 0.041391 -0.506913 -0.861003 0.136025 -0.497222 -0.856894 0.948378 -0.032984 -0.315422 0.101903 -0.486714 -0.867597 0 -0.495425 -0.86865 0.056617 -0.489959 -0.869905 0.150751 -0.465192 -0.872279 0.929608 0.061003 -0.363465 0.121955 -0.475565 -0.871186 0 -0.48078 -0.876841 0.077478 -0.471434 -0.878491 0.194755 -0.422396 -0.885241 0.89323 0.123777 -0.432227 0.154977 -0.456078 -0.876342 0 -0.472999 -0.881063 0.114278 -0.457519 -0.881826 0.266481 -0.377007 -0.887048 0.871734 0.161026 -0.462764 0.191827 -0.436592 -0.878971 0 -0.446744 -0.894662 0.18268 -0.421112 -0.888422 0.273356 -0.364008 -0.890379 0.867691 0.188567 -0.459951 0 -0.422128 -0.906536 0.296591 -0.391353 -0.871135 0.300819 -0.340929 -0.89066 0.86746 0.182431 -0.462852 0.142859 -0.412125 -0.899858 0.18737 -0.430438 -0.882958 0 -0.448301 -0.893883 0.353654 -0.323312 -0.877724 0.31756 -0.367 -0.874338 0.555349 -0.239813 -0.79629 0.863291 0.219575 -0.45444 0.305668 -0.371745 -0.876569 0 -0.424919 -0.905231 0.920505 0.237778 -0.310052 0.312167 -0.276312 -0.908957 0 -0.051806 -0.998657 0.942537 0.289226 -0.167247 0.638558 -0.18855 -0.746119 0.645714 0.172059 -0.743941 0 0.518741 -0.854931 0 0.947326 -0.320272 0.718548 0.668273 -0.192611 -0.613157 -0.120429 0.780727 -0.572828 -0.231934 0.786177 -0.472076 -0.110704 0.874579 -0.760229 -0.172547 0.626322 -0.441987 -0.092022 0.892289 -0.775034 -0.097942 0.624283 -0.454607 -0.04934 0.889325 -0.785064 -0.016974 0.619182 -0.63088 -0.049858 0.774277 -0.465238 -0.323705 0.823874 -0.897901 -0.098465 0.429043 -0.302288 -0.039216 0.952409 -0.303231 -0.051405 0.951529 -0.652026 0.061278 0.755716 -0.469615 0.05243 0.881313 -0.901159 -0.054736 0.430019 -0.350783 -0.010919 0.936393 -0.314486 0.054704 0.947684 -0.798664 0.094199 0.594359 -0.484078 0.219621 0.847015 -0.658236 0.22787 0.717496 -0.898817 0.021955 0.437773 -0.322367 0.217855 0.921205 -0.783036 0.254056 0.567724 -0.491892 0.459243 0.739688 -0.644478 0.4424 0.623643 -0.887095 0.127702 0.44357 -0.310732 0.465331 0.828802 -0.750342 0.403117 0.523912 -0.850485 0.289053 0.439458 -0.78414 0.45551 0.421469 0.613157 -0.120429 0.780727 0.441987 -0.092022 0.892289 0.472076 -0.110704 0.874579 0.454606 -0.04934 0.889325 0.572828 -0.231934 0.786177 0.63088 -0.049858 0.774277 0.760229 -0.172547 0.626322 0.785064 -0.016974 0.619182 0.775034 -0.097942 0.624283 0.303231 -0.051405 0.951529 0.302288 -0.039217 0.952409 0.465239 -0.323705 0.823874 0.652027 0.061278 0.755716 0.469615 0.05243 0.881313 0.897901 -0.098465 0.429042 0.314485 0.054704 0.947685 0.350783 -0.010919 0.936393 0.798664 0.094199 0.594359 0.901159 -0.054736 0.430018 0.898817 0.021955 0.437773 0.322367 0.217855 0.921205 0.484078 0.219621 0.847016 0.887095 0.127701 0.44357 0.658236 0.227869 0.717496 0.783036 0.254056 0.567723 0.310732 0.465331 0.828802 0.850485 0.289053 0.439458 0.491892 0.459243 0.739688 0.644478 0.4424 0.623643 0.750342 0.403116 0.523912 0.78414 0.45551 0.421469 -0.613245 -0.120403 0.780662 -0.765435 -0.146237 0.626677 -0.597463 -0.185154 0.780228 -0.774967 -0.097936 0.624367 -0.470563 -0.115539 0.874769 -0.785025 -0.016972 0.619231 -0.442163 -0.092075 0.892196 -0.630932 -0.049862 0.774234 -0.454722 -0.049344 0.889265 -0.846855 -0.108381 0.520663 -0.444278 -0.364202 0.818519 -0.652015 0.061342 0.75572 -0.852509 -0.068019 0.518268 -0.798587 0.094235 0.594457 -0.853911 0.011209 0.520298 -0.369685 -0.042154 0.928201 -0.379558 -0.068267 0.922646 -0.469742 0.052512 0.88124 -0.851119 0.115888 0.512022 -0.658236 0.227857 0.7175 -0.782978 0.254 0.567829 -0.443857 -0.014855 0.895975 -0.370346 0.050734 0.927508 -0.484204 0.219593 0.846951 -0.817295 0.273386 0.507237 -0.390904 0.214341 0.895127 -0.671579 0.353474 0.651182 -0.499768 0.334391 0.799008 -0.76157 0.376908 0.527211 -0.777557 0.376437 0.503686 -0.400105 0.328114 0.85572 0.613245 -0.120404 0.780663 0.597462 -0.185154 0.780229 0.765436 -0.146238 0.626676 0.470563 -0.115536 0.87477 0.774967 -0.097936 0.624367 0.442163 -0.092075 0.892196 0.785025 -0.016972 0.619231 0.454722 -0.049344 0.889265 0.630932 -0.049862 0.774234 0.44431 -0.364144 0.818528 0.846855 -0.108381 0.520663 0.369685 -0.042154 0.9282 0.379558 -0.068267 0.922646 0.652015 0.061342 0.75572 0.852509 -0.068019 0.518268 0.798587 0.094234 0.594457 0.853911 0.011208 0.520299 0.370346 0.050734 0.927508 0.469742 0.052512 0.88124 0.443852 -0.014854 0.895977 0.851119 0.115888 0.512022 0.390904 0.214341 0.895127 0.658236 0.227857 0.7175 0.484204 0.219593 0.846951 0.782978 0.254 0.567829 0.817295 0.273386 0.507237 0.400105 0.328114 0.85572 0.499768 0.334391 0.799008 0.76157 0.376908 0.527211 0.777557 0.376436 0.503687 0.671579 0.353474 0.651182 </float_array>
     <technique_common>
      <accessor source="#ID8-array" count="2781" stride="3">
       <param name="X" type="float"/>
       <param name="Y" type="float"/>
       <param name="Z" type="float"/>
      </accessor>
     </technique_common>
    </source>
    <source id="Chikorita-mesh-map-channel1">
     <float_array id="ID9-array" count="5562">0.133372 2.81802 0.090347 2.82288 0.127652 2.76052 0.104966 2.89274 0.166243 2.75936 0.144195 2.88966 0.169758 2.81455 0.175529 2.88353 0.080915 2.76474 0.140887 2.9261 0.107742 2.93681 0.198266 2.75975 0.157524 2.91426 0.199347 2.8138 0.182372 2.91004 0.201376 2.88302 0.142303 2.94611 0.204224 2.91419 0.225917 2.88235 0.225136 2.76102 0.166734 2.9408 0.173815 2.93441 0.228862 2.92588 0.225481 2.81347 0.25 2.88274 0.25 2.81379 0.187855 2.93263 0.161369 2.9486 0.184646 2.944 0.177247 2.955 0.25001 2.9299 0.206839 2.93774 0.229873 2.94829 0.25 2.76172 0.27409 2.88235 0.27452 2.81347 0.168161 2.96303 0.158693 2.97143 0.25001 2.95196 0.27115 2.92588 0.27014 2.94829 0.205783 2.95261 0.202846 2.96336 0.27487 2.76102 0.30066 2.8138 0.193425 2.98505 0.27044 2.95907 0.229568 2.95907 0.25001 2.96218 0.29579 2.91418 0.29317 2.93774 0.197214 2.97378 0.30174 2.75975 0.27149 2.96847 0.29423 2.95261 0.29717 2.96336 0.228526 2.96847 0.29863 2.88302 0.22817 2.99001 0.228438 2.97904 0.33025 2.81455 0.33376 2.75935 0.27158 2.97904 0.25001 2.97043 0.31537 2.944 0.31216 2.93263 0.32448 2.88353 0.31764 2.91004 0.25001 2.97939 0.25001 2.99051 0.36663 2.81802 0.37235 2.76051 0.32277 2.95499 0.3262 2.9344 0.33328 2.9408 0.27184 2.99001 0.40966 2.82287 0.41909 2.76473 0.34249 2.91425 0.35581 2.88965 0.3028 2.97378 0.39504 2.89273 0.35912 2.9261 0.33864 2.94859 0.35771 2.9461 0.30659 2.98505 0.33185 2.96303 0.39227 2.9368 0.34132 2.97142 0.226883 0.344784 0.223741 0.339742 0.234895 0.319901 0.218826 0.333966 0.231558 0.314521 0.22631 0.30595 0.212866 0.327283 0.220184 0.299247 0.228629 0.273115 0.240267 0.288617 0.234897 0.280528 0.246159 0.29924 0.249629 0.262735 0.243744 0.255707 0.237632 0.247532 0.246752 0.223072 0.258841 0.238402 0.252697 0.231343 0.256704 0.270578 0.26358 0.276788 0.26531 0.246286 0.267442 0.216103 0.261259 0.208404 0.255418 0.200491 0.263448 0.179502 0.269144 0.187275 0.27256 0.155515 0.274532 0.25496 0.282099 0.277376 0.274499 0.224841 0.278065 0.163407 0.275384 0.195248 0.282177 0.204605 0.283946 0.171548 0.283122 0.234143 0.288017 0.264192 0.295674 0.288453 0.286771 0.138731 0.292141 0.147057 0.290452 0.180221 0.298754 0.156244 0.289967 0.214798 0.298549 0.1907 0.306986 0.16633 0.295182 0.245969 0.301328 0.227338 0.309457 0.202797 0.317347 0.177181 0.301736 0.275651 0.308399 0.259735 0.314348 0.240907 0.322076 0.216526 0.308459 0.303808 0.315495 0.292709 0.321178 0.32921 0.322425 0.27651 0.329767 0.31481 0.331857 0.37169 0.32859 0.256642 0.28179 0.131014 0.344656 0.342542 0.337315 0.296723 0.343845 0.274592 0.336297 0.232273 0.329942 0.190565 0.353679 0.31963 0.361631 0.295824 0.351392 0.249534 0.344255 0.206151 0.350146 0.395953 0.330553 0.413004 0.360618 0.368935 0.37077 0.344838 0.336707 0.163288 0.322895 0.149907 0.351541 0.17938 0.359625 0.222963 0.369171 0.269103 0.381181 0.318862 0.342748 0.428646 0.326785 0.445142 0.364106 0.420164 0.375477 0.395056 0.388219 0.371358 0.343454 0.136015 0.328326 0.11594 0.358133 0.153075 0.348332 0.119141 0.332455 0.095333 0.363337 0.135966 0.37366 0.17208 0.367153 0.196064 0.376938 0.240306 0.383906 0.212675 0.389281 0.286819 0.395909 0.256309 0.41124 0.302703 0.405748 0.344135 0.335854 0.456376 0.318615 0.470884 0.354277 0.446745 0.375607 0.444617 0.387634 0.422358 0.400847 0.401703 0.379036 0.152718 0.369081 0.118452 0.389695 0.188981 0.416099 0.269658 0.401858 0.22791 0.406234 0.203474 0.394813 0.168281 0.384753 0.134004 0.376911 0.097575 0.326917 0.481922 0.344944 0.472357 0.364447 0.467728 0.385872 0.469094 0.398249 0.44888 0.43312 0.341338 0.416739 0.382998 0.410998 0.430029 0.433648 0.308073 0.420319 0.24045 0.435414 0.276974 0.422985 0.215221 0.410672 0.181673 0.400138 0.148671 0.390932 0.113735 0.386482 0.072317 0.335445 0.495913 0.353928 0.490677 0.373497 0.489898 0.408464 0.474259 0.420123 0.456208 0.436745 0.372323 0.454028 0.338889 0.424895 0.413276 0.43198 0.439721 0.442123 0.399237 0.456106 0.366287 0.43751 0.248767 0.439283 0.224167 0.426374 0.192784 0.441737 0.201467 0.415272 0.160863 0.430075 0.171279 0.405658 0.129433 0.420119 0.140066 0.36223 0.510432 0.381556 0.512466 0.395637 0.494779 0.453683 0.281633 0.45358 0.310274 0.454266 0.254735 0.455159 0.230584 0.456841 0.207948 0.444679 0.180285 0.434001 0.150204 0.399125 0.089793 0.394606 0.051254 0.412434 0.105673 0.406602 0.069224 0.403379 0.030186 0.414764 0.045774 0.418923 0.084519 0.426228 0.060857 0.437041 0.075229 0.425645 0.118403 0.431026 0.097793 0.438313 0.129133 0.447072 0.088728 0.442609 0.109118 0.456038 0.097685 0.453485 0.11816 0.465684 0.101333 0.450866 0.138433 0.464717 0.123863 0.476782 0.104059 0.447812 0.15999 0.46324 0.145148 0.476283 0.127759 0.488235 0.104986 0.458922 0.186625 0.461176 0.166856 0.488132 0.130319 0.5 0.105469 0.475564 0.149634 0.474243 0.170433 0.47278 0.19076 0.471502 0.212212 0.5 0.131282 0.487728 0.151968 0.487147 0.172465 0.5 0.152811 0.486436 0.193181 0.5 0.173309 0.485783 0.214687 0.5 0.194084 0.47056 0.234829 0.511868 0.130319 0.511765 0.104986 0.512272 0.151968 0.512853 0.172465 0.524436 0.149634 0.523717 0.127759 0.523218 0.104059 0.513564 0.193181 0.525757 0.170433 0.53676 0.145148 0.535283 0.123863 0.534316 0.101333 0.485408 0.237305 0.470326 0.258706 0.5 0.215636 0.514217 0.214687 0.52722 0.19076 0.538824 0.166856 0.546515 0.11816 0.543962 0.097685 0.549134 0.138433 0.552188 0.15999 0.541078 0.186625 0.528498 0.212212 0.470374 0.284607 0.485382 0.261202 0.5 0.238064 0.514592 0.237305 0.52944 0.234829 0.557391 0.109118 0.552927 0.088728 0.561687 0.129133 0.568974 0.097793 0.562959 0.075229 0.565999 0.150204 0.574355 0.118403 0.581077 0.084519 0.573772 0.060857 0.585236 0.045774 0.555321 0.180285 0.543159 0.207948 0.544841 0.230584 0.470403 0.311331 0.485495 0.286678 0.5 0.262114 0.514618 0.261202 0.529674 0.258706 0.545734 0.254735 0.579881 0.140066 0.569925 0.171279 0.558263 0.201467 0.560717 0.224167 0.56249 0.248767 0.587566 0.105673 0.593398 0.069224 0.596621 0.030186 0.605394 0.051254 0.600875 0.089793 0.613518 0.072317 0.594342 0.129433 0.609068 0.113735 0.623089 0.097575 0.584728 0.160863 0.599862 0.148671 0.615247 0.134004 0.630919 0.118452 0.573626 0.192784 0.589328 0.181673 0.577015 0.215221 0.579681 0.24045 0.564586 0.276974 0.546317 0.281633 0.605187 0.168281 0.593765 0.203474 0.598142 0.22791 0.583901 0.269658 0.566352 0.308073 0.620964 0.152718 0.610305 0.188981 0.616094 0.212675 0.62634 0.17208 0.636663 0.135966 0.604091 0.256309 0.58876 0.302703 0.529626 0.284607 0.54642 0.310274 0.632847 0.196064 0.623062 0.240306 0.610719 0.286819 0.56688 0.341338 0.545972 0.338889 0.529597 0.311331 0.514505 0.286678 0.641867 0.153075 0.651668 0.119141 0.648459 0.17938 0.640375 0.222963 0.630829 0.269103 0.618819 0.318862 0.594252 0.344135 0.528999 0.337738 0.514402 0.312221 0.5 0.287524 0.656546 0.136015 0.663293 0.163288 0.648608 0.249534 0.638369 0.295824 0.655745 0.206151 0.670058 0.190565 0.663703 0.232273 0.656155 0.274592 0.583261 0.382998 0.563255 0.372323 0.543894 0.366287 0.513993 0.337441 0.527765 0.36321 0.5 0.312763 0.485598 0.312221 0.671674 0.11594 0.677105 0.149907 0.682653 0.177181 0.677924 0.216526 0.67141 0.256642 0.667545 0.095333 0.575105 0.413276 0.557877 0.399237 0.540389 0.391748 0.51336 0.361934 0.525978 0.387408 0.5 0.337091 0.486007 0.337441 0.471001 0.337738 0.472235 0.36321 0.48664 0.361934 0.5 0.361313 0.512487 0.385343 0.690543 0.202797 0.693014 0.16633 0.685652 0.240907 0.589002 0.430029 0.56802 0.439721 0.552464 0.424728 0.53689 0.415499 0.523788 0.409989 0.459611 0.391748 0.474022 0.387408 0.487513 0.385343 0.5 0.38517 0.511507 0.407115 0.701451 0.1907 0.701246 0.156244 0.698672 0.227338 0.579877 0.456208 0.560629 0.463266 0.546893 0.447417 0.533291 0.436884 0.541577 0.466238 0.521485 0.430164 0.529584 0.454749 0.447536 0.424728 0.46311 0.415499 0.476212 0.409989 0.488493 0.407115 0.5 0.406551 0.510447 0.426373 0.519125 0.4475 0.709548 0.180221 0.707859 0.147057 0.710033 0.214798 0.570957 0.48079 0.553452 0.484528 0.535349 0.484223 0.439371 0.463266 0.453107 0.447417 0.466709 0.436884 0.458423 0.466238 0.478515 0.430164 0.470416 0.454749 0.489553 0.426373 0.480875 0.4475 0.5 0.425252 0.49063 0.443249 0.50937 0.443249 0.5 0.442077 0.508194 0.459698 0.516653 0.464322 0.525667 0.472185 0.491806 0.459698 0.5 0.458414 0.5 0.472837 0.506919 0.474725 0.51405 0.480914 0.521298 0.490161 0.483347 0.464322 0.493081 0.474725 0.5 0.483896 0.505909 0.487095 0.511206 0.494202 0.464651 0.484223 0.474333 0.472185 0.48595 0.480914 0.478702 0.490161 0.494091 0.487095 0.488794 0.494202 0.5 0.491372 0.494804 0.494477 0.490226 0.500783 0.483533 0.504901 0.487066 0.510993 0.485108 0.524413 0.471375 0.502593 0.479602 0.524199 0.505196 0.494477 0.509774 0.500783 0.516467 0.504901 0.512933 0.510993 0.514892 0.524413 0.446548 0.484528 0.454473 0.503449 0.464015 0.522825 0.528625 0.502593 0.520398 0.524199 0.429043 0.48079 0.438113 0.502754 0.41939 0.49972 0.448212 0.52132 0.431311 0.5221 0.483694 0.547329 0.486613 0.543045 0.490196 0.554235 0.472948 0.542013 0.459045 0.539948 0.44293 0.540022 0.424893 0.541843 0.407105 0.524326 0.387891 0.53568 0.43795 0.559151 0.454035 0.559957 0.449767 0.578538 0.468423 0.559994 0.464528 0.579452 0.46046 0.600762 0.479953 0.559848 0.476985 0.576692 0.474369 0.597369 0.472524 0.628319 0.488657 0.559859 0.486434 0.5717 0.484809 0.587486 0.483459 0.607715 0.4952 0.560125 0.49415 0.566274 0.5 0.561962 0.493062 0.578322 0.5 0.569617 0.492391 0.594052 0.5 0.581681 0.482508 0.632965 0.47792 0.65942 0.491854 0.613011 0.5 0.59669 0.50585 0.566274 0.5048 0.560125 0.506938 0.578322 0.507609 0.594052 0.484326 0.660572 0.481491 0.687355 0.491242 0.635822 0.5 0.61454 0.508146 0.613011 0.511343 0.559859 0.509804 0.554235 0.513566 0.5717 0.515191 0.587486 0.516541 0.607715 0.486924 0.686341 0.491277 0.660513 0.5 0.636228 0.508758 0.635822 0.517492 0.632965 0.516306 0.547329 0.513387 0.543045 0.520047 0.559848 0.527053 0.542013 0.523015 0.576692 0.531577 0.559994 0.52563 0.597369 0.535472 0.579452 0.527476 0.628319 0.52208 0.65942 0.515674 0.660572 0.518509 0.687355 0.508723 0.660513 0.513076 0.686341 0.5 0.660343 0.507419 0.685573 0.492582 0.685573 0.5 0.685171 0.493118 0.709902 0.506882 0.709902 0.5 0.710191 0.512746 0.711224 0.507241 0.733296 0.5 0.733671 0.492759 0.733296 0.487254 0.711224 0.486271 0.733754 0.482157 0.713688 0.480953 0.73495 0.513729 0.733754 0.517843 0.713688 0.519047 0.73495 0.53954 0.600762 0.550233 0.578538 0.545965 0.559957 0.56205 0.559151 0.540955 0.539948 0.55707 0.540022 0.575107 0.541843 0.535985 0.522825 0.551788 0.52132 0.545527 0.503449 0.561887 0.502754 0.568689 0.5221 0.58061 0.49972 0.592895 0.524326 0.591536 0.474259 0.604363 0.494779 0.612109 0.53568 0.601751 0.44888 0.614128 0.469094 0.618444 0.512466 0.599153 0.401703 0.612366 0.422358 0.611781 0.371358 0.624393 0.444617 0.624523 0.395056 0.62923 0.344838 0.626503 0.489898 0.635553 0.467728 0.635894 0.420164 0.645723 0.446745 0.639382 0.368935 0.646321 0.31963 0.630475 0.530382 0.625324 0.549965 0.63777 0.510432 0.646072 0.490677 0.655056 0.472357 0.657252 0.428646 0.664146 0.456376 0.649854 0.395953 0.655344 0.342542 0.662685 0.296723 0.640679 0.54954 0.634664 0.567846 0.647979 0.530904 0.656053 0.512637 0.664555 0.495913 0.673083 0.481922 0.674575 0.517463 0.665798 0.533707 0.657426 0.551262 0.67493 0.552443 0.64955 0.569465 0.666948 0.569985 0.642214 0.586954 0.658892 0.58796 0.650918 0.609359 0.673215 0.445142 0.681385 0.470884 0.669447 0.413004 0.668143 0.37169 0.670233 0.31481 0.678822 0.32921 0.677575 0.27651 0.684505 0.292709 0.691541 0.303808 0.691601 0.259735 0.698264 0.275651 0.704818 0.245969 0.704327 0.288453 0.711983 0.264192 0.717901 0.277376 0.716878 0.234143 0.725468 0.25496 0.73642 0.276788 0.717823 0.204605 0.725501 0.224841 0.73469 0.246286 0.732558 0.216103 0.716054 0.171548 0.724616 0.195248 0.721935 0.163407 0.730856 0.187275 0.713229 0.138731 0.72744 0.155515 0.736552 0.179502 0.738741 0.208404 0.744582 0.200491 0.753248 0.223072 0.747303 0.231343 0.741159 0.238402 0.756256 0.255707 0.750371 0.262735 0.743296 0.270578 0.753841 0.29924 0.762368 0.247532 0.771371 0.273115 0.765103 0.280528 0.759733 0.288617 0.77369 0.30595 0.779816 0.299247 0.787134 0.327283 0.781174 0.333966 0.768442 0.314521 0.776259 0.339742 0.765105 0.319901 0.773117 0.344784 0.71821 0.131014 0.31639 0.503578 0.308001 0.491502 0.305635 0.52323 0.291613 0.508136 0.325425 0.517463 0.315977 0.53711 0.296727 0.5401 0.307099 0.555523 0.32507 0.552443 0.316168 0.571053 0.343947 0.512637 0.334202 0.533707 0.352021 0.530904 0.342574 0.551262 0.333052 0.569985 0.299089 0.571948 0.308049 0.58829 0.324612 0.587439 0.369525 0.530382 0.374676 0.549965 0.359321 0.54954 0.365336 0.567846 0.35045 0.569465 0.357786 0.586954 0.341108 0.58796 0.349082 0.609359 0.332547 0.605529 0.316382 0.604777 0.300274 0.604185 0.291609 0.587626 0.288844 0.555014 0.281944 0.570023 0.30857 0.620829 0.324479 0.62235 0.316748 0.637824 0.339197 0.626049 0.33141 0.639769 0.324164 0.65362 0.351078 0.6365 0.344828 0.64519 0.354179 0.654405 0.337874 0.656645 0.349519 0.663201 0.35809 0.671816 0.355097 0.680113 0.344199 0.673211 0.350999 0.689442 0.331251 0.668663 0.33848 0.683692 0.345985 0.699016 0.283452 0.523181 0.273492 0.499271 0.277146 0.537278 0.269677 0.508736 0.26077 0.485198 0.27142 0.551582 0.264948 0.519532 0.259815 0.531348 0.2575 0.492073 0.253277 0.500631 0.248642 0.510781 0.249498 0.468957 0.246203 0.473017 0.242039 0.480143 0.237244 0.489139 0.68361 0.503578 0.691999 0.491502 0.684023 0.53711 0.694365 0.52323 0.708387 0.508136 0.683832 0.571053 0.692901 0.555523 0.703273 0.5401 0.675388 0.587439 0.691951 0.58829 0.700911 0.571948 0.667453 0.605529 0.683618 0.604777 0.699726 0.604185 0.708391 0.587626 0.711156 0.555014 0.718056 0.570023 0.716548 0.523181 0.722854 0.537278 0.72858 0.551582 0.726508 0.499271 0.730323 0.508736 0.73923 0.485198 0.735052 0.519532 0.7425 0.492073 0.750502 0.468957 0.753797 0.473017 0.746723 0.500631 0.757961 0.480143 0.740185 0.531348 0.751358 0.510781 0.762756 0.489139 0.69143 0.620829 0.675521 0.62235 0.683252 0.637824 0.660803 0.626049 0.66859 0.639769 0.675836 0.65362 0.648922 0.6365 0.655172 0.64519 0.645821 0.654405 0.662126 0.656645 0.650481 0.663201 0.64191 0.671816 0.644903 0.680113 0.655801 0.673211 0.649001 0.689442 0.668749 0.668663 0.66152 0.683692 0.654015 0.699016 0.21875 0.723325 0.205912 0.720679 0.21875 0.698031 0.207293 0.695928 0.19389 0.714726 0.21875 0.669668 0.196639 0.691641 0.183108 0.704037 0.208127 0.668365 0.21875 0.644904 0.187083 0.684697 0.174669 0.691088 0.197627 0.665759 0.208462 0.643952 0.21875 0.618326 0.180292 0.677311 0.169502 0.672342 0.188172 0.663828 0.178623 0.662546 0.166258 0.647437 0.198211 0.642619 0.188435 0.642047 0.177524 0.643301 0.1651 0.619768 0.177288 0.619053 0.166084 0.59065 0.188933 0.618692 0.178033 0.59374 0.198866 0.618281 0.189124 0.594109 0.179801 0.569445 0.169736 0.562351 0.208935 0.61813 0.199141 0.593179 0.208841 0.591906 0.21875 0.590448 0.188924 0.569193 0.198762 0.567087 0.180985 0.552392 0.187303 0.547209 0.174809 0.540305 0.182035 0.526176 0.191628 0.51576 0.195987 0.542074 0.206429 0.563116 0.20413 0.53735 0.202181 0.508879 0.21273 0.535571 0.213573 0.576043 0.213199 0.562307 0.21875 0.561717 0.21875 0.535156 0.21875 0.507523 0.211541 0.507295 0.21875 0.476622 0.211 0.47686 0.21875 0.446145 0.201231 0.477228 0.210899 0.44575 0.200934 0.445556 0.201492 0.414431 0.21875 0.415255 0.211153 0.414753 0.202592 0.392674 0.211962 0.393361 0.203762 0.369932 0.212349 0.370769 0.21875 0.371292 0.21875 0.393356 0.78125 0.723325 0.78125 0.698031 0.794088 0.720679 0.792707 0.695928 0.78125 0.669668 0.80611 0.714726 0.791873 0.668365 0.78125 0.644904 0.803361 0.691641 0.816892 0.704037 0.791538 0.643952 0.78125 0.618326 0.802373 0.665759 0.812917 0.684697 0.825331 0.691088 0.801789 0.642619 0.811828 0.663828 0.819708 0.677311 0.830498 0.672342 0.821377 0.662546 0.833742 0.647437 0.811565 0.642047 0.822476 0.643301 0.8349 0.619768 0.822712 0.619053 0.833916 0.59065 0.811067 0.618692 0.821967 0.59374 0.801134 0.618281 0.810876 0.594109 0.820199 0.569445 0.830264 0.562351 0.791065 0.61813 0.800859 0.593179 0.791159 0.591906 0.78125 0.590448 0.811076 0.569193 0.801238 0.567087 0.819015 0.552392 0.812697 0.547209 0.825191 0.540305 0.817965 0.526176 0.808372 0.51576 0.804013 0.542074 0.793571 0.563116 0.79587 0.53735 0.797819 0.508879 0.78727 0.535571 0.786427 0.576043 0.786801 0.562307 0.78125 0.561717 0.78125 0.535156 0.78125 0.507523 0.788459 0.507295 0.78125 0.476622 0.789001 0.47686 0.78125 0.446145 0.798769 0.477228 0.789101 0.44575 0.799066 0.445556 0.798508 0.414431 0.78125 0.415255 0.788847 0.414753 0.797408 0.392674 0.788038 0.393361 0.796238 0.369932 0.787651 0.370769 0.78125 0.371292 0.78125 0.393356 0.179687 0.742187 0.177989 0.7561 0.174917 0.742187 0.173476 0.759297 0.177933 0.771119 0.166054 0.742187 0.173686 0.776198 0.181239 0.781262 0.165352 0.764068 0.156682 0.742188 0.177746 0.788353 0.185409 0.78803 0.166431 0.784662 0.15589 0.768968 0.14876 0.742188 0.182353 0.798877 0.170227 0.801859 0.156671 0.795421 0.147939 0.77335 0.143189 0.742188 0.176392 0.816185 0.160055 0.820178 0.147906 0.804658 0.142379 0.775402 0.136719 0.742188 0.134286 0.772997 0.140922 0.809732 0.127915 0.814302 0.151063 0.834687 0.143982 0.846176 0.133679 0.858315 0.167276 0.842021 0.157714 0.865574 0.149847 0.88197 0.140838 0.893931 0.14976 0.929093 0.184564 0.824988 0.17704 0.856136 0.168854 0.88549 0.161039 0.908478 0.163477 0.959855 0.174429 0.927218 0.183626 0.988351 0.181832 0.895003 0.191105 0.938559 0.211457 0.992832 0.187357 0.861183 0.195002 0.897243 0.211157 0.94118 0.232297 0.983193 0.189537 0.80385 0.193305 0.790515 0.192646 0.829658 0.197124 0.807718 0.20133 0.790149 0.197953 0.861314 0.201669 0.832007 0.204515 0.809651 0.208398 0.789002 0.210432 0.896695 0.210627 0.859781 0.21127 0.831647 0.213299 0.810091 0.228387 0.936745 0.223493 0.891562 0.220907 0.857054 0.219652 0.829609 0.248687 0.967113 0.242923 0.92949 0.262492 0.944067 0.23529 0.883515 0.25596 0.912218 0.276413 0.904489 0.230745 0.851907 0.24552 0.870334 0.267677 0.883971 0.27751 0.851305 0.214863 0.798063 0.213687 0.786528 0.216074 0.793021 0.219201 0.809139 0.219236 0.800277 0.219826 0.796144 0.227387 0.825152 0.225199 0.80676 0.224603 0.800699 0.224608 0.797383 0.23946 0.844123 0.234233 0.818435 0.231086 0.802402 0.230086 0.79784 0.229405 0.794925 0.255035 0.851239 0.247757 0.831411 0.24037 0.810241 0.23555 0.796729 0.234085 0.792747 0.233124 0.789874 0.2711 0.847877 0.261302 0.827637 0.271703 0.80993 0.276783 0.813548 0.278455 0.779385 0.253808 0.813961 0.265875 0.801381 0.273361 0.774819 0.283203 0.742188 0.276733 0.742188 0.269235 0.771614 0.271162 0.742188 0.258456 0.793087 0.261493 0.767915 0.26324 0.742188 0.245328 0.799442 0.249509 0.783923 0.238861 0.788917 0.236832 0.785816 0.241755 0.776774 0.2527 0.762935 0.253868 0.742188 0.245005 0.742188 0.24353 0.758804 0.240234 0.742188 0.237796 0.756675 0.238171 0.774469 0.234874 0.764699 0.236054 0.773273 0.235278 0.783537 0.820313 0.742187 0.825083 0.742187 0.822011 0.7561 0.826524 0.759297 0.833946 0.742187 0.822067 0.771119 0.834648 0.764068 0.843318 0.742188 0.826314 0.776198 0.818761 0.781262 0.84411 0.768968 0.85124 0.742188 0.833569 0.784662 0.822254 0.788353 0.814591 0.78803 0.852061 0.77335 0.856812 0.742188 0.843329 0.795421 0.829773 0.801859 0.817647 0.798877 0.857621 0.775402 0.863281 0.742188 0.865714 0.772997 0.852094 0.804658 0.859078 0.809732 0.872085 0.814302 0.839945 0.820178 0.848937 0.834687 0.856018 0.846176 0.866321 0.858315 0.823608 0.816185 0.832724 0.842021 0.815436 0.824988 0.810463 0.80385 0.806695 0.790515 0.842286 0.865574 0.82296 0.856136 0.850153 0.88197 0.831146 0.88549 0.859162 0.893931 0.85024 0.929093 0.838961 0.908478 0.836523 0.959855 0.825571 0.927218 0.816374 0.988351 0.818168 0.895003 0.808895 0.938559 0.788543 0.992832 0.812643 0.861183 0.804998 0.897243 0.788843 0.94118 0.767703 0.983193 0.807354 0.829658 0.802047 0.861314 0.789568 0.896695 0.771613 0.936745 0.751313 0.967113 0.802876 0.807718 0.798331 0.832007 0.789373 0.859781 0.776507 0.891562 0.757077 0.92949 0.737508 0.944067 0.79867 0.790149 0.795485 0.809651 0.791602 0.789002 0.78873 0.831647 0.786701 0.810091 0.779093 0.857054 0.780348 0.829609 0.76471 0.883515 0.769255 0.851907 0.74404 0.912218 0.75448 0.870334 0.723587 0.904489 0.732323 0.883971 0.72249 0.851305 0.785137 0.798063 0.786313 0.786528 0.783926 0.793021 0.780799 0.809139 0.780764 0.800277 0.780174 0.796144 0.772613 0.825152 0.774801 0.80676 0.775397 0.800699 0.775392 0.797383 0.76054 0.844123 0.765767 0.818435 0.768914 0.802402 0.769914 0.79784 0.770595 0.794925 0.744965 0.851239 0.752243 0.831411 0.75963 0.810241 0.76445 0.796729 0.765915 0.792747 0.766876 0.789874 0.7289 0.847877 0.738698 0.827637 0.728297 0.80993 0.723217 0.813548 0.721545 0.779385 0.746192 0.813961 0.734125 0.801381 0.726639 0.774819 0.716797 0.742188 0.723267 0.742188 0.730765 0.771614 0.728838 0.742188 0.741544 0.793087 0.738507 0.767915 0.73676 0.742188 0.754672 0.799442 0.750491 0.783923 0.761139 0.788917 0.763168 0.785816 0.758245 0.776774 0.7473 0.762935 0.746132 0.742188 0.754995 0.742188 0.75647 0.758804 0.759766 0.742188 0.762204 0.756675 0.761829 0.774469 0.765126 0.764699 0.763946 0.773273 0.764722 0.783537 0.762045 0.453125 0.75412 0.453125 0.756286 0.430522 0.748538 0.435208 0.747177 0.453125 0.746826 0.409603 0.741831 0.437304 0.737854 0.453125 0.741696 0.420485 0.735566 0.438718 0.726563 0.453125 0.738405 0.427977 0.733151 0.424439 0.726563 0.439777 0.733369 0.40991 0.726563 0.423219 0.734674 0.393543 0.726563 0.407954 0.726563 0.388941 0.71851 0.394406 0.71943 0.410921 0.70518 0.41314 0.720112 0.425067 0.717952 0.439457 0.715202 0.426683 0.711463 0.420707 0.712085 0.437836 0.704654 0.435364 0.695944 0.432854 0.716764 0.453125 0.708413 0.453125 0.697816 0.453125 0.688618 0.453125 0.708932 0.367188 0.712252 0.346986 0.715546 0.367187 0.717891 0.346702 0.716481 0.328293 0.726563 0.367188 0.720426 0.328458 0.726563 0.346623 0.722102 0.319872 0.721758 0.311475 0.726562 0.328445 0.726562 0.314678 0.726562 0.305405 0.730828 0.31051 0.730437 0.320415 0.737225 0.328134 0.732588 0.328427 0.736108 0.346182 0.741968 0.346292 0.738579 0.367187 0.746424 0.367187 0.237955 0.453125 0.243714 0.430522 0.24588 0.453125 0.251462 0.435208 0.253174 0.409603 0.252823 0.453125 0.258304 0.420485 0.258169 0.437304 0.262146 0.453125 0.261595 0.427977 0.264434 0.438718 0.266849 0.424439 0.266631 0.40991 0.265326 0.393543 0.273438 0.453125 0.273438 0.439777 0.273438 0.423219 0.273438 0.407954 0.273438 0.388941 0.28149 0.394406 0.28057 0.410921 0.29482 0.41314 0.279888 0.425067 0.282048 0.439457 0.284798 0.426683 0.288537 0.420707 0.287915 0.437836 0.295346 0.435364 0.304056 0.432854 0.283236 0.453125 0.291587 0.453125 0.302184 0.453125 0.311382 0.453125 0.291068 0.367188 0.284454 0.367187 0.287748 0.346986 0.282109 0.346702 0.273438 0.367188 0.283519 0.328293 0.273438 0.346623 0.279574 0.328458 0.277898 0.319872 0.278242 0.311475 0.273438 0.328445 0.273438 0.314678 0.273438 0.305405 0.269172 0.31051 0.269563 0.320415 0.262775 0.328134 0.267412 0.328427 0.263892 0.346182 0.258032 0.346292 0.261421 0.367187 0.253576 0.367187 0.605764 0.621094 0.59947 0.621094 0.603061 0.595914 0.597331 0.597948 0.589844 0.621094 0.595475 0.582478 0.597613 0.577557 0.589844 0.59776 0.580376 0.621094 0.592958 0.573429 0.593332 0.566256 0.589844 0.583256 0.589844 0.571057 0.589844 0.561403 0.58612 0.564418 0.586586 0.573163 0.581095 0.575828 0.583414 0.581387 0.575528 0.592238 0.581132 0.5963 0.572832 0.621094 0.625179 0.699219 0.617491 0.699219 0.615301 0.675862 0.609661 0.681416 0.60875 0.699219 0.606027 0.658363 0.604309 0.686433 0.600862 0.699219 0.602068 0.668591 0.597663 0.687016 0.589844 0.699219 0.600686 0.676616 0.595567 0.675115 0.589844 0.686818 0.595049 0.661116 0.589844 0.674497 0.583183 0.68565 0.581781 0.699219 0.596142 0.646242 0.589844 0.658604 0.589844 0.642994 0.582534 0.64626 0.583534 0.661401 0.572356 0.657062 0.583841 0.674724 0.578491 0.675897 0.575961 0.667092 0.575 0.685654 0.567528 0.682378 0.572015 0.699219 0.559238 0.699219 0.560811 0.676759 0.550236 0.699219 0.394236 0.621094 0.396939 0.595914 0.40053 0.621094 0.402669 0.597948 0.410156 0.621094 0.404525 0.582478 0.402387 0.577557 0.410156 0.59776 0.419624 0.621094 0.407042 0.573429 0.406668 0.566256 0.410156 0.583256 0.410156 0.571057 0.410156 0.561403 0.41388 0.564418 0.413414 0.573163 0.418905 0.575828 0.416586 0.581387 0.424472 0.592238 0.418868 0.5963 0.427168 0.621094 0.374821 0.699219 0.384699 0.675862 0.382509 0.699219 0.390339 0.681416 0.393973 0.658363 0.39125 0.699219 0.397932 0.668591 0.395691 0.686433 0.399138 0.699219 0.399314 0.676616 0.402337 0.687016 0.404433 0.675115 0.404951 0.661116 0.403858 0.646242 0.410156 0.699219 0.410156 0.686818 0.410156 0.674497 0.416817 0.68565 0.418219 0.699219 0.410156 0.658604 0.410156 0.642994 0.417466 0.64626 0.416466 0.661401 0.427644 0.657062 0.416159 0.674724 0.421509 0.675897 0.424039 0.667092 0.425 0.685654 0.432472 0.682378 0.427985 0.699219 0.440762 0.699219 0.439189 0.676759 0.449764 0.699219 0.433594 0.726563 0.427575 0.751948 0.429506 0.726563 0.424343 0.750331 0.424694 0.77452 0.423569 0.726563 0.419813 0.774958 0.419414 0.748207 0.417564 0.726563 0.415901 0.799389 0.425265 0.807216 0.416434 0.837525 0.415061 0.772456 0.414464 0.747286 0.4116 0.726563 0.410593 0.793445 0.410847 0.770469 0.409473 0.746623 0.406174 0.726563 0.408444 0.826059 0.404017 0.816517 0.407271 0.78909 0.400957 0.808384 0.407353 0.768898 0.40574 0.74727 0.403302 0.853924 0.412273 0.869285 0.398195 0.840846 0.394768 0.825859 0.398501 0.80034 0.392428 0.810731 0.40404 0.78501 0.404056 0.768061 0.402021 0.747822 0.400391 0.726563 0.396969 0.746715 0.398602 0.754889 0.401199 0.76755 0.399106 0.767971 0.401067 0.78149 0.398915 0.77925 0.397489 0.777362 0.395425 0.784471 0.396052 0.787702 0.39103 0.789652 0.396983 0.793146 0.390862 0.794087 0.391216 0.80021 0.386716 0.790064 0.385401 0.795386 0.382242 0.786076 0.38529 0.803381 0.386464 0.818496 0.3884 0.840727 0.378429 0.822185 0.378367 0.8027 0.379361 0.791511 0.37958 0.78007 0.370124 0.780913 0.369903 0.798772 0.369482 0.820964 0.391735 0.863551 0.379363 0.849883 0.368589 0.853118 0.381924 0.882589 0.397278 0.883821 0.406643 0.904522 0.387269 0.913658 0.395666 0.94066 0.368827 0.893495 0.370595 0.93185 0.376508 0.979202 0.350032 0.977397 0.352383 0.933256 0.330409 0.964925 0.354686 0.892163 0.357524 0.850087 0.340239 0.88715 0.334966 0.929446 0.313451 0.943546 0.319328 0.914493 0.300455 0.912027 0.359839 0.818335 0.346046 0.844393 0.327441 0.874297 0.308305 0.885714 0.290364 0.866713 0.36083 0.794692 0.361233 0.780194 0.34962 0.814108 0.351335 0.791705 0.351551 0.77957 0.335357 0.835233 0.340328 0.808162 0.343645 0.788148 0.344565 0.779529 0.340246 0.776224 0.337904 0.784893 0.33649 0.771468 0.318082 0.852545 0.326431 0.823753 0.333119 0.801977 0.300461 0.851832 0.312903 0.827414 0.320929 0.807671 0.32783 0.791869 0.333194 0.779405 0.293026 0.822298 0.300145 0.81568 0.296876 0.783995 0.310339 0.800447 0.3022 0.780581 0.301061 0.75003 0.31772 0.78817 0.309459 0.773485 0.304713 0.748278 0.302735 0.722655 0.306823 0.722656 0.310632 0.746903 0.312759 0.722656 0.316207 0.766631 0.31658 0.744392 0.318765 0.722656 0.324119 0.778075 0.322393 0.760783 0.329551 0.770382 0.333561 0.765343 0.327903 0.756456 0.332493 0.75465 0.32263 0.741809 0.328273 0.739809 0.324728 0.722657 0.330155 0.722657 0.333459 0.739039 0.335938 0.722658 0.234015 0.665445 0.23937 0.654603 0.242527 0.680335 0.247022 0.670319 0.246733 0.644383 0.250147 0.691987 0.253091 0.66057 0.256035 0.637064 0.253833 0.682917 0.257907 0.674844 0.260403 0.654325 0.269531 0.632813 0.260126 0.693109 0.258456 0.701883 0.26132 0.68501 0.263257 0.670727 0.264924 0.684824 0.269531 0.668823 0.269531 0.650996 0.265559 0.696695 0.269531 0.684022 0.264839 0.706949 0.269531 0.697656 0.269531 0.708709 0.274913 0.704291 0.27427 0.694898 0.281924 0.695912 0.274262 0.682326 0.279295 0.688303 0.288837 0.685285 0.275508 0.668184 0.277381 0.681963 0.285157 0.6774 0.280698 0.669834 0.292211 0.660219 0.297987 0.669438 0.277503 0.650228 0.285206 0.651779 0.280093 0.63418 0.289401 0.638108 0.297511 0.646635 0.304743 0.657676 0.765985 0.665445 0.757473 0.680335 0.76063 0.654603 0.752978 0.670319 0.749853 0.691987 0.753267 0.644383 0.746909 0.66057 0.743965 0.637064 0.746167 0.682917 0.742093 0.674844 0.739597 0.654325 0.730469 0.632813 0.739874 0.693109 0.741544 0.701883 0.73868 0.68501 0.736743 0.670727 0.735076 0.684824 0.730469 0.668823 0.730469 0.650996 0.734441 0.696695 0.730469 0.684022 0.735161 0.706949 0.730469 0.697656 0.730469 0.708709 0.725087 0.704291 0.72573 0.694898 0.718076 0.695912 0.725738 0.682326 0.720705 0.688303 0.711163 0.685285 0.724492 0.668184 0.722619 0.681963 0.714843 0.6774 0.719302 0.669834 0.707789 0.660219 0.702013 0.669438 0.722497 0.650228 0.714794 0.651779 0.719907 0.63418 0.710599 0.638108 0.702489 0.646635 0.695257 0.657676 0.664062 0.722658 0.669845 0.722657 0.666541 0.739039 0.671727 0.739809 0.675272 0.722657 0.667507 0.75465 0.67737 0.741809 0.681235 0.722656 0.672097 0.756456 0.666439 0.765343 0.68342 0.744392 0.687241 0.722656 0.677607 0.760783 0.670449 0.770382 0.66351 0.771468 0.689368 0.746903 0.693177 0.722656 0.683793 0.766631 0.675881 0.778075 0.666806 0.779405 0.695287 0.748278 0.697265 0.722655 0.698938 0.75003 0.690541 0.773485 0.6978 0.780581 0.703124 0.783995 0.68228 0.78817 0.689661 0.800447 0.699855 0.81568 0.706974 0.822298 0.67217 0.791869 0.679071 0.807671 0.687097 0.827414 0.699539 0.851832 0.709636 0.866713 0.662096 0.784893 0.666881 0.801977 0.673569 0.823753 0.659672 0.808162 0.681918 0.852545 0.664643 0.835233 0.691695 0.885714 0.672559 0.874297 0.699545 0.912027 0.680672 0.914493 0.686549 0.943546 0.659754 0.776224 0.656355 0.788148 0.655435 0.779529 0.648449 0.77957 0.648665 0.791705 0.638767 0.780194 0.65038 0.814108 0.63917 0.794692 0.629876 0.780913 0.653954 0.844393 0.640161 0.818335 0.630097 0.798772 0.659761 0.88715 0.642476 0.850087 0.630518 0.820964 0.665034 0.929446 0.669591 0.964925 0.647617 0.933256 0.649968 0.977397 0.645314 0.892163 0.631411 0.853118 0.631173 0.893495 0.629405 0.93185 0.623492 0.979202 0.604334 0.94066 0.612731 0.913658 0.593357 0.904522 0.618076 0.882589 0.602722 0.883821 0.587727 0.869285 0.620639 0.791511 0.62042 0.78007 0.617758 0.786076 0.621633 0.8027 0.614599 0.795386 0.613284 0.790064 0.621571 0.822185 0.61471 0.803381 0.620637 0.849883 0.608265 0.863551 0.6116 0.840727 0.613536 0.818496 0.596698 0.853924 0.601804 0.840846 0.605232 0.825859 0.607572 0.810731 0.608784 0.80021 0.609138 0.794087 0.60897 0.789652 0.583566 0.837525 0.591556 0.826059 0.595983 0.816517 0.584099 0.799389 0.574735 0.807216 0.575306 0.77452 0.599043 0.808384 0.589407 0.793445 0.601499 0.80034 0.592729 0.78909 0.603017 0.793146 0.59596 0.78501 0.603948 0.787702 0.598933 0.78149 0.604575 0.784471 0.601085 0.77925 0.602511 0.777362 0.600894 0.767971 0.598801 0.76755 0.601398 0.754889 0.595944 0.768061 0.597979 0.747822 0.603031 0.746715 0.599609 0.726563 0.593826 0.726563 0.59426 0.74727 0.592647 0.768898 0.590527 0.746623 0.589153 0.770469 0.584939 0.772456 0.585536 0.747286 0.5884 0.726563 0.582436 0.726563 0.580586 0.748207 0.576431 0.726563 0.580187 0.774958 0.575657 0.750331 0.572425 0.751948 0.570494 0.726563 0.566406 0.726563 0.228026 0.100946 0.230503 0.112543 0.222966 0.116643 0.234375 0.098754 0.227908 0.122429 0.221084 0.1358 0.234375 0.111522 0.234375 0.123254 0.238461 0.112881 0.241433 0.102316 0.246772 0.118056 0.241697 0.123227 0.234375 0.137207 0.24329 0.137398 0.249825 0.136173 0.226712 0.136463 0.226474 0.153243 0.234375 0.153129 0.243395 0.153898 0.249672 0.1553 0.247759 0.167969 0.242532 0.167969 0.234375 0.167969 0.227295 0.167969 0.222785 0.167969 0.220824 0.153673 0.771974 0.100946 0.777034 0.116643 0.769497 0.112543 0.765625 0.098754 0.772092 0.122429 0.778916 0.1358 0.765625 0.111522 0.765625 0.123254 0.761539 0.112881 0.758567 0.102316 0.753228 0.118056 0.758303 0.123227 0.765625 0.137207 0.75671 0.137398 0.750175 0.136173 0.773288 0.136463 0.773526 0.153243 0.765625 0.153129 0.756605 0.153898 0.750328 0.1553 0.752241 0.167969 0.757468 0.167969 0.765625 0.167969 0.772705 0.167969 0.777215 0.167969 0.779176 0.153673 0.018691 0.948691 0.023945 0.948481 0.019745 0.96875 0.024342 0.96875 0.03125 0.96875 0.018652 0.928199 0.03125 0.948016 0.03816 0.96875 0.02361 0.926604 0.020121 0.905629 0.039088 0.947012 0.042357 0.96875 0.044261 0.946451 0.03125 0.92621 0.038741 0.924973 0.044558 0.923492 0.024238 0.908765 0.029143 0.90745 0.025951 0.897447 0.022897 0.889615 0.029 0.893919 0.027924 0.883834 0.033333 0.906459 0.032932 0.893029 0.033672 0.883105 0.038929 0.887604 0.036372 0.896529 0.042904 0.901161 0.037917 0.905446 0.966328 0.883105 0.967068 0.893029 0.961071 0.887604 0.972076 0.883834 0.963628 0.896529 0.957096 0.901161 0.971 0.893919 0.977103 0.889615 0.966667 0.906459 0.962083 0.905446 0.955443 0.923492 0.961259 0.924973 0.955739 0.946451 0.974049 0.897447 0.979879 0.905629 0.970858 0.90745 0.975762 0.908765 0.97639 0.926604 0.96875 0.92621 0.960912 0.947012 0.96875 0.948016 0.957643 0.96875 0.96184 0.96875 0.96875 0.96875 0.976055 0.948481 0.975658 0.96875 0.980255 0.96875 0.981309 0.948691 0.981348 0.928199 0.441406 0.945313 0.438521 0.940002 0.441406 0.938296 0.437933 0.945313 0.444278 0.939974 0.438533 0.950653 0.44486 0.945313 0.441406 0.952328 0.444289 0.950616 0.441406 0.928052 0.433039 0.945313 0.435136 0.932971 0.449763 0.945313 0.441406 0.962571 0.427468 0.945313 0.441406 0.917187 0.43116 0.925047 0.447663 0.932951 0.43514 0.957674 0.447667 0.957656 0.441406 0.903832 0.42076 0.945313 0.426839 0.916149 0.455337 0.945313 0.451635 0.925044 0.441406 0.973435 0.431163 0.965574 0.455958 0.916158 0.451638 0.965577 0.462034 0.945313 0.426839 0.97447 0.441406 0.986793 0.455959 0.974471 0.451172 0.84375 0.44762 0.837323 0.451172 0.836621 0.447249 0.84375 0.454605 0.837322 0.447623 0.850944 0.454989 0.84375 0.451172 0.851554 0.454607 0.850944 0.451172 0.82535 0.441682 0.84375 0.444128 0.829854 0.460689 0.84375 0.451172 0.862101 0.436172 0.84375 0.451172 0.814371 0.440463 0.822376 0.458263 0.829874 0.444104 0.857484 0.458283 0.857458 0.451172 0.802475 0.430188 0.84375 0.43645 0.814476 0.466255 0.84375 0.461984 0.822404 0.451172 0.872784 0.440427 0.864688 0.465995 0.814492 0.462018 0.864652 0.472255 0.84375 0.436435 0.872545 0.451172 0.884546 0.46601 0.872526 0.183594 0.160156 0.180708 0.154846 0.183594 0.15314 0.18012 0.160156 0.186465 0.154818 0.180721 0.165497 0.187047 0.160156 0.183594 0.167172 0.186477 0.16546 0.183594 0.142896 0.175226 0.160156 0.177324 0.147815 0.191951 0.160156 0.183594 0.177414 0.169655 0.160156 0.183594 0.13203 0.173348 0.13989 0.18985 0.147795 0.177328 0.172518 0.189854 0.1725 0.183594 0.118675 0.162947 0.160156 0.169027 0.130993 0.197524 0.160156 0.193823 0.139887 0.183594 0.188279 0.17335 0.180418 0.198146 0.131002 0.193825 0.180421 0.204221 0.160156 0.169027 0.189313 0.183594 0.201637 0.198146 0.189315 0.5 0.90616 0.496498 0.906176 0.497061 0.900925 0.497072 0.911432 0.5 0.899332 0.5 0.913068 0.502939 0.900925 0.502928 0.911432 0.503502 0.906176 0.491657 0.906169 0.5 0.888933 0.5 0.923439 0.508343 0.906169 0.493726 0.893975 0.493731 0.918366 0.486154 0.906162 0.506274 0.893975 0.506269 0.918366 0.489808 0.926173 0.489806 0.886154 0.479542 0.906161 0.5 0.878014 0.5 0.934427 0.513846 0.906162 0.48554 0.877373 0.48554 0.934945 0.510194 0.886154 0.5 0.865834 0.510192 0.926173 0.5 0.946666 0.51446 0.877373 0.51446 0.934945 0.520458 0.906161 0.5 0.804688 0.497155 0.799438 0.500001 0.797754 0.496574 0.80469 0.502845 0.799439 0.497166 0.809954 0.503426 0.804691 0.499999 0.811608 0.502833 0.809954 0.500001 0.78764 0.491742 0.804693 0.493815 0.792496 0.508258 0.804695 0.499999 0.82172 0.486242 0.804697 0.500002 0.776913 0.48989 0.784672 0.506187 0.792497 0.493815 0.816886 0.506183 0.816887 0.500003 0.763727 0.479619 0.804684 0.485626 0.775887 0.513758 0.804699 0.510113 0.784674 0.499998 0.832447 0.489887 0.824684 0.514379 0.775889 0.51011 0.824686 0.520381 0.804688 0.485617 0.833467 0.499997 0.845635 0.514378 0.833469 0.558594 0.945313 0.558594 0.938296 0.561479 0.940002 0.555722 0.939974 0.562068 0.945313 0.55514 0.945313 0.561467 0.950653 0.555711 0.950616 0.558594 0.952328 0.558594 0.928052 0.566961 0.945313 0.550237 0.945313 0.558594 0.962571 0.564864 0.932971 0.552338 0.932951 0.558594 0.917187 0.56486 0.957674 0.552333 0.957656 0.548365 0.925044 0.56884 0.925047 0.558594 0.903832 0.572532 0.945313 0.544663 0.945313 0.558594 0.973435 0.573161 0.916149 0.544042 0.916158 0.568837 0.965574 0.57924 0.945313 0.548362 0.965577 0.537966 0.945313 0.573161 0.97447 0.544041 0.974471 0.558594 0.986793 0.548828 0.84375 0.548828 0.836621 0.552379 0.837323 0.545395 0.837322 0.552751 0.84375 0.545011 0.84375 0.552377 0.850944 0.545393 0.850944 0.548828 0.851554 0.548828 0.82535 0.558318 0.84375 0.539311 0.84375 0.548828 0.862101 0.555872 0.829854 0.541737 0.829874 0.548828 0.814371 0.555896 0.857484 0.541717 0.857458 0.538016 0.822404 0.559537 0.822376 0.548828 0.802475 0.563828 0.84375 0.533745 0.84375 0.548828 0.872784 0.56355 0.814476 0.534005 0.814492 0.559573 0.864688 0.569812 0.84375 0.537982 0.864652 0.527745 0.84375 0.563565 0.872545 0.53399 0.872526 0.548828 0.884546 0.816406 0.160156 0.816406 0.15314 0.819291 0.154846 0.813535 0.154818 0.81988 0.160156 0.812953 0.160156 0.819279 0.165497 0.813523 0.16546 0.816406 0.167172 0.816406 0.142896 0.824774 0.160156 0.808049 0.160156 0.816406 0.177414 0.822676 0.147815 0.81015 0.147795 0.816406 0.13203 0.822672 0.172518 0.810146 0.1725 0.806177 0.139887 0.826652 0.13989 0.816406 0.118675 0.830345 0.160156 0.802476 0.160156 0.816406 0.188279 0.830973 0.130993 0.801854 0.131002 0.82665 0.180418 0.837053 0.160156 0.806175 0.180421 0.795779 0.160156 0.830973 0.189313 0.801854 0.189315 0.816406 0.201637 0.090797 0.843174 0.089039 0.864787 0.085938 0.843442 0.091106 0.864305 0.085938 0.812732 0.103497 0.828681 0.091053 0.808504 0.099456 0.820485 0.085938 0.865309 0.09287 0.888515 0.089537 0.890603 0.085938 0.779049 0.112512 0.798435 0.085938 0.891142 0.094656 0.913397 0.093013 0.780685 0.085938 0.742079 0.107044 0.79253 0.09586 0.802881 0.090282 0.916577 0.085938 0.91764 0.096316 0.742415 0.085938 0.713842 0.122664 0.762465 0.100472 0.784573 0.090393 0.936664 0.085938 0.938134 0.095907 0.930278 0.098232 0.714194 0.085938 0.679767 0.116899 0.754892 0.131341 0.724778 0.10718 0.74749 0.090803 0.956076 0.085938 0.960097 0.097901 0.943306 0.100263 0.679685 0.085938 0.645461 0.125199 0.720265 0.132515 0.682317 0.138652 0.684179 0.112617 0.715796 0.101844 0.645762 0.085938 0.60989 0.138858 0.648459 0.117257 0.680266 0.120911 0.646399 0.103527 0.610028 0.085938 0.564093 0.14548 0.650011 0.104256 0.56449 0.104804 0.508176 0.085938 0.507569 0.123162 0.6104 0.143818 0.611691 0.150622 0.612961 0.105195 0.453125 0.085938 0.453125 0.125678 0.564884 0.148052 0.565416 0.155548 0.56617 0.105087 0.401166 0.085938 0.400983 0.127827 0.508477 0.151299 0.508578 0.159216 0.508774 0.104367 0.344108 0.085938 0.344241 0.128731 0.453125 0.128465 0.401344 0.152598 0.453125 0.160738 0.453125 0.103153 0.288682 0.085938 0.289064 0.126805 0.344262 0.152527 0.401421 0.160517 0.400951 0.101231 0.237074 0.085938 0.237326 0.123921 0.288796 0.158137 0.344056 0.150373 0.344577 0.098937 0.190548 0.085938 0.190807 0.119216 0.237078 0.145719 0.288873 0.153181 0.288083 0.096582 0.151354 0.085938 0.151884 0.113614 0.189906 0.137962 0.236514 0.144611 0.234743 0.094105 0.114322 0.085938 0.114734 0.108031 0.150899 0.128728 0.189418 0.134617 0.186465 0.091652 0.08584 0.085938 0.086247 0.102098 0.113702 0.119031 0.149419 0.124566 0.146108 0.089069 0.064526 0.085938 0.064861 0.0967 0.085656 0.109196 0.112278 0.11429 0.108928 0.086673 0.043833 0.085938 0.042654 0.092702 0.06079 0.10164 0.08483 0.105905 0.082608 0.089566 0.040004 0.085938 0.027422 0.095612 0.058173 0.099316 0.054509 0.087161 0.018925 0.085938 0.016265 0.091809 0.036643 0.088339 0.016519 0.085938 0.013068 0.094182 0.032385 0.089329 0.013195 0.085937 0.00998598 0.071889 0.849475 0.073733 0.868776 0.070193 0.871364 0.076172 0.851055 0.059469 0.834674 0.076172 0.812055 0.062401 0.82463 0.072074 0.810812 0.07344 0.894875 0.076172 0.868155 0.076172 0.893532 0.051584 0.806984 0.076172 0.78296 0.069851 0.896312 0.076172 0.916792 0.05565 0.801598 0.048282 0.76783 0.042453 0.772827 0.069431 0.783718 0.067004 0.808459 0.072602 0.918587 0.068429 0.919649 0.039701 0.730107 0.033052 0.734134 0.076172 0.756885 0.062722 0.789949 0.071848 0.931627 0.066314 0.934112 0.076172 0.929577 0.032839 0.689718 0.025794 0.690401 0.066724 0.758127 0.076172 0.724417 0.056469 0.762262 0.050886 0.727687 0.07175 0.942063 0.064955 0.946549 0.076172 0.939241 0.027211 0.653739 0.019387 0.654442 0.064467 0.725175 0.076172 0.688472 0.046388 0.689058 0.023131 0.615551 0.01454 0.615401 0.062517 0.688609 0.076172 0.652644 0.042732 0.653205 0.019339 0.566803 0.009803 0.56629 0.061133 0.652862 0.076172 0.615494 0.039881 0.615475 0.016473 0.50808 0.00665 0.507901 0.060055 0.6155 0.076172 0.567551 0.037459 0.567049 0.015644 0.453125 0.005746 0.453125 0.059202 0.56741 0.076172 0.508624 0.035666 0.508483 0.006227 0.400839 0.058668 0.508621 0.059672 0.453125 0.076172 0.453125 0.035188 0.453125 0.016016 0.400537 0.008863 0.343667 0.059885 0.400317 0.076172 0.400189 0.018355 0.343805 0.014182 0.288288 0.035547 0.400397 0.060625 0.343508 0.076172 0.343542 0.022884 0.288297 0.022334 0.235835 0.03729 0.343624 0.061764 0.28796 0.076172 0.287884 0.029998 0.236096 0.032562 0.188165 0.04024 0.288 0.063484 0.236092 0.076172 0.236035 0.038533 0.188945 0.042199 0.148732 0.045163 0.23602 0.065418 0.18946 0.076172 0.189556 0.046854 0.149857 0.051548 0.111557 0.050575 0.189184 0.067716 0.150957 0.076172 0.151055 0.054874 0.112639 0.058941 0.085033 0.056239 0.150508 0.069638 0.113735 0.076172 0.113955 0.0612 0.085519 0.064024 0.056498 0.061386 0.113181 0.071534 0.086171 0.076172 0.08617 0.065972 0.056311 0.068098 0.033113 0.065733 0.085797 0.076172 0.061982 0.069861 0.034315 0.073536 0.015406 0.072507 0.01353 0.069985 0.058049 0.073733 0.060502 0.075171 0.043453 0.076172 0.041706 0.074967 0.018277 0.072712 0.038475 0.076172 0.010273 0.076172 0.0314 0.076187 0.015511 0.076172 0.01282 0.909203 0.843174 0.914063 0.843442 0.910961 0.864787 0.914063 0.812732 0.908894 0.864305 0.908947 0.808504 0.896503 0.828681 0.900544 0.820485 0.914063 0.865309 0.914063 0.779049 0.90713 0.888515 0.887488 0.798435 0.910463 0.890603 0.914063 0.891142 0.906987 0.780685 0.90414 0.802881 0.892956 0.79253 0.877336 0.762465 0.909718 0.916577 0.914063 0.91764 0.905344 0.913397 0.914063 0.742079 0.883101 0.754892 0.868659 0.724778 0.899527 0.784573 0.909607 0.936664 0.914063 0.938134 0.904093 0.930278 0.903684 0.742415 0.914063 0.713842 0.874801 0.720265 0.867485 0.682317 0.861348 0.684179 0.89282 0.74749 0.909197 0.956076 0.914063 0.960097 0.902099 0.943306 0.901768 0.714194 0.914063 0.679767 0.882743 0.680266 0.887383 0.715796 0.861142 0.648459 0.85452 0.650011 0.899737 0.679685 0.914063 0.645461 0.879089 0.646399 0.856182 0.611691 0.849378 0.612961 0.898156 0.645762 0.914063 0.60989 0.876838 0.6104 0.851948 0.565416 0.844452 0.56617 0.896473 0.610028 0.914063 0.564093 0.874322 0.564884 0.848701 0.508578 0.840784 0.508774 0.895744 0.56449 0.895196 0.508176 0.914063 0.507569 0.872173 0.508477 0.847402 0.453125 0.839262 0.453125 0.894805 0.453125 0.914063 0.453125 0.871269 0.453125 0.847473 0.401421 0.839483 0.400951 0.894913 0.401166 0.914063 0.400983 0.841863 0.344056 0.871535 0.401344 0.895633 0.344108 0.914063 0.344241 0.849627 0.344577 0.846819 0.288083 0.873195 0.344262 0.896847 0.288682 0.914063 0.289064 0.854281 0.288873 0.855389 0.234743 0.876079 0.288796 0.898769 0.237074 0.914063 0.237326 0.862038 0.236514 0.865383 0.186465 0.880784 0.237078 0.901063 0.190548 0.914063 0.190807 0.871272 0.189418 0.875435 0.146108 0.886386 0.189906 0.903418 0.151354 0.914063 0.151884 0.880969 0.149419 0.88571 0.108928 0.891969 0.150899 0.905895 0.114322 0.914063 0.114734 0.890804 0.112278 0.894095 0.082608 0.897902 0.113702 0.908348 0.08584 0.914063 0.086247 0.89836 0.08483 0.900684 0.054509 0.9033 0.085656 0.910931 0.064526 0.914063 0.064861 0.904388 0.058173 0.908191 0.036643 0.905818 0.032385 0.907298 0.06079 0.913327 0.043833 0.914063 0.042654 0.911661 0.016519 0.910671 0.013195 0.910434 0.040004 0.914063 0.013068 0.914063 0.00998598 0.912839 0.018925 0.914063 0.027422 0.914063 0.016265 0.928111 0.849475 0.929808 0.871364 0.926267 0.868776 0.940531 0.834674 0.923828 0.851055 0.937599 0.82463 0.923828 0.812055 0.927926 0.810812 0.92656 0.894875 0.930149 0.896312 0.948416 0.806984 0.923828 0.868155 0.923828 0.78296 0.927398 0.918587 0.931571 0.919649 0.94435 0.801598 0.932996 0.808459 0.923828 0.893532 0.930569 0.783718 0.923828 0.756885 0.928152 0.931627 0.933686 0.934112 0.951718 0.76783 0.957547 0.772827 0.923828 0.916792 0.933276 0.758127 0.923828 0.724417 0.937278 0.789949 0.92825 0.942063 0.935045 0.946549 0.960299 0.730107 0.966948 0.734134 0.923828 0.929577 0.935533 0.725175 0.923828 0.688472 0.943531 0.762262 0.923828 0.939241 0.967161 0.689718 0.949114 0.727687 0.953612 0.689058 0.937483 0.688609 0.923828 0.652644 0.974206 0.690401 0.938867 0.652862 0.923828 0.615494 0.972789 0.653739 0.957268 0.653205 0.939945 0.6155 0.923828 0.567551 0.980613 0.654442 0.940798 0.56741 0.923828 0.508624 0.960119 0.615475 0.97687 0.615551 0.98546 0.615401 0.941332 0.508621 0.940328 0.453125 0.923828 0.453125 0.980661 0.566803 0.990197 0.56629 0.962541 0.567049 0.940115 0.400317 0.923828 0.400189 0.983527 0.50808 0.99335 0.507901 0.964334 0.508483 0.964812 0.453125 0.939375 0.343508 0.923828 0.343542 0.984356 0.453125 0.994254 0.453125 0.964453 0.400397 0.938236 0.28796 0.923828 0.287884 0.993773 0.400839 0.96271 0.343624 0.983984 0.400537 0.936516 0.236092 0.923828 0.236035 0.95976 0.288 0.981645 0.343805 0.991137 0.343667 0.934582 0.18946 0.923828 0.189556 0.954837 0.23602 0.977116 0.288297 0.985818 0.288288 0.932284 0.150957 0.923828 0.151055 0.949425 0.189184 0.970001 0.236096 0.977666 0.235835 0.930362 0.113735 0.923828 0.113955 0.943761 0.150508 0.961467 0.188945 0.967438 0.188165 0.928466 0.086171 0.923828 0.08617 0.938613 0.113181 0.953146 0.149857 0.957801 0.148732 0.923828 0.061982 0.934268 0.085797 0.945126 0.112639 0.948452 0.111557 0.926267 0.060502 0.924829 0.043453 0.923828 0.041706 0.938801 0.085519 0.930015 0.058049 0.934028 0.056311 0.941059 0.085033 0.927288 0.038475 0.923828 0.0314 0.935976 0.056498 0.925033 0.018277 0.923813 0.015511 0.931902 0.033113 0.930139 0.034315 0.926464 0.015406 0.923828 0.01282 0.923828 0.010273 0.927493 0.01353 0.149114 1.80583 0.150977 1.75963 0.19708 1.77358 0.088038 1.76649 0.192187 1.80882 0.094615 1.80724 0.189217 1.8413 0.099768 1.8444 0.14746 1.84123 0.179453 1.7592 0.035268 1.78024 0.220036 1.84183 0.220712 1.81001 0.146931 1.8889 0.186159 1.88755 0.040879 1.81303 0.222529 1.77728 0.219156 1.88753 0.103996 1.89442 0.183968 1.9334 0.147801 1.9336 0.046394 1.85428 0.217586 1.9343 0.109305 1.9362 0.178414 1.97813 0.144658 1.97538 0.055965 1.90508 0.211695 1.98092 0.115396 1.97723 0.067447 1.94698 0.0811 1.98868 0.35089 1.80583 0.30781 1.80882 0.30292 1.77358 0.31078 1.8413 0.34902 1.75963 0.35254 1.84123 0.41196 1.76649 0.40023 1.8444 0.40539 1.80724 0.27929 1.81001 0.27996 1.84183 0.32055 1.7592 0.35307 1.8889 0.31384 1.88755 0.46473 1.78024 0.28084 1.88753 0.27747 1.77728 0.396 1.89442 0.45912 1.81303 0.45361 1.85428 0.28241 1.9343 0.31603 1.9334 0.44404 1.90508 0.3522 1.9336 0.39069 1.9362 0.2883 1.98092 0.43255 1.94698 0.32159 1.97813 0.35534 1.97538 0.3846 1.97723 0.4189 1.98868 0.596456 2.22332 0.354892 2.06864 0.60424 2.03696 0.37846 2.22896 0.791256 2.09392 0.399072 2.3776 0.768748 2.23528 0.58984 2.36492 0.756868 2.3652 0.141684 2.12412 0.719088 2.03676 0.587724 2.5556 0.165028 2.24964 0.415984 2.57768 0.185576 2.41712 0.880144 2.36732 0.882848 2.24004 0.744636 2.5502 0.22386 2.62032 0.591204 2.7344 0.43722 2.7448 0.890116 2.10912 0.876624 2.55012 0.735872 2.7336 0.269788 2.78792 0.870344 2.7372 0.578632 2.90152 0.713656 2.91252 0.461584 2.90892 0.3244 2.95472 0.84678 2.92368 0.596439 2.22332 0.60424 2.03696 0.354879 2.06864 0.791241 2.09392 0.37844 2.22896 0.768761 2.23528 0.39908 2.3776 0.75688 2.3652 0.58984 2.36492 0.71908 2.03676 0.14168 2.12412 0.880159 2.36732 0.88284 2.24004 0.58772 2.5556 0.16504 2.24964 0.416 2.57768 0.18556 2.41712 0.87664 2.55012 0.74464 2.5502 0.89012 2.10912 0.223841 2.62032 0.870359 2.7372 0.5912 2.7344 0.73588 2.7336 0.437241 2.7448 0.2698 2.78792 0.8468 2.92368 0.71364 2.91252 0.461599 2.90892 0.3244 2.95472 0.57864 2.90152 </float_array>
     <technique_common>
      <accessor source="#ID9-array" count="2781" stride="2">
       <param name="S" type="float"/>
       <param name="T" type="float"/>
      </accessor>
     </technique_common>
    </source>
    <vertices id="Chikorita-mesh-positions-vertices">
     <input semantic="POSITION" source="#Chikorita-mesh-positions"/>
    </vertices>
    <triangles count="150" material="geometryElement10">
     <input semantic="VERTEX" offset="0" source="#Chikorita-mesh-positions-vertices"/>
     <input semantic="NORMAL" offset="0" source="#Chikorita-mesh-normals"/>
     <input semantic="TEXCOORD" offset="0" source="#Chikorita-mesh-map-channel1" set="1"/>
     <p>0 1 2 0 3 1 0 2 4 0 5 3 0 4 6 0 7 5 0 6 7 1 8 2 3 5 9 3 9 10 4 11 6 7 12 5 7 6 13 7 14 12 7 13 15 7 15 14 6 11 13 5 12 9 10 9 16 15 17 14 15 13 18 15 18 17 11 19 13 12 20 9 12 14 21 12 21 20 9 20 16 18 22 17 18 13 23 18 24 22 18 23 25 18 25 24 13 19 23 14 26 21 14 17 26 20 27 16 20 21 28 20 29 27 20 28 29 21 26 28 22 24 30 22 31 17 22 30 32 22 32 31 26 31 28 26 17 31 25 23 33 25 34 24 25 33 35 25 35 34 23 19 33 16 27 36 16 36 37 27 29 36 30 38 32 30 24 39 30 40 38 30 39 40 24 34 39 28 31 41 28 42 29 28 41 42 31 32 41 35 33 43 35 44 34 35 43 44 37 36 45 38 40 46 38 47 32 38 46 48 38 48 47 41 47 42 41 32 47 39 34 49 39 50 40 39 49 50 29 51 36 29 42 51 36 51 45 43 52 44 46 53 48 46 40 54 46 55 53 46 54 55 40 50 54 47 56 42 47 48 56 34 57 49 34 44 57 51 58 45 51 42 59 51 59 58 42 56 59 52 60 44 52 61 60 53 55 62 53 63 48 53 62 63 56 63 59 56 48 63 50 64 54 50 49 65 50 65 64 54 64 55 57 44 66 57 67 49 57 66 67 49 67 65 44 60 66 58 59 68 58 68 69 63 62 68 63 68 59 61 70 60 61 71 70 60 70 66 64 72 55 64 65 73 64 74 72 64 73 74 65 67 73 69 68 75 68 62 75 71 76 70 71 77 76 66 78 67 66 70 79 66 79 78 73 78 74 73 67 78 55 72 80 55 80 62 62 80 75 76 81 70 70 81 79 74 78 82 74 83 72 74 82 84 74 84 83 79 81 82 79 82 78 80 85 75 80 72 86 80 86 85 83 84 86 83 86 72 81 87 82 82 87 84 85 86 88 88 86 84 </p>
    </triangles>
    <triangles count="4126" material="geometryElement11">
     <input semantic="VERTEX" offset="0" source="#Chikorita-mesh-positions-vertices"/>
     <input semantic="NORMAL" offset="0" source="#Chikorita-mesh-normals"/>
     <input semantic="TEXCOORD" offset="0" source="#Chikorita-mesh-map-channel1" set="1"/>
     <p>89 90 91 90 92 93 90 93 91 93 92 94 92 95 94 95 96 94 96 97 94 93 98 91 93 94 98 94 97 99 94 99 98 91 98 100 98 99 101 98 101 100 99 97 102 99 102 101 97 103 102 103 104 102 102 105 101 102 104 106 102 106 105 101 107 100 100 107 108 107 101 109 101 105 109 107 109 108 105 106 110 105 110 109 106 104 111 106 111 110 104 112 111 112 113 111 111 114 110 111 113 114 113 115 114 109 116 108 108 116 117 109 110 118 109 118 116 114 115 119 114 120 110 114 119 120 110 121 118 110 120 121 120 119 122 120 122 121 118 123 116 118 121 123 116 124 117 116 123 124 117 124 125 119 115 126 126 127 119 119 127 122 122 128 121 122 127 128 127 129 128 121 130 123 121 128 130 128 129 131 128 131 130 129 132 131 123 133 124 123 130 133 130 131 134 130 134 133 131 132 135 131 135 134 132 136 135 124 137 125 124 133 137 133 134 138 133 138 137 134 135 139 134 139 138 135 136 140 135 140 139 125 137 141 137 138 142 137 142 141 141 142 143 138 139 144 138 144 142 142 145 143 142 144 145 143 145 146 139 140 147 139 147 144 126 115 148 145 149 146 145 144 150 145 150 149 144 147 151 144 151 150 147 140 152 147 152 151 140 136 153 140 153 152 150 154 149 150 151 155 150 155 154 151 152 156 151 156 155 152 153 157 152 157 156 149 158 146 146 158 159 149 154 160 149 160 158 154 155 161 154 161 160 153 136 162 136 163 162 153 164 157 153 162 164 157 165 156 157 164 165 156 166 155 156 165 166 155 167 161 155 166 167 158 168 159 159 168 169 158 160 170 158 170 168 160 161 171 160 171 170 161 167 172 161 172 171 162 163 173 163 174 173 162 175 164 162 173 175 173 174 176 173 176 175 176 174 177 176 178 175 175 179 164 175 178 179 164 180 165 164 179 180 165 181 166 165 180 181 180 179 182 180 182 181 166 183 167 166 181 183 181 182 184 181 184 183 183 185 167 183 184 185 167 186 172 167 185 186 168 187 169 169 187 188 168 170 189 168 189 187 170 171 190 170 190 189 171 172 191 171 191 190 172 186 192 172 192 191 179 178 193 178 194 193 179 195 182 179 193 195 184 196 185 184 182 197 184 197 196 182 195 198 182 198 197 195 193 199 195 199 198 193 194 200 193 200 199 194 201 200 187 202 188 187 189 203 187 203 202 189 190 204 189 204 203 190 191 205 190 205 204 191 192 206 191 206 205 186 207 208 186 185 207 186 208 192 192 209 206 192 208 209 185 196 210 185 210 207 197 211 196 196 212 210 196 211 212 197 198 213 197 213 211 198 199 214 198 214 213 199 200 215 199 215 214 200 201 216 200 216 215 201 217 216 203 218 202 203 204 219 203 219 218 204 205 220 204 220 219 206 221 205 206 209 222 206 222 221 208 207 223 207 210 224 207 224 223 208 225 209 208 223 225 209 226 222 209 225 226 225 223 227 225 227 226 223 224 228 223 228 227 211 229 212 211 213 230 211 230 229 214 231 213 213 232 230 213 231 232 214 215 233 214 233 231 231 234 232 231 233 234 215 216 235 215 235 233 233 236 234 233 235 236 220 237 219 220 205 238 220 238 237 205 221 239 205 239 238 210 240 241 210 241 224 210 212 240 212 229 242 212 242 240 229 230 243 229 243 242 230 232 244 230 244 243 232 234 245 232 245 244 234 236 246 234 246 245 235 216 247 216 217 247 217 248 247 235 249 236 235 247 249 247 248 250 247 250 249 248 251 250 251 252 250 250 253 249 250 252 253 252 254 253 254 255 253 249 256 236 236 256 246 249 253 256 253 255 257 253 257 256 256 258 246 256 257 258 255 259 257 257 260 258 257 259 260 259 261 260 260 262 258 260 261 262 261 263 262 258 264 246 258 262 264 262 263 265 262 265 264 263 266 265 246 267 245 246 264 267 264 265 268 264 268 267 265 266 269 265 269 268 266 270 269 245 271 244 245 267 271 267 268 272 267 272 271 269 270 273 270 274 273 269 275 268 269 273 275 268 276 272 268 275 276 272 277 271 272 276 277 271 278 244 271 277 278 244 278 243 273 274 279 273 280 275 273 279 280 275 281 276 275 280 281 280 279 282 280 282 281 276 283 277 276 281 283 281 282 284 281 284 283 277 285 278 277 283 285 283 284 286 283 286 285 278 287 243 278 285 287 243 287 242 279 274 288 274 289 288 279 290 282 279 288 290 282 291 284 282 290 291 290 288 292 290 292 291 288 289 293 288 293 292 289 294 293 284 295 286 284 291 295 291 292 296 291 296 295 292 293 297 292 297 296 293 294 298 293 298 297 294 299 298 285 300 287 287 301 242 287 300 301 242 301 240 285 286 302 285 302 300 286 295 303 286 303 302 295 296 304 295 304 303 296 297 305 296 305 304 298 299 306 299 307 306 298 308 297 298 306 308 297 309 305 297 308 309 305 310 304 305 309 310 304 311 303 304 310 311 301 312 240 240 312 241 301 300 313 301 313 312 300 302 314 300 314 313 302 303 315 302 315 314 303 311 316 303 316 315 306 307 317 307 318 317 306 319 308 306 317 319 317 318 320 317 320 319 318 321 320 308 322 309 308 319 322 319 320 323 319 323 322 320 321 324 320 324 323 321 325 324 325 326 324 309 327 310 309 322 327 310 328 311 310 327 328 311 329 316 311 328 329 312 330 241 241 330 224 312 313 331 312 331 330 313 314 332 313 332 331 314 315 333 314 333 332 315 316 334 315 334 333 316 329 335 316 335 334 323 336 322 322 337 327 322 336 337 327 338 328 327 337 338 328 339 329 328 338 339 329 340 335 329 339 340 323 324 341 323 341 336 324 326 342 324 342 341 326 343 342 343 344 342 342 345 341 342 344 345 344 346 345 341 347 336 341 345 347 345 346 348 345 348 347 346 349 348 336 350 337 336 347 350 347 348 351 347 351 350 348 349 352 348 352 351 349 353 352 337 354 338 337 350 354 350 351 355 350 355 354 354 356 338 338 356 339 354 355 356 339 357 340 339 356 357 340 358 335 340 357 358 335 359 334 335 358 359 351 352 360 351 360 355 355 361 356 355 360 361 356 362 357 356 361 362 357 363 358 357 362 363 358 364 359 358 363 364 352 353 365 352 365 360 360 366 361 360 365 366 361 367 362 361 366 367 366 365 368 366 368 367 365 353 369 365 369 368 362 370 363 362 367 370 363 371 364 363 370 371 359 372 334 334 372 333 359 364 373 359 373 372 367 368 374 367 375 370 367 374 375 370 376 371 370 375 376 364 371 377 364 378 373 364 377 378 373 379 372 373 378 379 372 380 333 372 379 380 333 380 332 368 369 381 369 382 381 368 383 374 368 381 383 374 384 375 374 383 384 375 385 376 375 384 385 376 386 371 376 385 386 371 387 377 371 386 387 379 378 388 379 389 380 379 388 389 380 390 332 380 389 390 332 390 331 381 382 391 381 392 383 381 391 392 384 393 385 385 394 386 385 393 394 384 383 395 384 395 393 383 392 396 383 396 395 395 397 393 395 396 397 393 398 394 393 397 398 377 387 399 377 400 378 377 399 400 378 401 388 378 400 401 389 388 402 388 401 403 388 403 402 389 404 390 389 402 404 390 405 331 390 404 405 331 405 330 391 382 406 406 407 391 391 407 392 392 408 396 392 407 408 396 409 397 396 408 409 397 410 398 397 409 410 406 382 411 400 399 412 400 413 401 400 412 413 401 414 403 401 413 414 402 403 415 403 414 416 403 416 415 402 417 404 402 415 417 404 418 405 404 417 418 405 419 330 405 418 419 330 419 224 224 419 228 419 418 420 419 420 228 418 417 421 418 421 420 417 415 422 417 422 421 415 416 423 415 423 422 409 408 424 408 425 424 409 426 410 409 424 426 412 399 427 412 428 413 412 427 428 413 429 414 413 428 429 414 430 416 414 429 430 416 431 423 416 430 431 420 432 228 228 432 227 420 421 433 420 433 432 421 422 434 421 434 433 422 423 435 422 435 434 423 431 436 423 436 435 424 425 437 425 438 437 424 439 426 424 437 439 428 427 440 428 441 429 428 440 441 429 442 430 429 441 442 430 443 431 430 442 443 442 441 444 442 444 443 431 445 436 431 443 445 443 444 446 443 446 445 432 447 227 227 447 226 432 433 448 432 448 447 433 434 449 433 449 448 434 435 450 434 450 449 435 436 451 435 451 450 436 445 452 436 452 451 445 446 453 445 453 452 437 438 454 438 455 454 437 456 439 437 454 456 441 440 457 441 458 444 441 457 458 444 459 446 444 458 459 447 460 226 226 460 222 447 448 461 447 461 460 448 449 462 448 462 461 461 463 460 461 462 463 449 450 464 449 464 462 462 465 463 462 464 465 450 451 466 450 466 464 464 467 465 464 466 467 451 452 468 451 468 466 466 469 467 466 468 469 452 453 470 452 470 468 468 471 469 468 470 471 470 453 472 470 472 471 453 446 473 453 473 472 446 459 474 446 474 473 469 475 467 469 471 475 471 472 476 471 476 475 476 472 477 476 477 475 472 473 478 472 478 477 473 474 479 473 479 478 474 459 480 474 480 479 467 481 465 467 475 481 475 477 482 475 482 481 477 478 483 477 483 482 478 479 484 478 484 483 479 480 485 479 485 484 465 486 463 465 481 487 465 487 486 481 482 488 481 488 487 487 489 486 487 488 489 482 483 490 482 490 488 488 491 489 488 490 491 483 484 492 483 492 490 490 493 491 490 492 493 493 494 491 491 495 489 491 494 495 494 496 495 496 497 495 489 498 486 489 495 498 495 497 499 495 499 498 492 484 500 484 485 500 500 485 501 485 480 502 485 502 501 501 502 503 503 502 504 486 505 463 463 505 460 486 498 506 486 506 505 498 499 507 498 507 506 502 480 508 480 459 508 502 509 504 502 508 509 505 510 460 460 510 222 222 510 221 505 506 511 505 511 510 510 512 221 510 511 512 221 512 239 506 507 513 506 513 511 511 514 512 511 513 514 499 497 515 497 516 515 516 517 515 499 518 507 499 515 518 507 519 513 507 518 519 513 520 514 513 519 520 514 521 512 514 520 521 521 522 512 512 522 239 522 523 239 239 523 238 521 520 524 520 519 525 520 525 524 524 525 526 519 518 527 519 527 525 525 528 526 525 527 528 526 528 529 518 515 530 518 530 527 527 531 528 527 530 531 528 532 529 528 531 532 529 532 533 515 517 534 515 534 530 530 535 531 530 534 535 531 536 532 531 535 536 532 537 533 532 536 537 517 538 534 534 539 535 534 538 539 538 540 539 535 541 536 535 539 541 539 540 542 539 542 541 536 543 537 536 541 543 541 542 544 541 544 543 537 545 533 533 545 546 537 543 547 537 547 545 543 544 548 543 548 547 542 540 549 540 550 549 542 551 544 542 549 551 544 552 548 544 551 552 545 553 546 546 553 554 545 547 555 545 555 553 547 548 556 547 556 555 548 552 557 548 557 556 549 550 558 550 559 558 549 560 551 549 558 560 551 561 552 551 560 561 552 562 557 552 561 562 553 563 554 553 555 564 553 564 563 555 556 565 555 565 564 556 557 566 556 566 565 557 562 567 557 567 566 558 559 568 559 569 568 569 504 568 504 509 568 558 570 560 558 568 570 568 509 571 568 571 570 560 572 561 560 570 572 570 571 573 570 573 572 561 574 562 561 572 574 572 573 575 572 575 574 562 576 567 562 574 576 576 577 567 567 578 566 567 577 578 577 579 578 566 580 565 566 578 580 578 579 581 578 581 580 565 582 564 565 580 582 580 581 583 580 583 582 564 584 563 564 582 584 582 583 585 582 585 584 584 586 563 584 585 586 583 581 587 583 587 585 585 588 586 585 587 588 581 579 589 581 589 587 587 590 588 587 589 590 590 591 588 588 592 586 588 591 592 586 593 563 586 592 593 592 594 593 563 593 554 554 593 595 593 594 595 595 594 596 590 589 597 589 579 598 589 598 597 597 598 599 576 574 600 574 575 600 600 575 601 601 575 602 575 573 602 601 602 603 602 573 604 573 571 604 602 605 603 602 604 605 603 605 606 604 571 607 571 509 607 509 508 607 604 608 605 604 607 608 607 508 609 607 609 608 508 459 609 459 458 609 609 610 608 609 458 610 458 457 610 608 611 605 605 611 606 608 610 611 611 612 606 610 457 612 610 612 611 606 612 613 612 457 614 457 440 614 612 615 613 612 614 615 613 615 616 614 440 617 440 427 617 614 618 615 614 617 618 615 619 616 615 618 619 617 427 620 427 399 620 399 387 620 617 621 618 617 620 621 620 387 622 620 622 621 387 386 622 621 623 618 621 622 624 621 624 623 622 386 625 622 625 624 386 394 625 618 626 619 618 623 627 618 627 626 624 628 623 623 629 627 623 628 629 624 625 630 624 630 628 625 394 631 625 631 630 619 632 616 616 632 633 619 626 634 619 634 632 626 627 635 626 635 634 627 629 636 627 636 635 628 637 629 629 638 636 629 637 638 628 630 639 628 639 637 630 631 640 630 640 639 631 394 641 631 641 640 394 398 641 632 642 633 633 642 643 632 634 644 632 644 642 634 635 645 634 645 644 635 636 646 635 646 645 636 638 647 636 647 646 646 648 645 646 647 648 645 649 644 645 648 649 644 650 642 644 649 650 649 648 651 649 651 650 642 652 643 642 650 652 650 651 653 650 653 652 643 652 654 652 653 655 652 655 654 654 655 656 637 657 638 638 658 647 638 657 658 657 637 659 637 639 659 659 639 660 639 640 660 640 641 661 640 661 660 660 661 662 641 398 663 641 663 661 661 664 662 661 663 664 662 664 665 398 410 663 410 426 663 663 666 664 663 426 666 426 439 666 664 667 665 664 666 667 666 439 668 666 668 667 439 456 668 665 667 669 667 668 670 667 670 669 669 670 671 668 456 672 668 672 670 670 673 671 670 672 673 671 673 674 672 456 675 456 454 675 672 676 673 672 675 676 673 677 674 673 676 677 676 675 678 676 678 677 675 454 679 454 455 679 675 680 678 675 679 680 679 455 681 679 681 680 680 682 678 680 681 682 455 683 681 681 684 682 681 683 684 684 685 682 682 686 678 682 685 686 685 687 686 687 688 686 686 689 678 686 688 689 678 690 677 678 689 690 689 688 691 689 691 690 690 692 677 690 691 692 677 693 674 677 692 693 693 694 674 693 692 694 688 695 691 695 696 691 691 697 692 691 696 697 692 698 694 692 697 698 697 696 699 697 699 698 696 700 699 700 701 699 701 702 699 699 703 698 699 702 703 702 704 703 703 705 698 698 705 694 703 704 705 705 704 706 684 683 707 188 202 708 188 708 709 709 708 710 709 710 711 708 202 712 202 218 712 708 713 710 708 712 713 710 714 711 710 713 715 710 715 714 713 712 716 713 717 715 713 716 717 712 218 718 218 219 718 219 237 718 712 719 716 712 718 719 718 237 720 718 720 719 719 721 716 719 720 721 716 722 717 716 721 722 715 723 714 715 717 724 715 724 723 717 722 725 717 725 724 720 237 726 237 238 726 238 523 726 523 727 726 726 728 720 720 728 721 726 727 728 727 729 728 728 730 721 721 730 722 728 729 730 729 731 730 730 732 722 722 732 725 730 731 732 731 733 732 732 734 725 732 733 734 725 735 724 725 734 735 724 736 723 724 735 736 736 737 723 723 738 714 723 737 738 737 739 738 736 735 740 735 734 741 735 741 740 740 741 742 734 733 743 734 743 741 741 744 742 741 743 744 742 744 745 733 746 743 743 747 744 743 746 747 746 748 747 744 749 745 744 747 749 747 748 750 747 750 749 748 751 750 751 752 750 750 753 749 750 752 753 752 754 753 749 755 745 749 753 755 755 753 756 753 754 756 756 754 757 738 758 714 714 758 711 711 758 759 738 739 760 738 760 758 758 761 759 758 760 761 759 761 762 739 763 760 760 764 761 760 763 764 763 765 764 761 766 762 761 764 766 764 765 767 764 767 766 765 768 767 762 766 769 769 766 770 766 767 770 770 767 771 767 768 771 771 768 772 647 773 648 647 658 773 658 774 773 773 775 648 648 775 651 773 774 776 773 776 775 774 777 776 775 778 651 651 778 653 775 776 779 775 779 778 776 777 780 776 780 779 778 781 653 653 781 655 778 779 782 778 782 781 779 780 783 779 783 782 781 784 655 655 784 656 781 782 785 781 785 784 782 783 786 782 786 785 786 783 787 783 780 788 783 788 787 787 788 789 780 777 790 780 790 788 788 791 789 788 790 791 789 791 792 777 793 790 790 794 791 790 793 794 793 795 794 791 796 792 791 794 796 794 795 797 794 797 796 795 798 797 798 799 797 797 800 796 797 799 800 799 801 800 796 802 792 796 800 802 802 800 803 800 801 803 803 801 804 786 805 785 785 806 784 785 805 806 805 807 806 784 808 656 784 806 808 806 807 809 806 809 808 807 810 809 656 808 811 808 809 812 808 812 811 811 812 813 809 810 814 809 814 812 812 815 813 812 814 815 813 815 816 816 815 817 815 814 818 815 818 817 817 818 819 814 810 820 814 820 818 818 821 819 818 820 821 821 822 819 823 824 825 825 824 826 824 827 826 825 826 828 826 827 829 827 830 829 826 831 828 826 829 831 828 831 832 829 830 833 830 834 833 829 835 831 829 833 835 831 836 832 831 835 836 832 836 837 833 834 838 834 839 838 833 840 835 833 838 840 838 839 841 838 841 840 839 842 841 835 843 836 835 840 843 840 841 844 840 844 843 841 842 845 841 845 844 842 846 845 845 847 844 845 846 847 846 848 847 844 849 843 844 847 849 847 848 850 847 850 849 843 851 836 843 849 851 849 850 852 849 852 851 850 848 853 850 853 852 848 854 853 836 855 837 836 851 855 851 852 856 851 856 855 855 857 837 855 856 857 837 857 858 852 853 859 852 859 856 856 860 857 856 859 860 853 854 861 853 861 859 859 862 860 859 861 862 854 863 861 861 864 862 861 863 864 864 865 862 862 866 860 862 865 866 860 867 857 860 866 867 866 865 868 866 868 867 865 869 868 868 870 867 868 869 870 857 871 858 857 867 871 867 870 872 867 872 871 871 873 858 872 870 873 872 873 871 873 870 874 874 870 875 870 869 876 870 876 875 875 876 877 876 869 878 876 878 877 877 878 879 869 880 878 878 881 879 878 880 881 880 882 881 882 883 881 879 881 884 881 883 885 881 885 884 883 886 885 885 887 884 885 886 887 886 888 887 888 889 887 889 890 887 887 891 884 891 887 890 892 893 894 894 893 895 893 896 895 894 895 897 895 896 898 896 899 898 895 900 897 895 898 900 897 900 901 898 899 902 899 903 902 898 904 900 898 902 904 900 905 901 900 904 905 901 905 906 904 902 907 904 908 905 904 907 908 905 909 906 905 908 909 906 909 910 909 908 911 909 911 910 910 911 912 908 907 913 908 913 911 911 914 912 911 913 914 912 914 915 914 913 916 914 916 915 915 916 917 913 907 918 913 918 916 916 919 917 916 918 919 907 902 920 907 920 918 918 921 919 918 920 921 919 922 917 919 921 922 917 922 923 902 903 924 902 924 920 920 925 921 920 924 925 924 903 926 924 926 925 903 927 926 921 928 922 921 925 928 925 926 929 925 929 928 922 930 923 922 928 930 928 929 931 928 931 930 923 930 932 932 930 933 930 931 933 933 931 934 931 929 935 931 935 934 929 926 936 929 936 935 935 937 934 935 936 937 934 937 938 937 936 939 937 939 938 926 927 940 926 940 936 936 941 939 936 940 941 941 942 939 940 927 942 940 942 941 942 943 939 943 944 939 939 945 938 939 944 945 944 946 945 945 947 938 945 946 947 946 948 947 938 947 949 947 948 950 947 950 949 949 950 951 951 950 952 948 953 950 950 954 952 950 953 954 952 954 955 954 953 956 954 956 955 955 956 957 957 956 958 958 956 959 959 956 960 960 956 953 961 962 963 963 962 964 962 965 964 963 964 966 964 965 967 965 968 967 964 969 966 964 967 969 966 969 970 967 968 971 968 972 971 967 973 969 967 971 973 969 974 970 969 973 974 970 974 975 971 972 976 971 977 973 971 976 977 973 978 974 973 977 978 974 979 975 974 978 979 975 979 980 977 976 981 977 982 978 977 981 982 978 983 979 978 982 983 979 984 980 979 983 984 980 984 985 985 984 986 984 983 987 984 987 986 986 987 988 983 982 989 983 989 987 987 990 988 987 989 990 988 990 991 982 981 992 982 992 989 989 993 990 989 992 993 990 994 991 990 993 994 991 994 995 995 994 996 981 976 997 981 997 992 992 998 993 992 997 998 993 999 994 993 998 999 994 1000 996 994 999 1000 996 1000 1001 1000 999 1002 1000 1002 1001 1001 1002 1003 999 998 1004 999 1004 1002 1002 1005 1003 1002 1004 1005 1003 1005 1006 998 997 1007 998 1007 1004 1004 1008 1005 1004 1007 1008 1005 1009 1006 1005 1008 1009 1006 1009 1010 997 976 1011 976 972 1011 972 1012 1011 997 1013 1007 997 1011 1013 1011 1012 1014 1011 1014 1013 1012 1015 1014 1007 1016 1008 1007 1013 1016 1013 1014 1017 1013 1017 1016 1014 1015 1018 1014 1018 1017 1015 1019 1018 1008 1020 1009 1008 1016 1020 1016 1017 1021 1016 1021 1020 1017 1018 1022 1017 1022 1021 1018 1019 1023 1018 1023 1022 1009 1024 1010 1009 1020 1024 1020 1021 1025 1020 1025 1024 1021 1022 1026 1021 1026 1025 1022 1023 1027 1022 1027 1026 1010 1024 1028 1024 1025 1029 1024 1029 1028 1028 1029 1030 1025 1026 1031 1025 1031 1029 1029 1032 1030 1029 1031 1032 1030 1032 1033 1026 1027 1034 1026 1034 1031 1031 1035 1032 1031 1034 1035 1032 1036 1033 1032 1035 1036 1033 1036 1037 1023 1019 1038 1019 1039 1038 1039 1040 1038 1023 1041 1027 1023 1038 1041 1038 1040 1042 1038 1042 1041 1040 1043 1042 1027 1044 1034 1027 1041 1044 1041 1042 1045 1041 1045 1044 1042 1043 1046 1042 1046 1045 1043 1047 1046 1034 1048 1035 1034 1044 1048 1044 1045 1049 1044 1049 1048 1045 1046 1050 1045 1050 1049 1046 1047 1051 1046 1051 1050 1047 1052 1051 1035 1053 1036 1035 1048 1053 1048 1049 1054 1048 1054 1053 1049 1050 1055 1049 1055 1054 1050 1051 1056 1050 1056 1055 1051 1052 1057 1051 1057 1056 1052 1058 1057 1036 1059 1037 1036 1053 1059 1053 1054 1060 1053 1060 1059 1059 1061 1037 1059 1060 1061 1037 1061 1062 1062 1061 1063 1054 1055 1064 1054 1064 1060 1060 1065 1061 1060 1064 1065 1061 1066 1063 1061 1065 1066 1063 1066 1067 1067 1066 1068 1066 1065 1069 1066 1069 1068 1068 1069 1070 1065 1064 1071 1065 1071 1069 1069 1072 1070 1069 1071 1072 1070 1072 1073 1064 1055 1074 1055 1056 1074 1064 1074 1071 1071 1075 1072 1071 1074 1075 1074 1056 1076 1056 1057 1076 1074 1076 1075 1057 1058 1077 1057 1077 1076 1076 1078 1075 1076 1077 1078 1075 1079 1072 1072 1079 1073 1075 1078 1079 1073 1079 1080 1080 1079 1081 1079 1078 1082 1079 1082 1081 1081 1082 1083 1083 1082 1084 1082 1078 1085 1078 1077 1085 1082 1085 1084 1084 1085 1086 1086 1085 1087 1087 1085 1088 1088 1077 1058 1077 1088 1085 1089 1090 1091 1091 1090 1092 1090 1093 1092 1091 1092 1094 1092 1093 1095 1093 1096 1095 1092 1097 1094 1092 1095 1097 1094 1097 1098 1095 1096 1099 1096 1100 1099 1095 1101 1097 1095 1099 1101 1097 1102 1098 1097 1101 1102 1098 1102 1103 1099 1100 1104 1100 1105 1104 1099 1106 1101 1099 1104 1106 1101 1107 1102 1101 1106 1107 1102 1108 1103 1102 1107 1108 1104 1105 1109 1105 1110 1109 1110 1111 1109 1104 1112 1106 1104 1109 1112 1109 1111 1113 1109 1113 1112 1111 1114 1113 1106 1115 1107 1106 1112 1115 1112 1113 1116 1112 1116 1115 1113 1114 1117 1113 1117 1116 1114 1118 1117 1107 1119 1108 1107 1115 1119 1115 1116 1120 1115 1120 1119 1119 1121 1108 1119 1120 1121 1108 1122 1103 1108 1121 1122 1103 1122 1123 1116 1117 1124 1116 1124 1120 1120 1125 1121 1120 1124 1125 1117 1118 1126 1117 1126 1124 1124 1127 1125 1124 1126 1127 1118 1128 1126 1128 1129 1126 1126 1130 1127 1126 1129 1130 1129 1131 1130 1130 1132 1127 1130 1131 1132 1131 1133 1132 1127 1134 1125 1127 1132 1134 1132 1133 1135 1132 1135 1134 1133 1136 1135 1125 1137 1121 1125 1134 1137 1134 1135 1138 1134 1138 1137 1135 1136 1139 1135 1139 1138 1136 1140 1139 1121 1141 1122 1121 1137 1141 1137 1138 1142 1137 1142 1141 1138 1139 1143 1138 1143 1142 1139 1140 1144 1139 1144 1143 1140 1145 1144 1122 1146 1123 1122 1141 1146 1141 1142 1147 1141 1147 1146 1142 1143 1148 1142 1148 1147 1143 1144 1149 1143 1149 1148 1144 1145 1150 1144 1150 1149 1145 1151 1150 1123 1146 1152 1146 1147 1153 1146 1153 1152 1152 1153 1154 1147 1148 1155 1147 1155 1153 1153 1156 1154 1153 1155 1156 1148 1149 1157 1148 1157 1155 1155 1158 1156 1155 1157 1158 1149 1150 1159 1149 1159 1157 1157 1160 1158 1157 1159 1160 1150 1151 1161 1150 1161 1159 1159 1162 1160 1159 1161 1162 1151 1163 1161 1161 1164 1162 1161 1163 1164 1163 1165 1164 1156 1166 1154 1154 1166 1167 1167 1166 1168 1156 1158 1169 1156 1169 1166 1166 1170 1168 1166 1169 1170 1168 1170 1171 1158 1160 1172 1158 1172 1169 1169 1173 1170 1169 1172 1173 1170 1174 1171 1170 1173 1174 1171 1174 1175 1160 1162 1176 1160 1176 1172 1172 1177 1173 1172 1176 1177 1173 1178 1174 1173 1177 1178 1174 1179 1175 1174 1178 1179 1175 1179 1180 1162 1164 1181 1162 1181 1176 1176 1182 1177 1176 1181 1182 1177 1183 1178 1177 1182 1183 1178 1184 1179 1178 1183 1184 1179 1185 1180 1179 1184 1185 1180 1185 1186 1164 1165 1187 1164 1187 1181 1181 1188 1182 1181 1187 1188 1187 1165 1189 1187 1189 1188 1165 1190 1189 1190 1191 1189 1182 1192 1183 1182 1188 1192 1188 1189 1193 1188 1193 1192 1189 1191 1194 1189 1194 1193 1191 1195 1194 1195 1196 1194 1194 1197 1193 1194 1196 1197 1196 1198 1197 1193 1199 1192 1193 1197 1199 1197 1198 1200 1197 1200 1199 1198 1201 1200 1192 1202 1183 1183 1202 1184 1192 1199 1202 1199 1200 1203 1199 1203 1202 1202 1204 1184 1184 1204 1185 1202 1203 1204 1185 1205 1186 1185 1204 1205 1204 1203 1206 1204 1206 1205 1203 1200 1207 1200 1201 1207 1203 1207 1206 1201 1208 1207 1208 1209 1207 1207 1210 1206 1207 1209 1210 1209 1211 1210 1211 1212 1210 1210 1213 1206 1206 1213 1205 1210 1212 1213 1212 1214 1213 1214 1215 1213 1213 1216 1205 1216 1186 1205 1216 1213 1215 1217 1218 1219 1219 1218 1220 1218 1221 1220 1219 1220 1222 1220 1221 1223 1221 1224 1223 1220 1225 1222 1220 1223 1225 1223 1224 1226 1224 1227 1226 1223 1228 1225 1223 1226 1228 1228 1229 1225 1228 1226 1229 1226 1227 1230 1226 1230 1229 1225 1231 1222 1225 1229 1231 1229 1230 1232 1229 1232 1231 1222 1231 1233 1231 1232 1234 1231 1234 1233 1233 1234 1235 1235 1234 1236 1234 1232 1237 1234 1237 1236 1236 1237 1238 1232 1230 1239 1232 1239 1237 1230 1227 1240 1230 1240 1239 1239 1241 1237 1239 1240 1241 1237 1242 1238 1237 1241 1242 1241 1240 1243 1241 1243 1242 1242 1244 1238 1242 1243 1244 1238 1244 1245 1240 1227 1246 1240 1246 1243 1243 1247 1244 1243 1246 1247 1247 1248 1244 1244 1248 1245 1245 1248 1249 1250 1251 1252 1252 1251 1253 1251 1254 1253 1252 1253 1255 1253 1254 1256 1253 1257 1255 1253 1256 1257 1256 1254 1258 1254 1259 1258 1256 1260 1257 1256 1258 1260 1258 1259 1261 1258 1261 1260 1259 1262 1261 1262 1263 1261 1261 1264 1260 1261 1263 1264 1263 1265 1264 1264 1266 1260 1260 1266 1257 1264 1265 1266 1266 1267 1257 1257 1267 1255 1266 1265 1267 1265 1268 1267 1267 1269 1255 1267 1268 1269 1269 1268 1270 1271 1272 1273 1273 1272 1274 1272 1275 1274 1273 1274 1276 1274 1275 1277 1274 1278 1276 1274 1277 1278 1276 1278 1279 1278 1277 1280 1278 1281 1279 1278 1280 1281 1280 1277 1282 1280 1282 1281 1277 1275 1283 1277 1283 1282 1275 1284 1283 1279 1281 1285 1281 1282 1286 1281 1286 1285 1282 1283 1287 1282 1287 1286 1283 1284 1288 1283 1288 1287 1284 1289 1288 1289 1290 1288 1288 1291 1287 1288 1290 1291 1290 1292 1291 1287 1293 1286 1287 1291 1293 1286 1294 1285 1286 1293 1294 1293 1291 1295 1293 1295 1294 1291 1292 1296 1291 1296 1295 1295 1297 1294 1295 1296 1297 1296 1292 1298 1296 1298 1297 1292 1299 1298 1294 1300 1285 1294 1297 1300 1300 1297 1301 1297 1298 1301 1301 1298 1302 1298 1299 1302 1302 1299 1303 1304 1305 1306 1306 1305 1307 1305 1308 1307 1306 1307 1309 1307 1308 1310 1307 1311 1309 1307 1310 1311 1311 1312 1309 1309 1312 1313 1311 1310 1314 1311 1314 1312 1312 1315 1313 1312 1314 1315 1313 1315 1316 1316 1315 1317 1315 1314 1318 1315 1318 1317 1317 1318 1319 1318 1314 1320 1314 1310 1320 1318 1320 1319 1320 1310 1321 1310 1308 1321 1320 1321 1319 1319 1321 1322 1321 1308 1323 1321 1323 1322 1322 1323 1324 1325 1326 1327 1326 1328 1327 1326 1329 1328 1328 1330 1327 1327 1330 1331 1328 1329 1332 1328 1332 1330 1329 1333 1332 1330 1334 1331 1331 1334 1335 1330 1332 1336 1330 1336 1334 1334 1337 1335 1334 1336 1337 1335 1337 1338 1338 1337 1339 1337 1336 1340 1337 1340 1339 1339 1340 1341 1340 1336 1342 1336 1332 1342 1340 1342 1341 1341 1342 1343 1342 1332 1344 1332 1333 1344 1342 1344 1343 1343 1344 1345 1345 1344 1333 1346 1347 1348 1348 1347 1349 1347 1350 1349 1348 1349 1351 1349 1350 1352 1350 1353 1352 1349 1354 1351 1349 1352 1354 1352 1353 1355 1353 1356 1355 1352 1357 1354 1352 1355 1357 1357 1358 1354 1357 1355 1358 1355 1356 1359 1355 1359 1358 1354 1360 1351 1354 1358 1360 1358 1359 1361 1358 1361 1360 1359 1356 1362 1359 1362 1361 1356 1363 1362 1351 1360 1364 1360 1361 1365 1360 1365 1364 1364 1365 1366 1366 1365 1367 1365 1361 1368 1365 1368 1367 1367 1368 1369 1361 1362 1370 1361 1370 1368 1370 1362 1371 1370 1371 1368 1368 1372 1369 1368 1371 1372 1371 1362 1373 1362 1363 1373 1371 1373 1372 1372 1374 1369 1372 1373 1374 1373 1363 1375 1373 1375 1374 1375 1376 1374 1374 1377 1369 1374 1376 1377 1377 1376 1378 1379 1380 1381 1381 1380 1382 1381 1382 1383 1382 1380 1384 1380 1385 1384 1382 1386 1383 1382 1384 1386 1383 1386 1387 1384 1385 1388 1385 1389 1388 1384 1390 1386 1384 1388 1390 1388 1389 1391 1388 1391 1390 1389 1392 1391 1392 1393 1391 1391 1394 1390 1391 1393 1394 1393 1395 1394 1394 1396 1390 1390 1396 1386 1394 1395 1396 1395 1397 1396 1396 1398 1386 1386 1398 1387 1396 1397 1398 1398 1399 1387 1399 1398 1397 1400 1401 1402 1402 1401 1403 1401 1404 1403 1402 1403 1405 1403 1404 1406 1403 1407 1405 1403 1406 1407 1405 1407 1408 1407 1406 1409 1407 1410 1408 1407 1409 1410 1409 1406 1411 1409 1411 1410 1406 1404 1412 1406 1412 1411 1404 1413 1412 1408 1410 1414 1410 1411 1415 1410 1415 1414 1411 1412 1416 1411 1416 1415 1415 1417 1414 1415 1416 1417 1414 1417 1418 1412 1413 1419 1412 1419 1416 1413 1420 1419 1420 1421 1419 1419 1422 1416 1419 1421 1422 1421 1423 1422 1416 1424 1417 1416 1422 1424 1424 1425 1417 1424 1422 1425 1422 1423 1426 1422 1426 1425 1425 1427 1417 1417 1427 1418 1425 1426 1427 1426 1423 1428 1426 1428 1427 1427 1429 1418 1427 1428 1429 1429 1428 1430 1428 1423 1431 1428 1431 1430 1430 1431 1432 1433 1434 1435 1435 1434 1436 1434 1437 1436 1435 1436 1438 1436 1437 1439 1436 1440 1438 1436 1439 1440 1438 1440 1441 1439 1437 1442 1437 1443 1442 1443 1444 1442 1439 1445 1440 1439 1442 1445 1440 1446 1441 1440 1445 1446 1441 1446 1447 1445 1442 1448 1445 1449 1446 1445 1448 1449 1446 1450 1447 1446 1449 1450 1447 1450 1451 1442 1444 1452 1442 1453 1448 1442 1452 1453 1449 1448 1454 1448 1453 1455 1448 1455 1454 1449 1456 1450 1449 1454 1456 1450 1457 1451 1450 1456 1457 1452 1444 1458 1444 1459 1458 1452 1460 1453 1452 1458 1460 1453 1461 1455 1453 1460 1461 1454 1455 1462 1455 1461 1463 1455 1463 1462 1454 1464 1456 1454 1462 1464 1456 1465 1457 1456 1464 1465 1457 1466 1451 1457 1465 1466 1451 1466 1467 1467 1466 1468 1468 1466 1469 1466 1465 1470 1466 1470 1469 1469 1470 1471 1465 1464 1472 1465 1472 1470 1470 1473 1471 1470 1472 1473 1471 1473 1474 1474 1473 1475 1473 1472 1476 1473 1476 1475 1475 1476 1477 1472 1464 1478 1464 1462 1478 1472 1478 1476 1476 1479 1477 1476 1478 1479 1478 1462 1480 1462 1463 1480 1478 1480 1479 1477 1479 1481 1479 1480 1482 1479 1482 1481 1481 1482 1483 1480 1463 1484 1480 1484 1482 1463 1461 1485 1463 1485 1484 1461 1460 1486 1461 1486 1485 1485 1487 1484 1485 1486 1487 1484 1488 1482 1484 1487 1488 1482 1489 1483 1482 1488 1489 1483 1489 1490 1490 1489 1491 1489 1488 1492 1489 1492 1491 1488 1487 1493 1488 1493 1492 1486 1460 1494 1460 1458 1494 1486 1495 1487 1486 1494 1495 1487 1496 1493 1487 1495 1496 1495 1494 1497 1495 1497 1496 1494 1458 1498 1494 1498 1497 1458 1459 1498 1459 1499 1498 1498 1500 1497 1498 1499 1500 1499 1501 1500 1497 1502 1496 1497 1500 1502 1500 1501 1503 1500 1503 1502 1501 1504 1503 1504 1505 1503 1503 1506 1502 1503 1505 1506 1505 1507 1506 1502 1508 1496 1502 1506 1508 1496 1509 1493 1496 1508 1509 1508 1506 1510 1508 1510 1509 1506 1507 1511 1506 1511 1510 1507 1512 1511 1511 1513 1510 1511 1512 1513 1512 1514 1513 1493 1515 1492 1493 1509 1515 1509 1510 1516 1509 1516 1515 1510 1513 1517 1510 1517 1516 1513 1514 1518 1513 1518 1517 1514 1519 1518 1515 1520 1492 1492 1520 1491 1491 1520 1521 1515 1516 1522 1515 1522 1520 1520 1523 1521 1520 1522 1523 1521 1523 1524 1516 1517 1525 1516 1525 1522 1522 1526 1523 1522 1525 1526 1523 1527 1524 1523 1526 1527 1524 1527 1528 1528 1527 1529 1527 1526 1530 1527 1530 1529 1529 1530 1531 1517 1518 1532 1517 1532 1525 1525 1533 1526 1525 1532 1533 1526 1534 1530 1526 1533 1534 1518 1519 1535 1518 1535 1532 1532 1536 1533 1532 1535 1536 1533 1537 1534 1533 1536 1537 1534 1538 1530 1534 1537 1538 1530 1539 1531 1530 1538 1539 1519 1540 1535 1535 1541 1536 1535 1540 1541 1540 1542 1541 1536 1543 1537 1536 1541 1543 1541 1542 1544 1541 1544 1543 1542 1545 1544 1537 1546 1538 1537 1543 1546 1543 1544 1547 1543 1547 1546 1544 1545 1548 1544 1548 1547 1545 1549 1548 1549 1550 1548 1548 1551 1547 1548 1550 1551 1550 1552 1551 1547 1553 1546 1547 1551 1553 1551 1552 1554 1551 1554 1553 1552 1555 1554 1546 1556 1538 1538 1556 1539 1546 1553 1556 1553 1554 1557 1553 1557 1556 1556 1558 1539 1539 1558 1531 1556 1557 1558 1531 1558 1559 1558 1557 1560 1558 1560 1559 1559 1560 1561 1557 1554 1562 1554 1555 1562 1557 1562 1560 1560 1563 1561 1560 1562 1563 1562 1555 1564 1562 1564 1563 1564 1565 1563 1563 1566 1561 1563 1565 1566 1566 1565 1567 1568 1569 1570 1570 1569 1571 1569 1572 1571 1570 1571 1573 1571 1572 1574 1572 1575 1574 1571 1576 1573 1571 1574 1577 1571 1577 1576 1574 1575 1578 1574 1578 1577 1575 1579 1578 1576 1580 1573 1573 1580 1581 1576 1577 1582 1576 1582 1580 1577 1578 1583 1577 1583 1582 1582 1584 1580 1582 1583 1584 1583 1578 1585 1583 1585 1584 1578 1579 1586 1578 1586 1585 1580 1587 1581 1580 1584 1587 1584 1585 1588 1584 1588 1587 1581 1587 1589 1587 1588 1590 1587 1590 1589 1589 1590 1591 1591 1590 1592 1590 1588 1593 1590 1593 1592 1592 1593 1594 1588 1585 1595 1588 1595 1593 1593 1596 1594 1593 1595 1596 1594 1596 1597 1585 1586 1598 1585 1598 1595 1595 1599 1596 1595 1598 1599 1596 1600 1597 1596 1599 1600 1599 1598 1601 1599 1601 1600 1600 1602 1597 1600 1601 1602 1597 1602 1603 1598 1586 1604 1586 1579 1604 1598 1604 1601 1601 1605 1602 1601 1604 1605 1604 1579 1606 1604 1606 1605 1605 1607 1602 1605 1606 1607 1607 1608 1602 1602 1608 1603 1603 1608 1609 1610 1611 1612 1612 1611 1613 1611 1614 1613 1612 1613 1615 1615 1613 1616 1615 1616 1617 1613 1614 1618 1613 1619 1616 1613 1618 1619 1616 1620 1617 1616 1619 1620 1617 1620 1621 1618 1614 1622 1614 1623 1622 1618 1624 1619 1618 1622 1624 1619 1625 1620 1619 1624 1625 1624 1622 1626 1624 1626 1625 1625 1627 1620 1625 1626 1627 1620 1628 1621 1620 1627 1628 1622 1623 1629 1622 1629 1626 1626 1630 1627 1626 1629 1630 1623 1631 1629 1629 1632 1630 1629 1631 1632 1631 1633 1632 1633 1634 1632 1632 1635 1630 1632 1634 1635 1634 1636 1635 1630 1637 1627 1630 1635 1637 1635 1636 1638 1635 1638 1637 1636 1639 1638 1627 1640 1628 1627 1637 1640 1637 1638 1641 1637 1641 1640 1638 1639 1642 1638 1642 1641 1641 1643 1640 1641 1642 1643 1642 1639 1644 1642 1644 1643 1639 1645 1644 1640 1646 1628 1628 1646 1621 1640 1643 1646 1643 1644 1647 1643 1647 1646 1646 1648 1621 1646 1647 1648 1648 1647 1649 1647 1644 1649 1649 1644 1650 1644 1645 1650 1650 1645 1651 1652 1653 1654 1654 1653 1655 1653 1656 1655 1654 1655 1657 1655 1656 1658 1656 1659 1658 1655 1660 1657 1655 1658 1660 1657 1660 1661 1658 1659 1662 1659 1663 1662 1658 1664 1660 1658 1662 1664 1660 1665 1661 1660 1664 1665 1661 1665 1666 1662 1663 1667 1663 1668 1667 1662 1669 1664 1662 1667 1669 1664 1670 1665 1664 1669 1670 1665 1671 1666 1665 1670 1671 1667 1668 1672 1668 1673 1672 1673 1674 1672 1667 1675 1669 1667 1672 1675 1672 1674 1676 1672 1676 1675 1674 1677 1676 1669 1678 1670 1669 1675 1678 1675 1676 1679 1675 1679 1678 1676 1677 1680 1676 1680 1679 1677 1681 1680 1670 1682 1671 1670 1678 1682 1678 1679 1683 1678 1683 1682 1679 1680 1684 1679 1684 1683 1680 1681 1685 1680 1685 1684 1681 1686 1685 1671 1687 1666 1671 1682 1687 1682 1683 1688 1682 1688 1687 1683 1684 1689 1683 1689 1688 1688 1690 1687 1688 1689 1690 1684 1685 1691 1684 1691 1689 1689 1692 1690 1689 1691 1692 1685 1686 1693 1685 1693 1691 1691 1694 1692 1691 1693 1694 1686 1695 1693 1693 1696 1694 1693 1695 1696 1695 1697 1696 1666 1687 1698 1687 1690 1699 1687 1699 1698 1698 1699 1700 1700 1699 1701 1699 1690 1702 1699 1702 1701 1701 1702 1703 1690 1692 1704 1690 1704 1702 1702 1705 1703 1702 1704 1705 1703 1705 1706 1692 1694 1707 1692 1707 1704 1704 1708 1705 1704 1707 1708 1705 1709 1706 1705 1708 1709 1694 1696 1710 1694 1710 1707 1707 1711 1708 1707 1710 1711 1708 1712 1709 1708 1711 1712 1696 1697 1713 1696 1713 1710 1697 1714 1713 1713 1715 1710 1713 1714 1715 1714 1716 1715 1710 1717 1711 1710 1715 1717 1711 1718 1712 1711 1717 1718 1717 1715 1719 1717 1719 1718 1715 1716 1720 1715 1720 1719 1716 1721 1720 1721 1722 1720 1720 1723 1719 1720 1722 1723 1722 1724 1723 1719 1725 1718 1719 1723 1725 1723 1724 1726 1723 1726 1725 1724 1727 1726 1709 1728 1706 1706 1728 1729 1729 1728 1730 1709 1712 1731 1709 1731 1728 1728 1732 1730 1728 1731 1732 1730 1732 1733 1712 1718 1734 1712 1734 1731 1731 1735 1732 1731 1734 1735 1718 1725 1736 1718 1736 1734 1725 1726 1737 1725 1737 1736 1736 1738 1734 1736 1737 1738 1734 1739 1735 1734 1738 1739 1726 1727 1740 1726 1740 1737 1737 1741 1738 1737 1740 1741 1738 1742 1739 1738 1741 1742 1739 1743 1735 1739 1742 1743 1735 1744 1732 1735 1743 1744 1732 1745 1733 1732 1744 1745 1733 1745 1746 1727 1747 1740 1740 1748 1741 1740 1747 1748 1741 1749 1742 1741 1748 1749 1748 1747 1750 1748 1750 1749 1747 1751 1750 1751 1752 1750 1742 1753 1743 1742 1749 1753 1749 1750 1754 1749 1754 1753 1743 1755 1744 1743 1753 1755 1753 1754 1756 1753 1756 1755 1744 1757 1745 1744 1755 1757 1755 1756 1758 1755 1758 1757 1745 1759 1746 1745 1757 1759 1757 1758 1760 1757 1760 1759 1746 1759 1761 1759 1760 1762 1759 1762 1761 1761 1762 1763 1763 1762 1764 1762 1760 1765 1762 1765 1764 1764 1765 1766 1760 1758 1767 1760 1767 1765 1765 1768 1766 1765 1767 1768 1766 1768 1769 1769 1768 1770 1770 1768 1771 1768 1767 1772 1768 1772 1771 1767 1758 1773 1758 1756 1773 1767 1773 1772 1772 1774 1771 1772 1773 1774 1773 1756 1775 1756 1754 1775 1773 1775 1774 1754 1750 1776 1754 1776 1775 1775 1777 1774 1775 1776 1777 1774 1778 1771 1774 1777 1778 1778 1777 1779 1777 1776 1780 1777 1780 1779 1779 1780 1781 1776 1750 1782 1776 1782 1780 1780 1783 1781 1780 1782 1783 1782 1750 1752 1782 1752 1783 1752 1784 1783 1783 1785 1781 1783 1784 1785 1785 1784 1786 1787 1788 1789 1787 1790 1788 1788 1791 1789 1789 1791 1792 1788 1790 1793 1788 1794 1791 1788 1793 1794 1793 1790 1795 1793 1795 1794 1790 1796 1795 1796 1797 1795 1795 1798 1794 1795 1797 1798 1794 1799 1791 1794 1798 1799 1798 1797 1800 1798 1800 1799 1797 1801 1800 1791 1802 1792 1791 1799 1802 1802 1803 1792 1802 1799 1803 1799 1800 1804 1799 1804 1803 1800 1801 1805 1800 1805 1804 1801 1806 1805 1806 1807 1805 1805 1808 1804 1805 1807 1808 1808 1809 1804 1804 1810 1803 1804 1809 1810 1810 1811 1803 1803 1812 1792 1812 1803 1811 1813 1814 1815 1813 1815 1816 1815 1814 1817 1814 1818 1817 1815 1819 1816 1815 1817 1820 1815 1820 1819 1819 1821 1816 1819 1820 1821 1816 1821 1822 1822 1821 1823 1821 1820 1824 1821 1824 1823 1820 1817 1825 1820 1825 1824 1824 1826 1823 1824 1825 1826 1823 1826 1827 1817 1818 1828 1817 1828 1825 1828 1818 1829 1828 1829 1825 1825 1830 1826 1825 1829 1830 1826 1831 1827 1826 1830 1831 1827 1831 1832 1832 1831 1833 1833 1831 1834 1831 1830 1834 1834 1830 1835 1835 1830 1836 1830 1829 1836 1836 1829 1837 1837 1829 1838 1838 1829 1818 1839 1840 1841 1841 1840 1842 1842 1840 1843 1839 1844 1840 1840 1845 1843 1843 1845 1846 1840 1844 1847 1840 1847 1845 1844 1848 1847 1845 1849 1846 1846 1849 1850 1850 1849 1851 1845 1847 1852 1845 1852 1849 1849 1853 1851 1849 1852 1853 1851 1853 1854 1847 1848 1855 1847 1856 1852 1847 1855 1856 1855 1848 1857 1855 1857 1856 1848 1858 1857 1857 1859 1856 1857 1858 1859 1858 1860 1859 1856 1861 1852 1852 1861 1853 1856 1859 1861 1859 1860 1862 1859 1862 1861 1860 1863 1862 1863 1864 1862 1862 1865 1861 1862 1864 1865 1864 1866 1865 1865 1867 1861 1867 1854 1853 1867 1866 1854 1867 1865 1866 1867 1853 1861 1868 1869 1870 1868 1871 1869 1869 1872 1870 1870 1872 1873 1869 1871 1874 1871 1875 1874 1869 1876 1872 1869 1874 1876 1872 1877 1873 1872 1876 1877 1873 1877 1878 1877 1876 1879 1877 1879 1878 1878 1879 1880 1874 1875 1881 1875 1882 1881 1874 1883 1876 1874 1881 1883 1881 1882 1884 1881 1884 1883 1884 1882 1885 1884 1885 1883 1883 1886 1876 1876 1886 1879 1883 1885 1886 1879 1887 1880 1879 1886 1887 1886 1885 1888 1886 1888 1887 1880 1887 1889 1889 1887 1890 1887 1888 1890 1890 1888 1891 1888 1885 1892 1888 1892 1891 1891 1892 1893 1893 1892 1894 1894 1892 1895 1895 1892 1896 1896 1885 1882 1885 1896 1892 1897 1898 1899 1897 1900 1898 1897 1899 1901 1897 1902 1900 1897 1901 1903 1897 1904 1902 1897 1903 1905 1897 1905 1904 1898 1906 1899 1898 1900 1907 1898 1908 1906 1898 1907 1908 1900 1902 1907 1899 1906 1901 1903 1909 1905 1903 1901 1909 1904 1910 1902 1904 1905 1910 1908 1907 1911 1908 1912 1906 1908 1911 1913 1908 1913 1912 1901 1914 1909 1901 1906 1914 1906 1912 1914 1902 1910 1915 1902 1915 1907 1907 1915 1911 1905 1909 1916 1905 1916 1910 1913 1917 1912 1913 1911 1918 1913 1919 1917 1913 1918 1919 1914 1920 1909 1914 1912 1921 1914 1921 1920 1912 1917 1921 1909 1920 1916 1915 1910 1922 1915 1923 1911 1915 1922 1923 1911 1923 1918 1910 1916 1922 1917 1924 1921 1920 1925 1916 1920 1921 1926 1920 1926 1925 1921 1924 1926 1916 1925 1922 1923 1927 1918 1923 1922 1928 1923 1928 1927 1922 1925 1928 1926 1929 1925 1925 1929 1928 1930 1931 1932 1930 1933 1931 1930 1932 1934 1930 1935 1933 1930 1934 1936 1930 1937 1935 1930 1936 1938 1930 1938 1937 1931 1939 1932 1931 1933 1940 1931 1941 1939 1931 1940 1941 1933 1935 1940 1932 1939 1934 1936 1942 1938 1936 1934 1942 1937 1943 1935 1937 1938 1943 1941 1940 1944 1941 1945 1939 1941 1944 1946 1941 1946 1945 1934 1947 1942 1934 1939 1947 1939 1945 1947 1935 1943 1948 1935 1948 1940 1940 1948 1944 1938 1942 1949 1938 1949 1943 1946 1950 1945 1946 1944 1951 1946 1952 1950 1946 1951 1952 1947 1953 1942 1947 1945 1954 1947 1954 1953 1945 1950 1954 1942 1953 1949 1948 1943 1955 1948 1956 1944 1948 1955 1956 1944 1956 1951 1943 1949 1955 1950 1957 1954 1953 1958 1949 1953 1954 1959 1953 1959 1958 1954 1957 1959 1949 1958 1955 1956 1960 1951 1956 1955 1961 1956 1961 1960 1955 1958 1961 1959 1962 1958 1958 1962 1961 1963 1964 1965 1963 1966 1964 1963 1965 1967 1963 1968 1966 1963 1967 1969 1963 1970 1968 1963 1969 1971 1963 1971 1970 1964 1972 1965 1964 1966 1973 1964 1974 1972 1964 1973 1974 1966 1968 1973 1965 1972 1967 1969 1975 1971 1969 1967 1975 1970 1976 1968 1970 1971 1976 1974 1973 1977 1974 1978 1972 1974 1977 1979 1974 1979 1978 1967 1980 1975 1967 1972 1980 1972 1978 1980 1968 1976 1981 1968 1981 1973 1973 1981 1977 1971 1975 1982 1971 1982 1976 1979 1983 1978 1979 1977 1984 1979 1985 1983 1979 1984 1985 1980 1986 1975 1980 1978 1987 1980 1987 1986 1978 1983 1987 1975 1986 1982 1981 1976 1988 1981 1989 1977 1981 1988 1989 1977 1989 1984 1976 1982 1988 1983 1990 1987 1986 1991 1982 1986 1987 1992 1986 1992 1991 1987 1990 1992 1982 1991 1988 1989 1993 1984 1989 1988 1994 1989 1994 1993 1988 1991 1994 1992 1995 1991 1991 1995 1994 1996 1997 1998 1996 1999 1997 1996 1998 2000 1996 2001 1999 1996 2000 2002 1996 2003 2001 1996 2002 2004 1996 2004 2003 1997 2005 1998 1997 1999 2005 2000 2006 2002 2000 1998 2006 2001 2003 2007 2001 2007 1999 2004 2002 2008 2004 2008 2003 2005 2009 1998 2005 1999 2010 2005 2011 2009 2005 2010 2011 1999 2007 2010 1998 2009 2006 2002 2012 2008 2002 2006 2012 2003 2013 2007 2003 2008 2013 2011 2010 2014 2011 2015 2009 2011 2014 2016 2011 2016 2015 2006 2017 2012 2006 2009 2017 2009 2015 2017 2007 2013 2018 2007 2018 2010 2010 2018 2014 2008 2012 2019 2008 2019 2013 2016 2020 2015 2016 2014 2021 2017 2022 2012 2017 2015 2023 2017 2023 2022 2015 2020 2023 2012 2022 2019 2018 2013 2024 2018 2025 2014 2018 2024 2025 2014 2025 2021 2013 2019 2024 2023 2026 2022 2025 2024 2027 2019 2022 2028 2019 2028 2024 2028 2022 2026 2028 2027 2024 2029 2030 2031 2029 2032 2030 2029 2031 2033 2029 2034 2032 2029 2033 2035 2029 2036 2034 2029 2035 2037 2029 2037 2036 2030 2038 2031 2030 2032 2039 2030 2040 2038 2030 2039 2040 2032 2034 2039 2031 2038 2033 2035 2041 2037 2035 2033 2041 2036 2042 2034 2036 2037 2042 2040 2039 2043 2040 2044 2038 2040 2043 2045 2040 2045 2044 2033 2046 2041 2033 2038 2046 2038 2044 2046 2034 2042 2047 2034 2047 2039 2039 2047 2043 2037 2041 2048 2037 2048 2042 2045 2049 2044 2045 2043 2050 2045 2051 2049 2045 2050 2051 2046 2052 2041 2046 2044 2053 2046 2053 2052 2044 2049 2053 2041 2052 2048 2047 2042 2054 2047 2055 2043 2047 2054 2055 2043 2055 2050 2042 2048 2054 2049 2056 2053 2052 2057 2048 2052 2053 2058 2052 2058 2057 2053 2056 2058 2048 2057 2054 2055 2059 2050 2055 2054 2060 2055 2060 2059 2054 2057 2060 2058 2061 2057 2057 2061 2060 2062 2063 2064 2062 2065 2063 2062 2064 2066 2062 2067 2065 2062 2066 2068 2062 2069 2067 2062 2068 2070 2062 2070 2069 2063 2071 2064 2063 2065 2071 2066 2072 2068 2066 2064 2072 2067 2069 2073 2067 2073 2065 2070 2068 2074 2070 2074 2069 2071 2075 2064 2071 2065 2076 2071 2077 2075 2071 2076 2077 2065 2073 2076 2064 2075 2072 2068 2078 2074 2068 2072 2078 2069 2079 2073 2069 2074 2079 2077 2076 2080 2077 2081 2075 2077 2080 2082 2077 2082 2081 2072 2083 2078 2072 2075 2083 2075 2081 2083 2073 2079 2084 2073 2084 2076 2076 2084 2080 2074 2078 2085 2074 2085 2079 2082 2086 2081 2082 2080 2087 2083 2088 2078 2083 2081 2089 2083 2089 2088 2081 2086 2089 2078 2088 2085 2084 2079 2090 2084 2091 2080 2084 2090 2091 2080 2091 2087 2079 2085 2090 2089 2092 2088 2091 2090 2093 2085 2088 2094 2085 2094 2090 2094 2088 2092 2094 2093 2090 2095 2096 2097 2095 2098 2096 2095 2097 2099 2095 2100 2098 2095 2099 2101 2095 2102 2100 2095 2101 2103 2095 2103 2102 2096 2104 2097 2096 2098 2104 2099 2105 2101 2099 2097 2105 2100 2102 2106 2100 2106 2098 2103 2101 2107 2103 2107 2102 2104 2108 2097 2104 2098 2109 2104 2110 2108 2104 2109 2110 2098 2106 2109 2097 2108 2105 2101 2111 2107 2101 2105 2111 2102 2112 2106 2102 2107 2112 2110 2109 2113 2110 2114 2108 2110 2113 2115 2110 2115 2114 2105 2116 2111 2105 2108 2116 2108 2114 2116 2106 2112 2117 2106 2117 2109 2109 2117 2113 2107 2111 2118 2107 2118 2112 2115 2119 2114 2115 2113 2120 2116 2121 2111 2116 2114 2122 2116 2122 2121 2114 2119 2122 2111 2121 2118 2117 2112 2123 2117 2124 2113 2117 2123 2124 2113 2124 2120 2112 2118 2123 2122 2125 2121 2124 2123 2126 2118 2121 2127 2118 2127 2123 2127 2121 2125 2127 2126 2123 2128 2129 2130 2128 2131 2129 2128 2130 2132 2128 2133 2131 2128 2132 2134 2128 2135 2133 2128 2134 2136 2128 2136 2135 2129 2137 2130 2129 2131 2137 2132 2138 2134 2132 2130 2138 2133 2135 2139 2133 2139 2131 2136 2134 2140 2136 2140 2135 2137 2141 2130 2137 2131 2142 2137 2143 2141 2137 2142 2143 2131 2139 2142 2130 2141 2138 2134 2144 2140 2134 2138 2144 2135 2145 2139 2135 2140 2145 2143 2142 2146 2143 2147 2141 2143 2146 2148 2143 2148 2147 2138 2149 2144 2138 2141 2149 2141 2147 2149 2139 2145 2150 2139 2150 2142 2142 2150 2146 2140 2144 2151 2140 2151 2145 2148 2152 2147 2148 2146 2153 2149 2154 2144 2149 2147 2155 2149 2155 2154 2147 2152 2155 2144 2154 2151 2150 2145 2156 2150 2157 2146 2150 2156 2157 2146 2157 2153 2145 2151 2156 2155 2158 2154 2157 2156 2159 2151 2154 2160 2151 2160 2156 2160 2154 2158 2160 2159 2156 2161 2162 2163 2161 2164 2162 2161 2163 2165 2161 2166 2164 2161 2165 2167 2161 2168 2166 2161 2167 2168 2162 2169 2163 2162 2164 2170 2162 2171 2169 2162 2170 2171 2165 2172 2167 2166 2168 2173 2169 2171 2174 2170 2175 2171 2172 2176 2167 2172 2177 2176 2168 2178 2173 2168 2167 2179 2168 2179 2178 2167 2176 2179 2174 2171 2180 2174 2180 2181 2171 2175 2180 2177 2182 2176 2177 2183 2182 2173 2178 2184 2179 2176 2185 2179 2185 2178 2176 2182 2185 2181 2180 2186 2181 2186 2187 2175 2188 2180 2180 2188 2186 2183 2189 2182 2183 2190 2189 2184 2178 2191 2184 2191 2192 2185 2182 2193 2185 2193 2178 2178 2193 2191 2182 2189 2193 2187 2186 2194 2187 2194 2195 2188 2196 2186 2186 2196 2194 2190 2197 2189 2190 2198 2197 2192 2191 2199 2192 2199 2200 2192 2200 2201 2193 2189 2202 2193 2202 2191 2191 2202 2199 2189 2197 2202 2198 2203 2197 2198 2204 2203 2200 2205 2201 2200 2199 2206 2200 2207 2205 2200 2206 2207 2206 2199 2202 2206 2202 2197 2206 2197 2203 2206 2203 2207 2204 2208 2203 2204 2209 2208 2203 2208 2207 2201 2205 2210 2209 2211 2208 2209 2212 2211 2209 2213 2212 2207 2214 2205 2207 2208 2214 2208 2211 2214 2210 2205 2215 2210 2215 2216 2205 2214 2215 2213 2217 2212 2213 2218 2217 2211 2219 2214 2211 2212 2219 2214 2219 2215 2216 2215 2220 2216 2220 2221 2215 2219 2220 2218 2222 2217 2218 2223 2222 2212 2224 2219 2212 2217 2224 2219 2224 2220 2221 2220 2225 2221 2225 2226 2220 2224 2225 2223 2227 2222 2223 2228 2227 2217 2229 2224 2217 2222 2230 2217 2230 2229 2224 2229 2225 2226 2225 2231 2226 2231 2232 2225 2229 2231 2228 2233 2227 2228 2234 2233 2222 2235 2230 2222 2227 2235 2232 2231 2236 2232 2236 2237 2229 2230 2236 2229 2236 2231 2234 2238 2233 2234 2239 2238 2227 2240 2235 2227 2233 2240 2237 2236 2241 2230 2235 2242 2230 2242 2236 2236 2242 2241 2239 2243 2238 2239 2244 2243 2233 2245 2240 2233 2238 2245 2235 2246 2242 2235 2240 2246 2241 2242 2247 2242 2246 2247 2244 2248 2243 2244 2249 2248 2238 2250 2245 2238 2243 2250 2240 2251 2246 2240 2245 2251 2247 2246 2252 2246 2251 2252 2249 2253 2248 2249 2254 2253 2243 2255 2250 2243 2248 2255 2245 2256 2251 2245 2250 2256 2252 2251 2257 2251 2256 2257 2254 2258 2253 2254 2259 2258 2248 2260 2255 2248 2253 2260 2250 2261 2256 2250 2255 2261 2257 2256 2262 2256 2261 2262 2259 2263 2258 2259 2264 2263 2253 2265 2260 2253 2258 2265 2255 2266 2261 2255 2260 2266 2262 2261 2267 2261 2266 2267 2264 2268 2263 2264 2269 2268 2258 2270 2265 2258 2263 2270 2263 2268 2270 2260 2271 2266 2260 2265 2271 2267 2266 2272 2266 2271 2272 2269 2273 2268 2269 2274 2273 2268 2273 2270 2265 2275 2271 2265 2270 2275 2270 2273 2275 2272 2271 2276 2271 2275 2276 2274 2277 2273 2274 2278 2277 2275 2279 2276 2275 2273 2279 2273 2277 2279 2278 2280 2277 2278 2281 2280 2277 2280 2279 2276 2279 2282 2279 2280 2282 2281 2283 2280 2281 2284 2283 2283 2282 2280 2285 2286 2287 2285 2288 2286 2285 2287 2289 2285 2290 2288 2285 2289 2291 2285 2292 2290 2285 2291 2292 2286 2293 2287 2286 2288 2294 2286 2295 2293 2286 2294 2295 2289 2296 2291 2290 2292 2297 2287 2293 2298 2295 2299 2293 2296 2300 2291 2296 2301 2300 2296 2302 2301 2292 2303 2297 2292 2291 2304 2292 2304 2303 2291 2300 2304 2298 2293 2305 2298 2305 2306 2293 2299 2305 2302 2307 2301 2302 2308 2307 2297 2303 2309 2300 2310 2304 2300 2301 2310 2304 2310 2303 2306 2305 2311 2306 2311 2312 2299 2313 2305 2305 2313 2311 2308 2314 2307 2308 2315 2314 2309 2303 2316 2309 2316 2317 2301 2318 2310 2301 2307 2319 2301 2319 2318 2303 2318 2316 2303 2310 2318 2312 2311 2320 2312 2320 2321 2313 2322 2311 2311 2322 2320 2315 2323 2314 2315 2324 2323 2317 2316 2325 2317 2325 2326 2318 2319 2325 2318 2325 2316 2307 2314 2327 2307 2327 2319 2324 2328 2323 2324 2329 2328 2326 2325 2330 2326 2330 2331 2319 2327 2330 2319 2330 2325 2314 2323 2332 2314 2332 2327 2329 2333 2328 2329 2334 2333 2331 2330 2335 2331 2335 2336 2327 2332 2335 2327 2335 2330 2323 2328 2337 2323 2337 2332 2334 2338 2333 2334 2339 2338 2336 2335 2340 2336 2340 2341 2332 2337 2340 2332 2340 2335 2328 2333 2342 2328 2342 2337 2339 2343 2338 2339 2344 2343 2341 2340 2345 2341 2345 2346 2337 2342 2345 2337 2345 2340 2333 2338 2347 2333 2347 2342 2344 2348 2343 2346 2345 2349 2346 2349 2350 2346 2350 2351 2342 2347 2349 2342 2349 2345 2338 2343 2352 2338 2352 2347 2349 2352 2350 2349 2347 2352 2348 2353 2343 2348 2354 2353 2343 2353 2352 2351 2350 2355 2351 2355 2356 2354 2357 2353 2354 2358 2357 2352 2359 2350 2352 2353 2359 2353 2357 2359 2350 2359 2355 2356 2355 2360 2356 2360 2361 2358 2362 2357 2358 2363 2362 2359 2364 2355 2359 2357 2364 2357 2362 2364 2355 2364 2360 2361 2360 2365 2361 2365 2366 2363 2367 2362 2363 2368 2367 2364 2369 2360 2364 2362 2369 2362 2367 2369 2360 2369 2365 2366 2365 2370 2366 2370 2371 2368 2372 2367 2368 2373 2372 2369 2374 2365 2369 2367 2374 2367 2372 2374 2365 2374 2370 2371 2370 2375 2371 2375 2376 2373 2377 2372 2373 2378 2377 2374 2379 2370 2374 2372 2379 2372 2377 2379 2370 2379 2375 2376 2375 2380 2376 2380 2381 2378 2382 2377 2378 2383 2382 2379 2384 2375 2379 2377 2384 2377 2382 2384 2375 2384 2380 2381 2380 2385 2381 2385 2386 2383 2387 2382 2383 2388 2387 2384 2389 2380 2384 2382 2389 2382 2387 2389 2380 2389 2385 2386 2385 2390 2386 2390 2391 2388 2392 2387 2388 2393 2392 2389 2394 2385 2389 2387 2394 2387 2392 2394 2385 2394 2390 2391 2390 2395 2393 2396 2392 2393 2397 2396 2393 2398 2397 2394 2399 2390 2394 2392 2399 2395 2390 2400 2395 2400 2401 2395 2401 2402 2400 2399 2401 2400 2390 2399 2396 2397 2403 2396 2404 2392 2396 2403 2404 2399 2404 2401 2399 2392 2404 2401 2404 2402 2398 2405 2397 2403 2406 2404 2403 2397 2407 2403 2407 2406 2406 2402 2404 2405 2408 2397 2397 2408 2407 2409 2410 2411 2409 2412 2410 2409 2411 2413 2409 2414 2412 2409 2413 2415 2409 2416 2414 2409 2415 2416 2410 2417 2411 2412 2414 2418 2413 2411 2419 2415 2420 2416 2417 2421 2411 2417 2422 2421 2411 2421 2419 2414 2423 2418 2414 2416 2424 2414 2424 2423 2420 2425 2416 2420 2426 2425 2416 2425 2424 2422 2427 2421 2422 2428 2427 2419 2421 2429 2421 2427 2429 2418 2423 2430 2426 2431 2425 2426 2432 2431 2424 2433 2423 2424 2425 2433 2428 2434 2427 2428 2435 2434 2429 2427 2436 2427 2434 2436 2430 2423 2437 2430 2437 2438 2423 2433 2437 2432 2439 2431 2432 2440 2439 2432 2441 2440 2425 2442 2433 2425 2431 2442 2433 2442 2437 2435 2443 2434 2435 2444 2443 2436 2434 2445 2445 2434 2443 2438 2437 2446 2438 2446 2447 2437 2442 2446 2439 2440 2448 2439 2449 2431 2439 2448 2449 2442 2449 2446 2442 2431 2449 2441 2450 2440 2441 2451 2450 2447 2446 2452 2447 2452 2453 2449 2448 2452 2449 2452 2446 2440 2450 2454 2440 2454 2448 2451 2455 2450 2451 2456 2455 2453 2452 2457 2453 2457 2458 2448 2454 2457 2448 2457 2452 2450 2455 2459 2450 2459 2454 2456 2460 2455 2456 2461 2460 2458 2457 2462 2458 2462 2463 2454 2459 2462 2454 2462 2457 2455 2460 2464 2455 2464 2459 2461 2465 2460 2461 2466 2465 2463 2462 2467 2463 2467 2468 2463 2468 2469 2467 2459 2464 2467 2462 2459 2467 2464 2468 2460 2465 2470 2460 2470 2464 2464 2470 2468 2466 2471 2465 2466 2472 2471 2469 2468 2473 2469 2473 2474 2468 2470 2473 2465 2471 2475 2465 2475 2470 2470 2475 2473 2472 2476 2471 2472 2477 2476 2471 2476 2475 2474 2473 2478 2474 2478 2479 2477 2480 2476 2475 2481 2473 2475 2476 2481 2473 2481 2478 2479 2478 2482 2479 2482 2483 2480 2484 2476 2480 2485 2484 2476 2484 2481 2478 2486 2482 2478 2481 2486 2481 2484 2486 2483 2482 2487 2483 2487 2488 2485 2489 2484 2485 2490 2489 2484 2489 2486 2482 2491 2487 2482 2486 2491 2486 2489 2491 2488 2487 2492 2488 2492 2493 2490 2494 2489 2490 2495 2494 2489 2494 2491 2487 2496 2492 2487 2491 2496 2491 2494 2496 2493 2492 2497 2493 2497 2498 2495 2499 2494 2495 2500 2499 2494 2499 2496 2492 2501 2497 2492 2496 2501 2496 2499 2501 2498 2497 2502 2498 2502 2503 2500 2504 2499 2500 2505 2504 2499 2504 2501 2497 2506 2502 2497 2501 2506 2501 2504 2506 2503 2502 2507 2503 2507 2508 2505 2509 2504 2505 2510 2509 2504 2509 2506 2502 2511 2507 2502 2506 2511 2506 2509 2511 2508 2507 2512 2508 2512 2513 2510 2514 2509 2510 2515 2514 2509 2514 2511 2507 2516 2512 2507 2511 2516 2511 2514 2516 2513 2512 2517 2513 2517 2518 2515 2519 2514 2515 2520 2519 2515 2521 2520 2514 2519 2516 2512 2522 2517 2512 2516 2522 2516 2519 2522 2518 2517 2523 2518 2523 2524 2517 2522 2523 2521 2525 2520 2521 2526 2525 2519 2527 2522 2519 2520 2527 2523 2527 2524 2523 2522 2527 2526 2528 2525 2526 2529 2528 2520 2530 2527 2520 2525 2530 2524 2527 2531 2527 2530 2531 2528 2532 2525 2532 2530 2525 2532 2531 2530 2533 2534 2535 2533 2536 2534 2533 2535 2537 2533 2538 2536 2533 2537 2539 2533 2540 2538 2533 2539 2540 2534 2541 2535 2534 2542 2541 2536 2538 2543 2537 2535 2544 2539 2545 2540 2542 2546 2541 2542 2547 2546 2538 2548 2543 2538 2540 2549 2538 2549 2548 2535 2550 2544 2535 2541 2550 2545 2551 2540 2545 2552 2551 2540 2551 2549 2547 2553 2546 2547 2554 2553 2543 2548 2555 2543 2555 2556 2541 2557 2550 2541 2546 2557 2552 2558 2551 2552 2559 2558 2549 2560 2548 2549 2551 2560 2548 2560 2555 2554 2561 2553 2554 2562 2561 2556 2555 2563 2556 2563 2564 2546 2565 2557 2546 2553 2565 2559 2566 2558 2559 2567 2566 2551 2568 2560 2551 2558 2568 2558 2566 2568 2560 2568 2555 2561 2569 2553 2553 2569 2565 2563 2570 2564 2563 2555 2571 2563 2572 2570 2563 2571 2572 2568 2566 2571 2568 2571 2555 2567 2573 2566 2567 2574 2573 2571 2573 2572 2571 2566 2573 2564 2570 2575 2574 2576 2573 2574 2577 2576 2573 2576 2572 2570 2578 2575 2570 2572 2579 2570 2579 2578 2572 2576 2579 2577 2580 2576 2577 2581 2580 2576 2580 2579 2575 2578 2582 2581 2583 2580 2581 2584 2583 2579 2585 2578 2579 2580 2585 2580 2583 2585 2582 2578 2586 2582 2586 2587 2578 2585 2586 2584 2588 2583 2584 2589 2588 2584 2590 2589 2587 2586 2591 2587 2591 2592 2585 2583 2593 2585 2593 2586 2586 2593 2591 2583 2588 2593 2590 2594 2589 2590 2595 2594 2592 2591 2596 2592 2596 2597 2588 2598 2593 2588 2589 2599 2588 2599 2598 2598 2591 2593 2598 2599 2596 2598 2596 2591 2595 2600 2594 2595 2601 2600 2597 2596 2602 2597 2602 2603 2596 2599 2602 2589 2594 2604 2589 2604 2599 2601 2605 2600 2601 2606 2605 2603 2602 2607 2594 2608 2604 2594 2600 2608 2599 2609 2602 2599 2604 2609 2602 2609 2607 2606 2610 2605 2606 2611 2610 2600 2612 2608 2600 2605 2612 2604 2613 2609 2604 2608 2613 2607 2609 2614 2609 2613 2614 2611 2615 2610 2611 2616 2615 2605 2617 2612 2605 2610 2617 2608 2618 2613 2608 2612 2618 2614 2613 2619 2613 2618 2619 2616 2620 2615 2616 2621 2620 2610 2622 2617 2610 2615 2622 2612 2623 2618 2612 2617 2623 2619 2618 2624 2618 2623 2624 2621 2625 2620 2621 2626 2625 2615 2627 2622 2615 2620 2627 2617 2628 2623 2617 2622 2628 2624 2623 2629 2623 2628 2629 2626 2630 2625 2626 2631 2630 2620 2632 2627 2620 2625 2632 2622 2633 2628 2622 2627 2633 2629 2628 2634 2628 2633 2634 2631 2635 2630 2625 2636 2632 2625 2630 2636 2627 2637 2633 2627 2632 2637 2634 2633 2638 2633 2637 2638 2635 2639 2630 2635 2640 2639 2635 2641 2640 2636 2642 2632 2636 2630 2643 2636 2644 2642 2636 2643 2644 2639 2640 2643 2639 2643 2630 2632 2642 2637 2638 2637 2645 2637 2642 2645 2641 2646 2640 2641 2647 2646 2643 2646 2644 2643 2640 2646 2642 2648 2645 2642 2644 2648 2647 2649 2646 2647 2650 2649 2644 2651 2648 2644 2646 2652 2644 2652 2651 2646 2649 2652 2650 2653 2649 2650 2654 2653 2652 2653 2651 2652 2649 2653 2654 2655 2653 2651 2653 2656 2656 2653 2655 </p>
    </triangles>
    <triangles count="82" material="geometryElement12">
     <input semantic="VERTEX" offset="0" source="#Chikorita-mesh-positions-vertices"/>
     <input semantic="NORMAL" offset="0" source="#Chikorita-mesh-normals"/>
     <input semantic="TEXCOORD" offset="0" source="#Chikorita-mesh-map-channel1" set="1"/>
     <p>2657 2658 2659 2657 2660 2658 2657 2659 2661 2657 2662 2660 2657 2661 2663 2657 2664 2662 2657 2663 2665 2657 2665 2664 2658 2666 2659 2660 2662 2667 2661 2668 2663 2661 2659 2669 2661 2669 2668 2665 2670 2664 2665 2663 2671 2665 2671 2670 2662 2672 2667 2662 2664 2672 2659 2673 2669 2668 2674 2663 2663 2674 2671 2670 2675 2664 2670 2671 2676 2670 2677 2675 2670 2676 2677 2672 2664 2678 2664 2675 2678 2674 2679 2671 2671 2679 2676 2677 2680 2675 2677 2676 2681 2677 2682 2680 2677 2681 2682 2678 2675 2683 2675 2680 2683 2679 2684 2676 2676 2684 2681 2682 2685 2680 2683 2680 2686 2680 2685 2686 2685 2687 2686 2688 2689 2690 2688 2691 2689 2688 2690 2692 2688 2693 2691 2688 2692 2694 2688 2695 2693 2688 2694 2696 2688 2696 2695 2689 2697 2690 2689 2691 2698 2689 2698 2697 2692 2690 2699 2693 2695 2700 2693 2701 2691 2693 2700 2701 2694 2702 2696 2698 2691 2703 2691 2701 2703 2697 2704 2690 2695 2705 2700 2695 2696 2706 2695 2707 2705 2695 2706 2707 2706 2696 2702 2701 2708 2703 2701 2700 2709 2701 2709 2708 2705 2707 2710 2705 2711 2700 2705 2710 2712 2705 2712 2711 2700 2711 2709 2708 2709 2713 2710 2714 2712 2711 2715 2709 2711 2712 2716 2711 2716 2715 2715 2713 2709 2714 2717 2712 2714 2718 2717 2717 2716 2712 </p>
    </triangles>
    <triangles count="82" material="geometryElement13">
     <input semantic="VERTEX" offset="0" source="#Chikorita-mesh-positions-vertices"/>
     <input semantic="NORMAL" offset="0" source="#Chikorita-mesh-normals"/>
     <input semantic="TEXCOORD" offset="0" source="#Chikorita-mesh-map-channel1" set="1"/>
     <p>2719 2720 2721 2719 2722 2720 2719 2721 2723 2719 2724 2722 2719 2723 2725 2719 2726 2724 2719 2725 2727 2719 2727 2726 2720 2722 2728 2721 2729 2723 2724 2726 2730 2724 2731 2722 2724 2730 2732 2724 2733 2731 2724 2732 2733 2731 2728 2722 2725 2734 2727 2725 2723 2735 2725 2735 2734 2726 2736 2730 2726 2727 2736 2732 2737 2733 2732 2730 2738 2732 2739 2737 2732 2738 2739 2723 2740 2735 2734 2741 2727 2727 2741 2736 2730 2742 2738 2730 2736 2742 2737 2739 2743 2741 2744 2736 2736 2744 2742 2738 2745 2739 2738 2742 2746 2738 2746 2745 2743 2739 2747 2743 2747 2748 2747 2739 2745 2744 2749 2742 2742 2749 2746 2750 2751 2752 2750 2753 2751 2750 2752 2754 2750 2755 2753 2750 2754 2756 2750 2757 2755 2750 2756 2758 2750 2758 2757 2751 2753 2759 2752 2760 2754 2755 2757 2761 2755 2762 2753 2755 2761 2762 2756 2763 2758 2756 2754 2764 2756 2765 2763 2756 2764 2766 2756 2766 2765 2764 2754 2760 2757 2767 2761 2757 2758 2768 2757 2768 2767 2758 2763 2768 2753 2762 2769 2766 2770 2765 2767 2768 2771 2763 2765 2772 2763 2773 2768 2763 2772 2773 2768 2773 2771 2770 2774 2765 2770 2775 2774 2765 2774 2772 2773 2776 2771 2773 2772 2777 2773 2777 2776 2775 2778 2774 2775 2779 2778 2772 2780 2777 2772 2774 2780 2780 2774 2778 </p>
    </triangles>
   </mesh>
  </geometry>
  <geometry id="geometry14">
   <mesh>
    <source id="Chikorita_LVineNub-mesh-positions">
     <float_array id="ID15-array" count="99">11.4557 21.0449 2.87554 11.2975 20.5235 2.76569 11.0276 20.6931 2.47739 11.2615 20.4719 3.19086 11.0689 21.1209 2.48354 11.3644 20.8415 3.3847 10.8996 21.4178 2.7441 11.1335 21.1966 3.45757 11.1358 21.4388 3.10255 10.824 19.7941 2.68307 10.3248 21.0988 2.06687 10.97 20.4885 4.03496 10.4708 21.7932 3.41875 10.521 20.2808 2.0676 10.9926 19.8347 3.50614 10.0574 19.1609 2.73421 10.2628 21.742 2.60534 10.7344 21.2959 4.04388 10.3114 19.2208 3.88334 9.65022 19.8463 1.8664 9.20564 18.689 2.86711 9.35841 20.9879 1.87128 10.2619 20.1333 4.62732 9.56294 21.9603 3.76442 8.74235 19.4915 1.85068 9.51434 18.7613 4.20548 9.28832 21.8949 2.62033 8.38998 20.821 1.86019 9.94955 21.2695 4.63727 9.4443 19.8237 5.07618 8.31988 21.8833 2.73091 9.09186 21.1531 5.0857 8.62863 21.9556 4.06926 </float_array>
     <technique_common>
      <accessor source="#ID15-array" count="33" stride="3">
       <param name="X" type="float"/>
       <param name="Y" type="float"/>
       <param name="Z" type="float"/>
      </accessor>
     </technique_common>
    </source>
    <source id="Chikorita_LVineNub-mesh-normals">
     <float_array id="ID16-array" count="99">0.940195 0.250849 -0.230452 0.859345 -0.337081 -0.384582 0.638481 -0.111176 -0.761565 0.917815 -0.382932 0.104779 0.578465 0.375104 -0.724345 0.930318 0.036416 0.364942 0.460361 0.77205 -0.438185 0.743462 0.499594 0.444601 0.645463 0.763323 0.026767 0.690487 -0.594982 -0.411368 0.305413 0.373879 -0.87575 0.784115 -0.08998 0.614058 0.390416 0.907861 0.152855 0.490881 -0.211854 -0.845076 0.823658 -0.535875 0.185541 0.480354 -0.780616 -0.399872 0.279597 0.840992 -0.463204 0.618129 0.51582 0.593166 0.639332 -0.710224 0.294681 0.246288 -0.335742 -0.909186 0.400853 -0.829607 -0.388676 0.044002 0.350957 -0.935357 0.602692 -0.180607 0.777267 0.164932 0.956133 0.242087 0.160669 -0.370591 -0.914794 0.567682 -0.755607 0.326795 0.023751 0.887785 -0.459644 -0.045824 0.337884 -0.940072 0.418063 0.513342 0.749469 0.531541 -0.208257 0.821031 -0.062125 0.890521 -0.45068 0.344906 0.505491 0.790897 0.084843 0.95922 0.269626 </float_array>
     <technique_common>
      <accessor source="#ID16-array" count="33" stride="3">
       <param name="X" type="float"/>
       <param name="Y" type="float"/>
       <param name="Z" type="float"/>
      </accessor>
     </technique_common>
    </source>
    <source id="Chikorita_LVineNub-mesh-map-channel1">
     <float_array id="ID17-array" count="66">0.816406 0.261719 0.816406 0.254375 0.81925 0.255892 0.81331 0.255789 0.820012 0.261719 0.812508 0.261719 0.819278 0.268072 0.813273 0.26825 0.816406 0.269281 0.816406 0.243449 0.825299 0.261719 0.807327 0.261719 0.816406 0.279956 0.823016 0.248582 0.809724 0.248386 0.816406 0.23136 0.823008 0.274805 0.809725 0.274904 0.805492 0.239849 0.827439 0.240034 0.816406 0.219714 0.831575 0.261719 0.801369 0.261719 0.816406 0.292276 0.831526 0.231895 0.801503 0.231753 0.827416 0.283479 0.837566 0.261719 0.805514 0.283651 0.795611 0.261719 0.831498 0.29176 0.801533 0.291913 0.816406 0.304173 </float_array>
     <technique_common>
      <accessor source="#ID17-array" count="33" stride="2">
       <param name="S" type="float"/>
       <param name="T" type="float"/>
      </accessor>
     </technique_common>
    </source>
    <vertices id="Chikorita_LVineNub-mesh-positions-vertices">
     <input semantic="POSITION" source="#Chikorita_LVineNub-mesh-positions"/>
    </vertices>
    <triangles count="56" material="geometryElement18">
     <input semantic="VERTEX" offset="0" source="#Chikorita_LVineNub-mesh-positions-vertices"/>
     <input semantic="NORMAL" offset="0" source="#Chikorita_LVineNub-mesh-normals"/>
     <input semantic="TEXCOORD" offset="0" source="#Chikorita_LVineNub-mesh-map-channel1" set="1"/>
     <p>0 1 2 0 3 1 0 2 4 0 5 3 0 4 6 0 7 5 0 6 8 0 8 7 1 9 2 1 3 9 4 10 6 4 2 10 5 7 11 5 11 3 8 6 12 8 12 7 9 13 2 9 3 14 9 15 13 9 14 15 3 11 14 2 13 10 6 16 12 6 10 16 7 17 11 7 12 17 15 14 18 15 19 13 15 18 20 15 20 19 10 21 16 10 13 21 13 19 21 11 17 22 11 22 14 14 22 18 12 16 23 12 23 17 20 24 19 20 18 25 21 26 16 21 19 27 21 27 26 19 24 27 16 26 23 22 17 28 22 29 18 22 28 29 18 29 25 17 23 28 27 30 26 29 28 31 23 26 32 23 32 28 32 26 30 32 31 28 </p>
    </triangles>
   </mesh>
  </geometry>
  <geometry id="geometry19">
   <mesh>
    <source id="Chikorita_RVineNub-mesh-positions">
     <float_array id="ID20-array" count="99">-11.4557 21.0449 2.87554 -11.0276 20.6931 2.47739 -11.2975 20.5235 2.76569 -11.0689 21.1209 2.48354 -11.2615 20.4719 3.19086 -10.8996 21.4178 2.7441 -11.3644 20.8415 3.3847 -11.1358 21.4388 3.10255 -11.1335 21.1966 3.45757 -10.824 19.7941 2.68307 -10.3248 21.0988 2.06687 -10.521 20.2808 2.0676 -10.97 20.4885 4.03496 -10.4708 21.7932 3.41875 -9.35841 20.9879 1.87128 -10.0574 19.1609 2.73421 -9.65022 19.8463 1.8664 -10.9926 19.8347 3.50614 -10.2628 21.742 2.60534 -10.7344 21.2959 4.04388 -9.20564 18.689 2.86711 -8.38998 20.821 1.86019 -8.74235 19.4915 1.85068 -10.2619 20.1333 4.62732 -10.3114 19.2208 3.88334 -9.56294 21.9603 3.76442 -9.28832 21.8949 2.62033 -9.51434 18.7613 4.20548 -9.94955 21.2695 4.63727 -9.4443 19.8237 5.07618 -8.31988 21.8833 2.73091 -8.62863 21.9556 4.06926 -9.09186 21.1531 5.0857 </float_array>
     <technique_common>
      <accessor source="#ID20-array" count="33" stride="3">
       <param name="X" type="float"/>
       <param name="Y" type="float"/>
       <param name="Z" type="float"/>
      </accessor>
     </technique_common>
    </source>
    <source id="Chikorita_RVineNub-mesh-normals">
     <float_array id="ID21-array" count="99">-0.940194 0.25085 -0.230453 -0.638482 -0.111176 -0.761565 -0.859345 -0.337081 -0.384582 -0.578464 0.375104 -0.724345 -0.917815 -0.382933 0.104778 -0.46036 0.77205 -0.438186 -0.930318 0.036413 0.364941 -0.645462 0.763323 0.026764 -0.743462 0.499595 0.4446 -0.690488 -0.594982 -0.411367 -0.305413 0.37388 -0.875749 -0.490882 -0.211855 -0.845076 -0.784115 -0.08998 0.614058 -0.390414 0.907861 0.152854 -0.044002 0.350957 -0.935357 -0.480355 -0.780617 -0.399871 -0.246287 -0.335741 -0.909187 -0.823658 -0.535875 0.185542 -0.279597 0.840992 -0.463204 -0.618128 0.515821 0.593167 -0.400853 -0.829607 -0.388676 0.045826 0.337884 -0.940071 -0.160668 -0.370592 -0.914794 -0.602692 -0.180607 0.777267 -0.639332 -0.710223 0.294681 -0.164932 0.956133 0.242087 -0.023751 0.887786 -0.459644 -0.567683 -0.755607 0.326794 -0.418062 0.513342 0.749469 -0.531542 -0.208257 0.821031 0.062127 0.890521 -0.450681 -0.084843 0.95922 0.269626 -0.344906 0.505491 0.790897 </float_array>
     <technique_common>
      <accessor source="#ID21-array" count="33" stride="3">
       <param name="X" type="float"/>
       <param name="Y" type="float"/>
       <param name="Z" type="float"/>
      </accessor>
     </technique_common>
    </source>
    <source id="Chikorita_RVineNub-mesh-map-channel1">
     <float_array id="ID22-array" count="66">0.183594 0.261719 0.18075 0.255892 0.183594 0.254375 0.179988 0.261719 0.18669 0.255789 0.180722 0.268072 0.187492 0.261719 0.183594 0.269281 0.186727 0.26825 0.183594 0.243449 0.174701 0.261719 0.176984 0.248582 0.192673 0.261719 0.183594 0.279956 0.168425 0.261719 0.183594 0.23136 0.172561 0.240034 0.190276 0.248386 0.176992 0.274805 0.190275 0.274904 0.183594 0.219714 0.162434 0.261719 0.168474 0.231895 0.198631 0.261719 0.194508 0.239849 0.183594 0.292276 0.172584 0.283479 0.198497 0.231753 0.194486 0.283651 0.204389 0.261719 0.168502 0.29176 0.183594 0.304173 0.198467 0.291913 </float_array>
     <technique_common>
      <accessor source="#ID22-array" count="33" stride="2">
       <param name="S" type="float"/>
       <param name="T" type="float"/>
      </accessor>
     </technique_common>
    </source>
    <vertices id="Chikorita_RVineNub-mesh-positions-vertices">
     <input semantic="POSITION" source="#Chikorita_RVineNub-mesh-positions"/>
    </vertices>
    <triangles count="56" material="geometryElement23">
     <input semantic="VERTEX" offset="0" source="#Chikorita_RVineNub-mesh-positions-vertices"/>
     <input semantic="NORMAL" offset="0" source="#Chikorita_RVineNub-mesh-normals"/>
     <input semantic="TEXCOORD" offset="0" source="#Chikorita_RVineNub-mesh-map-channel1" set="1"/>
     <p>0 1 2 0 3 1 0 2 4 0 5 3 0 4 6 0 7 5 0 6 8 0 8 7 1 9 2 1 3 10 1 11 9 1 10 11 3 5 10 2 9 4 6 12 8 6 4 12 7 13 5 7 8 13 11 10 14 11 15 9 11 14 16 11 16 15 4 17 12 4 9 17 9 15 17 5 13 18 5 18 10 10 18 14 8 12 19 8 19 13 16 20 15 16 14 21 16 22 20 16 21 22 17 23 12 17 15 24 17 24 23 15 20 24 12 23 19 18 13 25 18 26 14 18 25 26 14 26 21 13 19 25 20 27 24 23 28 19 23 24 29 23 29 28 24 27 29 19 28 25 26 30 21 26 25 31 26 31 30 25 28 31 29 32 28 28 32 31 </p>
    </triangles>
   </mesh>
  </geometry>
  <geometry id="geometry24">
   <mesh>
    <source id="Chikorita_RVine-mesh-positions">
     <float_array id="ID25-array" count="693">-102.66 20.6207 3.31594 -102.62 20.8966 2.83823 -102.62 20.3449 2.83823 -102.62 21.1724 3.31594 -102.62 20.0691 3.31594 -102.62 20.8966 3.79366 -102.62 20.3449 3.79366 -16.4993 20.3155 2.78719 -21.2516 20.3155 2.78719 -16.4993 20.926 2.78719 -21.2516 20.0102 3.31594 -11.7471 20.926 2.78719 -16.4993 20.0102 3.31594 -11.7471 20.3155 2.78719 -21.2516 20.926 2.78719 -26.0038 20.0102 3.31594 -26.0038 20.3155 2.78719 -6.99482 20.926 2.78719 -21.2516 20.3155 3.8447 -11.7471 20.0102 3.31594 -16.4993 20.3155 3.8447 -26.0038 20.926 2.78719 -26.0038 20.3155 3.8447 -30.756 20.0102 3.31594 -30.756 20.3155 3.8447 -6.99482 20.3155 2.78719 -21.2516 20.926 3.8447 -11.7471 20.3155 3.8447 -16.4993 20.926 3.8447 -30.756 20.3155 2.78719 -30.756 20.926 2.78719 -30.756 20.926 3.8447 -35.5083 20.3155 3.8447 -35.5083 20.926 3.8447 -6.99482 20.0102 3.31594 -26.0038 20.926 3.8447 -11.7471 20.926 3.8447 -21.2516 21.2313 3.31594 -16.4993 21.2313 3.31594 -35.5083 20.3155 2.78719 -35.5083 20.926 2.78719 -35.5083 20.0102 3.31594 -35.5083 21.2313 3.31594 -40.2605 20.926 3.8447 -40.2605 21.2313 3.31594 -6.99482 20.3155 3.8447 -26.0038 21.2313 3.31594 -30.756 21.2313 3.31594 -11.7471 21.2313 3.31594 -21.2516 20.926 2.78719 -16.4993 20.926 2.78719 -40.2605 20.3155 2.78719 -40.2605 20.926 2.78719 -40.2605 20.3155 3.8447 -40.2605 20.0102 3.31594 -40.2605 20.926 2.78719 -45.0128 21.2313 3.31594 -45.0128 20.926 2.78719 -6.99482 20.926 3.8447 -30.756 20.926 2.78719 -35.5083 20.926 2.78719 -26.0038 20.926 2.78719 -11.7471 20.926 2.78719 -45.0128 20.3155 2.78719 -45.0128 20.926 2.78719 -45.0128 20.3155 3.8447 -45.0128 20.0102 3.31594 -45.0128 20.926 3.8447 -49.765 20.926 2.78719 -6.99482 21.2313 3.31594 -49.765 20.3155 2.78719 -49.765 20.926 2.78719 -49.765 20.3155 3.8447 -49.765 20.0102 3.31594 -49.765 21.2313 3.31594 -49.765 20.926 3.8447 -6.99482 20.926 2.78719 -54.5173 20.3155 2.78719 -54.5173 20.926 2.78719 -54.5173 20.3155 3.8447 -54.5173 20.0102 3.31594 -54.5173 21.2313 3.31594 -54.5173 20.926 3.8447 -54.5173 20.926 2.78719 -59.2695 20.3155 2.78719 -59.2695 20.926 2.78719 -59.2695 20.3155 3.8447 -59.2695 20.0102 3.31594 -59.2695 21.2313 3.31594 -59.2695 20.926 3.8447 -59.2695 20.926 2.78719 -64.0217 20.3155 2.78719 -64.0217 20.926 2.78719 -64.0217 20.3155 3.8447 -64.0217 20.0102 3.31594 -64.0217 21.2313 3.31594 -64.0217 20.926 3.8447 -64.0217 20.926 2.78719 -68.774 20.3155 2.78719 -68.774 20.926 2.78719 -68.774 20.3155 3.8447 -68.774 20.0102 3.31594 -68.774 21.2313 3.31594 -68.774 20.926 3.8447 -68.774 20.926 2.78719 -73.5262 20.3155 2.78719 -73.5262 20.926 2.78719 -73.5262 20.3155 3.8447 -73.5262 20.0102 3.31594 -73.5262 21.2313 3.31594 -73.5262 20.926 3.8447 -73.5262 20.926 2.78719 -78.2785 20.3155 2.78719 -78.2785 20.926 2.78719 -78.2785 20.3155 3.8447 -78.2785 20.0102 3.31594 -78.2785 21.2313 3.31594 -78.2785 20.926 3.8447 -78.2785 20.926 2.78719 -83.0307 20.3155 2.78719 -83.0307 20.926 2.78719 -83.0307 20.3155 3.8447 -83.0307 20.0102 3.31594 -83.0307 21.2313 3.31594 -83.0307 20.926 3.8447 -83.0307 20.926 2.78719 -87.783 20.3155 2.78719 -87.783 20.926 2.78719 -87.783 20.3155 3.8447 -87.783 20.0102 3.31594 -87.783 21.2313 3.31594 -87.783 20.926 3.8447 -87.783 20.926 2.78719 -92.5352 20.3155 2.78719 -92.5352 20.926 2.78719 -92.5352 20.3155 3.8447 -92.5352 20.0102 3.31594 -92.5352 21.2313 3.31594 -92.5352 20.926 3.8447 -92.5352 20.926 2.78719 -95.8258 20.2498 2.67343 -95.8258 20.9917 2.67343 -95.8258 20.2498 3.95845 -95.8258 19.8788 3.31594 -95.8258 21.3627 3.31594 -95.8258 20.9917 3.95845 -95.8258 20.9917 2.67343 -96.3771 20.2183 2.61896 -96.3771 21.0231 2.61896 -96.3771 20.2183 4.01292 -96.3771 19.8159 3.31594 -96.3771 21.4256 3.31594 -96.3771 21.0231 4.01292 -96.3771 21.0231 2.61896 -96.9222 20.1654 2.52721 -96.9222 21.0761 2.52721 -96.9222 20.1654 4.10468 -96.9222 19.71 3.31594 -96.9222 21.5315 3.31594 -96.9222 21.0761 4.10468 -96.9222 21.0761 2.52721 -97.4959 20.0989 2.41208 -97.4959 21.1426 2.41208 -97.4959 20.0989 4.21981 -97.4959 19.5771 3.31594 -97.4959 21.6644 3.31594 -97.4959 21.1426 4.21981 -97.4959 21.1426 2.41208 -98.1961 20.0051 2.24953 -98.1961 21.2364 2.24953 -98.1961 20.0051 4.38235 -98.1961 19.3894 3.31594 -98.1961 21.8521 3.31594 -98.1961 21.2364 4.38235 -98.1961 21.2364 2.24953 -99.0409 19.9063 2.07843 -99.0409 21.3352 2.07843 -99.0409 19.9063 4.55346 -99.0409 19.1918 3.31594 -99.0409 22.0497 3.31594 -99.0409 21.3352 4.55346 -99.0409 21.3352 2.07843 -99.901 19.8215 1.93153 -99.901 21.42 1.93153 -99.901 19.8215 4.70036 -99.901 19.0222 3.31594 -99.901 22.2193 3.31594 -99.901 21.42 4.70036 -99.901 21.42 1.93153 -100.76 19.803 1.89949 -100.76 21.4385 1.89949 -100.76 19.803 4.7324 -100.76 18.9852 3.31594 -100.76 22.2563 3.31594 -100.76 21.4385 4.7324 -100.76 21.4385 1.89949 -101.549 19.8976 2.06349 -101.549 21.3439 2.06349 -101.549 19.8976 4.5684 -101.549 19.1745 3.31594 -101.549 22.067 3.31594 -101.549 21.3439 4.5684 -101.549 21.3439 2.06349 -102.137 20.0603 2.34529 -102.137 21.1812 2.34529 -102.137 20.0603 4.2866 -102.137 19.4999 3.31594 -102.137 21.7416 3.31594 -102.137 21.1812 4.2866 -102.137 21.1812 2.34529 -102.473 20.2082 2.6013 -102.473 21.0333 2.6013 -102.473 20.2082 4.03058 -102.473 19.7956 3.31594 -102.473 21.4459 3.31594 -102.473 21.0333 4.03058 -102.473 21.0333 2.6013 -102.62 20.3449 2.83823 -102.62 20.8966 2.83823 -102.62 20.3449 3.79366 -102.62 20.0691 3.31594 -102.62 21.1724 3.31594 -102.62 20.8966 3.79366 -102.62 20.8966 2.83823 -6.8 20.6207 3.31594 -6.99482 20.3155 2.78719 -6.99482 20.926 2.78719 -6.99482 20.0102 3.31594 -6.99482 21.2313 3.31594 -6.99482 20.3155 3.8447 -6.99482 20.926 3.8447 </float_array>
     <technique_common>
      <accessor source="#ID25-array" count="231" stride="3">
       <param name="X" type="float"/>
       <param name="Y" type="float"/>
       <param name="Z" type="float"/>
      </accessor>
     </technique_common>
    </source>
    <source id="Chikorita_RVine-mesh-normals">
     <float_array id="ID26-array" count="693">-1 -7e-06 -0 -0.940334 0.170166 -0.294646 -0.940332 -0.170169 -0.294648 -0.940321 0.340288 0 -0.94032 -0.340292 -3e-06 -0.940331 0.170172 0.294652 -0.94033 -0.170168 0.294655 0 -0.499985 -0.866034 0 -0.499984 -0.866035 0 0.499984 -0.866035 0 -1 -4e-06 0 0.499984 -0.866035 0 -1 -4e-06 0 -0.499984 -0.866035 0 0.499984 -0.866035 -0 -1 -4e-06 -0 -0.499984 -0.866035 0.51407 0.428863 -0.742838 0 -0.499988 0.866032 0 -1 -4e-06 0 -0.499989 0.866032 0 0.499984 -0.866035 0 -0.499988 0.866032 0 -1 -4e-06 0 -0.499989 0.866032 0.514063 -0.428859 -0.742846 0 0.499988 0.866032 0 -0.499988 0.866032 0 0.499988 0.866033 0 -0.499985 -0.866034 0 0.499984 -0.866035 0 0.499988 0.866033 0 -0.499988 0.866032 0 0.499988 0.866032 0.514055 -0.857757 -3e-06 0 0.499988 0.866032 0 0.499988 0.866033 0 1 -4e-06 -0 1 -4e-06 0 -0.499984 -0.866035 0 0.499984 -0.866035 0 -1 -4e-06 0 1 -4e-06 0 0.499988 0.866032 0 1 -4e-06 0.514064 -0.428861 0.742843 0 1 -4e-06 -0 1 -4e-06 0 1 -4e-06 0 0.499984 -0.866035 0 0.499984 -0.866035 0 -0.499984 -0.866035 0 0.499984 -0.866035 0 -0.499988 0.866032 0 -1 -4e-06 0 0.499984 -0.866035 -0 1 -4e-06 0 0.499984 -0.866035 0.514071 0.428866 0.742836 0 0.499984 -0.866035 0 0.499984 -0.866035 0 0.499984 -0.866035 0 0.499984 -0.866035 0 -0.499984 -0.866035 0 0.499984 -0.866035 0 -0.499988 0.866032 0 -1 -4e-06 0 0.499988 0.866032 0 0.499984 -0.866035 0.514071 0.857748 -3e-06 0 -0.499983 -0.866035 0 0.499984 -0.866035 0 -0.499987 0.866033 0 -1 -4e-06 0 1 -4e-06 0 0.499988 0.866032 0.51407 0.428863 -0.742838 0 -0.499984 -0.866035 0 0.499984 -0.866035 0 -0.499988 0.866033 0 -1 -4e-06 0 1 -4e-06 0 0.499988 0.866032 0 0.499984 -0.866035 0 -0.499984 -0.866035 0 0.499984 -0.866035 0 -0.499988 0.866032 0 -1 -4e-06 0 1 -4e-06 0 0.499988 0.866032 0 0.499984 -0.866035 0 -0.499984 -0.866035 0 0.499984 -0.866035 0 -0.499988 0.866033 -0 -1 -4e-06 0 1 -4e-06 0 0.499988 0.866032 0 0.499984 -0.866035 0 -0.499984 -0.866035 0 0.499984 -0.866035 0 -0.499988 0.866032 0 -1 -4e-06 0 1 -4e-06 0 0.499988 0.866032 0 0.499984 -0.866035 0 -0.499984 -0.866035 0 0.499984 -0.866035 0 -0.499988 0.866032 0 -1 -4e-06 0 1 -4e-06 0 0.499988 0.866032 0 0.499984 -0.866035 0 -0.499984 -0.866035 0 0.499984 -0.866035 0 -0.499988 0.866032 0 -1 -4e-06 0 1 -4e-06 0 0.499988 0.866032 0 0.499984 -0.866035 0 -0.499984 -0.866035 0 0.499984 -0.866035 0 -0.499988 0.866032 0 -1 -4e-06 0 1 -4e-06 0 0.499988 0.866032 0 0.499984 -0.866035 0 -0.499985 -0.866034 0 0.499984 -0.866035 -0 -0.499989 0.866032 0 -1 -4e-06 0 1 -4e-06 0 0.499988 0.866032 0 0.499984 -0.866035 0.020078 -0.499881 -0.865861 0.020077 0.499882 -0.865861 0.020076 -0.499885 0.865859 0.02008 -0.999798 -3e-06 0.020081 0.999798 -4e-06 0.020077 0.499885 0.865859 0.020077 0.499882 -0.865861 0.0776 -0.498465 -0.863429 0.077563 0.498483 -0.863423 0.077609 -0.498458 0.863433 0.077601 -0.996984 -9e-06 0.077582 0.996986 -9e-06 0.077569 0.498475 0.863427 0.077563 0.498483 -0.863423 0.154092 -0.494052 -0.855668 0.154098 0.49397 -0.855715 0.154087 -0.494052 0.855669 0.154066 -0.988061 -3e-06 0.154064 0.988061 8e-06 0.154083 0.493981 0.855711 0.154098 0.49397 -0.855715 0.209441 -0.48889 -0.84683 0.20948 0.488885 -0.846823 0.209462 -0.488881 0.84683 0.209403 -0.977829 -1.1e-05 0.20942 0.977826 2e-05 0.20949 0.488905 0.846809 0.20948 0.488885 -0.846823 0.24366 -0.484953 -0.839911 0.243645 0.484955 -0.839914 0.243639 -0.484957 0.839915 0.243632 -0.969868 -1e-06 0.243635 0.969867 -3e-06 0.243656 0.484953 0.839912 0.243645 0.484955 -0.839914 0.242141 -0.485108 -0.840261 0.242145 0.485114 -0.840256 0.242146 -0.485115 0.840255 0.242163 -0.970235 6e-06 0.242162 0.970236 -6e-06 0.242141 0.485111 0.840259 0.242145 0.485114 -0.840256 0.209495 -0.488904 -0.846808 0.209498 0.488902 -0.846809 0.2095 -0.488904 0.846807 0.209498 -0.977809 -1e-06 0.209497 0.977809 -1e-06 0.209498 0.488903 0.846809 0.209498 0.488902 -0.846809 0.115852 -0.496628 -0.860197 0.11585 0.496628 -0.860197 0.115851 -0.496629 0.860197 0.115843 -0.993268 -3e-06 0.115844 0.993267 0 0.115852 0.49663 0.860196 0.11585 0.496628 -0.860197 -0.092111 -0.497863 -0.862351 -0.092109 0.497861 -0.862352 -0.09211 -0.497862 0.862351 -0.092092 -0.99575 -3e-06 -0.092091 0.995751 -1e-06 -0.092111 0.497863 0.86235 -0.092109 0.497861 -0.862352 -0.3483 -0.468708 -0.811788 -0.348301 0.468706 -0.811789 -0.348302 -0.468708 0.811788 -0.348283 -0.937389 -2e-06 -0.348284 0.937389 0 -0.3483 0.46871 0.811787 -0.348301 0.468706 -0.811789 -0.559931 -0.414282 -0.717529 -0.559932 0.414281 -0.717528 -0.559937 -0.41428 0.717526 -0.559958 -0.828521 -1e-06 -0.559958 0.828521 -0 -0.559935 0.414281 0.717526 -0.559932 0.414281 -0.717528 -0.755685 -0.327425 -0.567215 -0.755684 0.327426 -0.567215 -0.755686 -0.327428 0.567212 -0.755696 -0.654923 1e-06 -0.755696 0.654922 -1e-06 -0.755688 0.327425 0.567211 -0.755684 0.327426 -0.567215 -0.940332 -0.170169 -0.294648 -0.940334 0.170166 -0.294646 -0.94033 -0.170168 0.294655 -0.94032 -0.340292 -3e-06 -0.940321 0.340288 0 -0.940331 0.170172 0.294652 -0.940334 0.170166 -0.294646 1 -2.8e-05 -2e-06 0.514063 -0.428859 -0.742846 0.51407 0.428863 -0.742838 0.514055 -0.857757 -3e-06 0.514071 0.857748 -3e-06 0.514064 -0.428861 0.742843 0.514071 0.428866 0.742836 </float_array>
     <technique_common>
      <accessor source="#ID26-array" count="231" stride="3">
       <param name="X" type="float"/>
       <param name="Y" type="float"/>
       <param name="Z" type="float"/>
      </accessor>
     </technique_common>
    </source>
    <source id="Chikorita_RVine-mesh-map-channel1">
     <float_array id="ID27-array" count="462">0.472656 0.046875 0.479037 0.06898 0.466275 0.06898 0.485419 0.046875 0.459894 0.046875 0.479037 0.02477 0.466275 0.02477 0.30304 0.023813 0.294929 0.023813 0.30304 0.011719 0.294929 0.035908 0.311257 0.011718 0.30304 0.035908 0.311257 0.023813 0.294929 0.011719 0.28677 0.035908 0.28677 0.023813 0.320313 0.011719 0.294929 0.048002 0.311257 0.035907 0.30304 0.048002 0.28677 0.011719 0.28677 0.048002 0.2786 0.035907 0.2786 0.048002 0.320313 0.023813 0.294929 0.060097 0.311257 0.048002 0.30304 0.060097 0.2786 0.023813 0.2786 0.011719 0.2786 0.060098 0.270473 0.048002 0.270473 0.060098 0.320313 0.035908 0.28677 0.060097 0.311257 0.060098 0.294929 0.072192 0.30304 0.072192 0.270473 0.023813 0.270473 0.011719 0.270473 0.035907 0.270473 0.072192 0.262351 0.060097 0.262351 0.072192 0.320313 0.048002 0.28677 0.072192 0.2786 0.072192 0.311257 0.072192 0.294929 0.085938 0.30304 0.085938 0.262351 0.023813 0.262351 0.011719 0.262351 0.048002 0.262351 0.035907 0.262351 0.085938 0.254148 0.072193 0.254148 0.085938 0.320313 0.060097 0.2786 0.085938 0.270473 0.085938 0.28677 0.085938 0.311257 0.085938 0.254148 0.023813 0.254148 0.011719 0.254148 0.048002 0.254148 0.035908 0.254148 0.060097 0.24559 0.085938 0.320313 0.072192 0.24559 0.023813 0.24559 0.011719 0.24559 0.048003 0.24559 0.035907 0.24559 0.072193 0.24559 0.060097 0.320313 0.085938 0.236687 0.023813 0.236687 0.011719 0.236687 0.048002 0.236687 0.035908 0.236687 0.072192 0.236687 0.060098 0.236687 0.085938 0.228108 0.023813 0.228108 0.011719 0.228108 0.048002 0.228108 0.035907 0.228108 0.072192 0.228108 0.060097 0.228108 0.085938 0.21941 0.023813 0.21941 0.011719 0.21941 0.048003 0.21941 0.035908 0.21941 0.072193 0.21941 0.060097 0.21941 0.085938 0.210747 0.023813 0.210747 0.011718 0.210747 0.048003 0.210747 0.035907 0.210747 0.072192 0.210747 0.060098 0.210747 0.085938 0.202067 0.023813 0.202067 0.011719 0.202067 0.048002 0.202067 0.035908 0.202067 0.072192 0.202067 0.060098 0.202067 0.085938 0.193328 0.023813 0.193328 0.011718 0.193328 0.048002 0.193328 0.035907 0.193328 0.072192 0.193328 0.060097 0.193328 0.085938 0.184516 0.023813 0.184516 0.011719 0.184516 0.048003 0.184516 0.035907 0.184516 0.072192 0.184516 0.060097 0.184516 0.085938 0.175694 0.023813 0.175694 0.011719 0.175694 0.048002 0.175694 0.035907 0.175694 0.072192 0.175694 0.060098 0.175694 0.085938 0.166313 0.023812 0.166313 0.011718 0.166313 0.048003 0.166313 0.035908 0.166313 0.072192 0.166313 0.060097 0.166313 0.085938 0.160427 0.023812 0.160427 0.011718 0.160427 0.048003 0.160427 0.035907 0.160427 0.072192 0.160427 0.060097 0.160427 0.085938 0.158069 0.023813 0.158069 0.011719 0.158069 0.048003 0.158069 0.035908 0.158069 0.072192 0.158069 0.060097 0.158069 0.085938 0.155737 0.023813 0.155737 0.011719 0.155737 0.048002 0.155737 0.035908 0.155737 0.072192 0.155737 0.060098 0.155737 0.085938 0.153282 0.023813 0.153282 0.011719 0.153282 0.048003 0.153282 0.035908 0.153282 0.072192 0.153282 0.060098 0.153282 0.085938 0.150286 0.023813 0.150286 0.011719 0.150286 0.048003 0.150286 0.035908 0.150286 0.072192 0.150286 0.060098 0.150286 0.085938 0.146672 0.023813 0.146672 0.011719 0.146672 0.048003 0.146672 0.035908 0.146672 0.072193 0.146672 0.060097 0.146672 0.085938 0.142993 0.023814 0.142993 0.011719 0.142993 0.048003 0.142993 0.035907 0.142993 0.072192 0.142993 0.060098 0.142993 0.085938 0.139319 0.023813 0.139319 0.011719 0.139319 0.048002 0.139319 0.035907 0.139319 0.072192 0.139319 0.060098 0.139319 0.085938 0.135944 0.023813 0.135944 0.011719 0.135944 0.048002 0.135944 0.035908 0.135944 0.072192 0.135944 0.060097 0.135944 0.085938 0.133427 0.023814 0.133427 0.011719 0.133427 0.048003 0.133427 0.035908 0.133427 0.072192 0.133427 0.060098 0.133427 0.085938 0.13199 0.023813 0.13199 0.011719 0.13199 0.048002 0.13199 0.035907 0.13199 0.072192 0.13199 0.060098 0.13199 0.085938 0.125 0.023814 0.125 0.011719 0.125 0.048002 0.125 0.035908 0.125 0.072192 0.125 0.060098 0.125 0.085938 0.351563 0.042969 0.339194 0.028712 0.351563 0.014295 0.339194 0.057226 0.363931 0.028712 0.351563 0.071643 0.363931 0.057226 </float_array>
     <technique_common>
      <accessor source="#ID27-array" count="231" stride="2">
       <param name="S" type="float"/>
       <param name="T" type="float"/>
      </accessor>
     </technique_common>
    </source>
    <vertices id="Chikorita_RVine-mesh-positions-vertices">
     <input semantic="POSITION" source="#Chikorita_RVine-mesh-positions"/>
    </vertices>
    <triangles count="372" material="geometryElement28">
     <input semantic="VERTEX" offset="0" source="#Chikorita_RVine-mesh-positions-vertices"/>
     <input semantic="NORMAL" offset="0" source="#Chikorita_RVine-mesh-normals"/>
     <input semantic="TEXCOORD" offset="0" source="#Chikorita_RVine-mesh-map-channel1" set="1"/>
     <p>0 1 2 0 3 1 0 2 4 0 5 3 0 4 6 0 6 5 7 8 9 7 10 8 7 9 11 7 12 10 7 11 13 7 13 12 8 14 9 8 10 15 8 16 14 8 15 16 11 17 13 12 18 10 12 13 19 12 20 18 12 19 20 14 16 21 15 10 22 15 23 16 15 22 24 15 24 23 10 18 22 17 25 13 13 25 19 20 26 18 20 19 27 20 28 26 20 27 28 21 16 29 21 29 30 16 23 29 24 22 31 24 32 23 24 31 33 24 33 32 25 34 19 19 34 27 18 26 35 18 35 22 22 35 31 28 27 36 28 37 26 28 36 38 28 38 37 30 29 39 30 39 40 23 32 41 23 41 29 29 41 39 33 31 42 33 43 32 33 42 44 33 44 43 34 45 27 27 45 36 35 26 46 35 47 31 35 46 47 31 47 42 26 37 46 38 36 48 38 49 37 38 48 50 38 50 49 40 39 51 40 51 52 41 32 53 41 54 39 41 53 54 39 54 51 32 43 53 44 42 55 44 56 43 44 55 57 44 57 56 45 58 36 36 58 48 47 46 59 47 60 42 47 59 60 60 55 42 37 49 61 37 61 46 46 61 59 50 48 62 52 51 63 52 63 64 54 53 65 54 66 51 54 65 66 51 66 63 43 56 67 43 67 53 53 67 65 57 68 56 58 69 48 48 69 62 64 63 70 64 70 71 66 65 72 66 73 63 66 72 73 63 73 70 67 56 74 67 75 65 67 74 75 65 75 72 56 68 74 69 76 62 71 70 77 71 77 78 73 72 79 73 80 70 73 79 80 70 80 77 75 74 81 75 82 72 75 81 82 72 82 79 68 83 74 74 83 81 78 77 84 78 84 85 80 79 86 80 87 77 80 86 87 77 87 84 82 81 88 82 89 79 82 88 89 79 89 86 83 90 81 81 90 88 85 84 91 85 91 92 87 86 93 87 94 84 87 93 94 84 94 91 89 88 95 89 96 86 89 95 96 86 96 93 90 97 88 88 97 95 92 91 98 92 98 99 94 93 100 94 101 91 94 100 101 91 101 98 96 95 102 96 103 93 96 102 103 93 103 100 97 104 95 95 104 102 99 98 105 99 105 106 101 100 107 101 108 98 101 107 108 98 108 105 103 102 109 103 110 100 103 109 110 100 110 107 104 111 102 102 111 109 106 105 112 106 112 113 108 107 114 108 115 105 108 114 115 105 115 112 110 109 116 110 117 107 110 116 117 107 117 114 111 118 109 109 118 116 113 112 119 113 119 120 115 114 121 115 122 112 115 121 122 112 122 119 117 116 123 117 124 114 117 123 124 114 124 121 118 125 116 116 125 123 120 119 126 120 126 127 122 121 128 122 129 119 122 128 129 119 129 126 124 123 130 124 131 121 124 130 131 121 131 128 125 132 123 123 132 130 127 126 133 127 133 134 129 128 135 129 136 126 129 135 136 126 136 133 131 130 137 131 138 128 131 137 138 128 138 135 132 139 130 130 139 137 134 133 140 134 140 141 136 135 142 136 143 133 136 142 143 133 143 140 138 137 144 138 145 135 138 144 145 135 145 142 139 146 137 137 146 144 141 140 147 141 147 148 143 142 149 143 150 140 143 149 150 140 150 147 145 144 151 145 152 142 145 151 152 142 152 149 146 153 144 144 153 151 148 147 154 148 154 155 150 149 156 150 157 147 150 156 157 147 157 154 152 151 158 152 159 149 152 158 159 149 159 156 153 160 151 151 160 158 155 154 161 155 161 162 157 156 163 157 164 154 157 163 164 154 164 161 159 158 165 159 166 156 159 165 166 156 166 163 160 167 158 158 167 165 162 161 168 162 168 169 164 163 170 164 171 161 164 170 171 161 171 168 166 165 172 166 173 163 166 172 173 163 173 170 167 174 165 165 174 172 169 168 175 169 175 176 171 170 177 171 178 168 171 177 178 168 178 175 173 172 179 173 180 170 173 179 180 170 180 177 174 181 172 172 181 179 176 175 182 176 182 183 178 177 184 178 185 175 178 184 185 175 185 182 180 179 186 180 187 177 180 186 187 177 187 184 181 188 179 179 188 186 183 182 189 183 189 190 185 184 191 185 192 182 185 191 192 182 192 189 187 186 193 187 194 184 187 193 194 184 194 191 188 195 186 186 195 193 190 189 196 190 196 197 192 191 198 192 199 189 192 198 199 189 199 196 194 193 200 194 201 191 194 200 201 191 201 198 195 202 193 193 202 200 197 196 203 197 203 204 199 198 205 199 206 196 199 205 206 196 206 203 201 200 207 201 208 198 201 207 208 198 208 205 202 209 200 200 209 207 204 203 210 204 210 211 206 205 212 206 213 203 206 212 213 203 213 210 208 207 214 208 215 205 208 214 215 205 215 212 209 216 207 207 216 214 211 210 217 211 217 218 213 212 219 213 220 210 213 219 220 220 217 210 215 214 221 215 222 212 215 221 222 222 219 212 216 223 214 214 223 221 224 225 226 224 227 225 224 226 228 224 229 227 224 228 230 224 230 229 </p>
    </triangles>
   </mesh>
  </geometry>
 </library_geometries>
 <library_controllers>
  <controller id="Chikorita" name="Chikorita">
   <skin source="#geometry6">
    <bind_shape_matrix>1 0 0 0 0 1 0 0 0 0 1 0 0 0 0 1 </bind_shape_matrix>
    <source id="ID29">
     <Name_array id="ID29-array" count="23">SID_1 SID_2 SID_3 SID_4 SID_5 SID_6 SID_7 SID_8 SID_9 SID_10 SID_11 SID_12 SID_13 SID_14 SID_15 SID_16 SID_17 SID_18 SID_19 SID_20 SID_21 SID_22 SID_23 </Name_array>
     <technique_common>
      <accessor source="#ID29-array" count="23" stride="1">
       <param name="JOINT" type="name"/>
      </accessor>
     </technique_common>
    </source>
    <source id="SID_24">
     <float_array id="SID_24-array" count="368">1.90933e-06 -3.073136e-06 -1 -6.23141 0.001952077 -0.9999982 3.076966e-06 13.1247 -0.9999982 -0.001952077 -2.08016e-06 0.02560551 0 0 0 0.9999999 4.15523e-06 -0.9941066 -0.1084071 7.917102 -7.160538e-07 -0.1084072 0.9941066 13.53419 -1 -4.063736e-06 -1.222604e-06 6.694448 0 0 0 1 4.231934e-06 -3.000004e-06 1 13.4411 -9.999958e-07 1 3.000008e-06 -1.58944 -1 -1.000009e-06 4.231927e-06 6.694524 0 0 -0 1 4.231934e-06 -3.000004e-06 1 10.93 -9.999958e-07 1 3.000008e-06 -0.655529 -1 -1.000009e-06 4.231927e-06 6.694523 0 0 -0 1 4.15523e-06 -0.9941066 -0.1084071 7.891214 -7.160538e-07 -0.1084072 0.9941066 13.5314 -1 -4.063736e-06 -1.222604e-06 -6.679532 0 0 0 1 4.231934e-06 -3.000004e-06 1 13.4412 -9.999958e-07 1 3.000008e-06 -1.56336 -1 -1.000009e-06 4.231927e-06 -6.679458 0 0 -0 1 4.231934e-06 -3.000004e-06 1 10.9301 -9.999958e-07 1 3.000008e-06 -0.629445 -1 -1.000009e-06 4.231927e-06 -6.679458 0 0 -0 1 -1.293505e-06 0.5894709 -0.8077896 -21.74239 -5.918308e-06 0.8077896 0.5894709 -2.221457 0.9999999 5.530844e-06 2.431166e-06 0.002838862 0 0 0 0.9999999 -1.299315e-07 0.1202451 0.9927441 4.608059 3.909394e-06 -0.992744 0.1202451 13.7788 0.9999999 3.911382e-06 -1.135204e-07 -6.354431e-05 0 0 -0 1 -9.286135e-07 0.2107541 0.9775392 -2.044261 3.95366e-06 -0.9775392 0.2107541 13.6488 1 4.048543e-06 4.176063e-08 -6.463191e-05 0 0 -0 1 3.789944e-06 -0.9931819 0.1165737 9.999743 1.355573e-06 0.1165738 0.9931819 -9.853723 -0.9999999 -3.500057e-06 1.881154e-06 7.024476 0 0 -0 1 5.066396e-06 -4.00001e-06 1 -9.75563 1.026119e-11 1 4.00001e-06 -1.41218 -1 -1.026118e-11 5.066392e-06 7.02444 0 0 -0 1 5.066396e-06 -4.00001e-06 1 -11.5119 1.026119e-11 1 4.00001e-06 -0.598864 -1 -1.026118e-11 5.066392e-06 7.02444 0 0 -0 1 -2.876021e-06 0.9583069 0.2857408 -16.1871 8.886496e-07 -0.2857409 0.9583069 -1.122312 0.9999999 2.940091e-06 -5.631366e-08 -4.876885e-05 0 0 -0 0.9999999 -3.334211e-06 0.9712961 0.2378743 -25.6605 4.176822e-07 -0.2378744 0.9712961 -2.397571 1 3.253869e-06 2.445906e-07 -5.824519e-05 0 0 -0 1 -2.910972e-06 0.928479 -0.371385 -29.9387 -1.228564e-06 0.371385 0.928479 -27.5567 1 3.126796e-06 3.322401e-08 -5.630291e-05 0 0 0 1 -2.855655e-06 0.8767364 -0.4809711 -31.66092 -1.362637e-06 0.4809711 0.8767364 -31.61881 0.9999999 3.115472e-06 -1.454774e-07 -5.514388e-05 0 0 0 0.9999999 -2.761161e-06 0.8462529 -0.5327814 -38.2403 -1.87923e-06 0.5327812 0.8462529 -33.97781 0.9999999 3.285565e-06 4.449186e-08 -6.578352e-05 0 0 0 0.9999999 -2.71021e-06 0.8388898 -0.5443012 -52.75198 -1.900583e-06 0.5443012 0.8388898 -34.70231 1 3.297029e-06 9.890335e-08 -7.179432e-05 0 0 0 0.9999999 -2.784878e-06 0.8602222 -0.5099194 -70.61382 -1.789389e-06 0.5099194 0.8602222 -31.87183 1 3.311209e-06 1.505331e-07 -7.566861e-05 0 0 0 1 3.789944e-06 -0.9931819 0.1165737 9.999771 1.355573e-06 0.1165738 0.9931819 -9.853691 -0.9999999 -3.500057e-06 1.881154e-06 -7.024402 0 0 -0 1 5.066396e-06 -4.00001e-06 1 -9.755551 1.026119e-11 1 4.00001e-06 -1.41212 -1 -1.026118e-11 5.066392e-06 -7.024452 0 0 -0 1 5.066396e-06 -4.00001e-06 1 -11.5118 1.026119e-11 1 4.00001e-06 -0.598801 -1 -1.026118e-11 5.066392e-06 -7.024452 0 0 -0 1 </float_array>
     <technique_common>
      <accessor source="#SID_24-array" count="23" stride="16">
       <param name="TRANSFORM" type="float4x4"/>
      </accessor>
     </technique_common>
    </source>
    <source id="SID_25">
     <float_array id="SID_25-array" count="6278">0.07 0.57 0.36 0.07 0.57 0.36 0.16 0.68 0.16 0.03 0.21 0.76 0.16 0.69 0.15 0.03 0.16 0.81 0.07 0.57 0.36 0.03 0.17 0.8 0.16 0.68 0.16 0.01 0.05 0.94 1 0.16 0.69 0.15 0.01 0.06 0.93 0.07 0.57 0.36 0.01 0.07 0.92 0.03 0.17 0.8 0.02 0.98 0.01 0.07 0.92 0.03 0.17 0.8 0.16 0.69 0.15 0.02 0.98 0.02 0.98 0.01 0.07 0.92 0.07 0.57 0.36 0.03 0.17 0.8 0.07 0.57 0.36 0.02 0.98 0.01 0.99 0.01 0.99 1 0.01 0.07 0.92 0.02 0.98 0.02 0.98 0.16 0.69 0.15 0.03 0.17 0.8 0.07 0.57 0.36 0.01 0.99 0.01 0.99 0.02 0.98 0.01 0.07 0.92 0.02 0.98 1 1 0.16 0.69 0.15 0.07 0.57 0.36 1 1 1 1 0.01 0.07 0.92 0.02 0.98 1 0.16 0.69 0.15 1 1 1 1 0.03 0.17 0.8 1 1 0.07 0.57 0.36 0.16 0.69 0.15 1 1 0.01 0.99 0.02 0.98 0.03 0.17 0.8 0.01 0.07 0.92 1 1 0.07 0.57 0.36 0.16 0.68 0.16 1 0.02 0.98 0.02 0.98 1 0.07 0.57 0.36 0.16 0.68 0.16 0.01 0.06 0.93 0.03 0.16 0.81 1 0.03 0.21 0.76 0.01 0.05 0.94 0.01 0.99 0.02 0.98 1 0.01 0.99 1 0.01 0.99 0.64 0.36 0.81 0.19 0.66 0.34 0.93 0.07 0.83 0.17 0.93 0.07 0.96 0.02 0.02 0.96 0.02 0.02 0.97 0.01 0.01 0.01 0.85 0.01 0.14 0.94 0.01 0.05 0.66 0.34 0.88 0.03 0.09 0.94 0.03 0.03 0.95 0.01 0.03 0.01 0.87 0.01 0.11 0.01 0.84 0.11 0.05 0.87 0.11 0.02 0.76 0.02 0.22 0.56 0.02 0.42 0.8 0.1 0.1 0.73 0.26 0.01 0.74 0.26 0.74 0.26 0.55 0.44 0.01 0.55 0.44 0.01 0.3 0.65 0.05 0.71 0.1 0.19 0.6 0.02 0.38 0.72 0.25 0.03 0.3 0.65 0.05 0.55 0.44 0.01 0.55 0.43 0.01 0.01 0.3 0.65 0.05 0.7 0.25 0.05 0.68 0.1 0.22 0.59 0.02 0.39 0.16 0.69 0.15 0.16 0.69 0.15 0.3 0.65 0.05 0.16 0.69 0.15 0.54 0.43 0.01 0.02 0.3 0.65 0.05 0.16 0.68 0.16 0.68 0.25 0.07 0.54 0.43 0.02 0.01 0.3 0.65 0.05 0.16 0.68 0.16 0.7 0.1 0.2 0.68 0.25 0.07 0.54 0.43 0.02 0.01 0.3 0.65 0.05 0.59 0.02 0.39 0.71 0.08 0.21 0.59 0.01 0.4 0.68 0.25 0.07 0.73 0.07 0.2 0.01 0.61 0.01 0.37 0.53 0.43 0.02 0.02 0.16 0.69 0.15 0.76 0.07 0.17 0.7 0.23 0.07 0.56 0.41 0.02 0.01 0.3 0.65 0.05 0.16 0.68 0.16 0.02 0.7 0.21 0.07 0.6 0.36 0.02 0.02 0.3 0.65 0.05 0.16 0.69 0.15 0.12 0.7 0.01 0.17 0.01 0.56 0.43 0.13 0.73 0.05 0.09 0.1 0.69 0.17 0.04 0.07 0.57 0.36 0.07 0.57 0.36 0.07 0.57 0.36 0.16 0.69 0.15 0.3 0.65 0.05 0.07 0.59 0.34 0.11 0.67 0.22 0.02 0.54 0.44 0.03 0.31 0.59 0.07 0.04 0.28 0.64 0.04 0.03 0.24 0.61 0.12 0.03 0.23 0.74 0.03 0.21 0.76 0.03 0.24 0.73 1 1 1 0.03 0.25 0.72 0.07 0.56 0.37 0.15 0.7 0.15 0.07 0.55 0.38 0.3 0.65 0.05 0.14 0.71 0.15 0.3 0.65 0.05 0.08 0.61 0.31 0.11 0.66 0.23 0.02 0.54 0.44 0.02 0.33 0.57 0.08 0.13 0.46 0.41 0.13 0.44 0.43 0.11 0.42 0.47 0.01 0.02 0.97 1 0.03 0.28 0.69 0.13 0.72 0.15 0.06 0.58 0.36 0.02 0.32 0.66 0.01 0.07 0.92 0.02 0.98 1 0.11 0.66 0.23 0.02 0.33 0.56 0.09 0.13 0.47 0.4 0.29 0.06 0.54 0.11 0.3 0.02 0.56 0.12 0.1 0.54 0.36 0.08 0.34 0.46 0.12 0.28 0.01 0.5 0.21 0.3 0.65 0.05 0.05 0.61 0.34 0.14 0.71 0.15 0.02 0.36 0.62 0.01 0.13 0.86 0.02 0.98 1 1 0.02 0.33 0.56 0.09 0.13 0.47 0.4 0.27 0.08 0.5 0.15 0.52 0.08 0.35 0.05 0.58 0.02 0.37 0.03 0.06 0.33 0.42 0.19 0.11 0.49 0.39 0.01 0.25 0.5 0.22 0.03 0.57 0.38 0.05 0.22 0.5 0.19 0.09 0.06 0.33 0.41 0.2 0.05 0.61 0.34 0.02 0.39 0.59 0.01 0.16 0.83 0.01 0.19 0.8 0.03 0.97 0.07 0.93 1 0.01 0.99 0.26 0.08 0.47 0.19 0.37 0.22 0.32 0.09 0.43 0.17 0.38 0.02 0.13 0.72 0.15 0.3 0.65 0.05 0.04 0.62 0.34 0.02 0.41 0.57 0.01 0.21 0.78 0.09 0.91 0.02 0.98 1 1 1 1 1 1 1 1 1 1 1 1 1 1 1 1 1 1 1 1 0.03 0.97 1 1 1 0.1 0.9 0.03 0.97 1 1 1 0.03 0.97 0.11 0.89 0.01 0.22 0.77 1 1 0.03 0.97 1 0.11 0.89 0.03 0.97 0.01 0.23 0.76 0.11 0.89 0.02 0.42 0.56 1 1 1 0.03 0.97 1 1 1 0.11 0.89 0.03 0.97 1 1 1 0.02 0.43 0.55 0.04 0.62 0.34 0.01 0.23 0.76 0.01 0.23 0.76 0.11 0.89 0.03 0.97 1 1 1 0.03 0.97 0.1 0.9 0.01 0.22 0.77 0.13 0.72 0.15 0.04 0.63 0.33 0.02 0.43 0.55 0.02 0.43 0.55 0.02 0.42 0.56 1 1 1 1 1 0.02 0.98 1 1 1 1 0.09 0.91 0.01 0.21 0.78 0.02 0.41 0.57 0.3 0.65 0.05 0.13 0.72 0.15 0.04 0.63 0.33 0.04 0.63 0.33 0.04 0.62 0.34 0.04 0.62 0.34 0.01 0.99 0.07 0.93 0.01 0.19 0.8 0.02 0.39 0.59 0.05 0.61 0.34 1 1 1 1 1 1 1 1 1 0.03 0.97 0.02 0.98 0.02 0.98 1 0.01 0.16 0.83 0.01 0.13 0.86 0.02 0.36 0.62 0.05 0.61 0.34 0.14 0.71 0.15 0.13 0.72 0.15 0.01 0.07 0.92 0.02 0.32 0.66 0.06 0.58 0.36 0.13 0.72 0.15 0.3 0.65 0.05 0.01 0.02 0.97 0.03 0.28 0.69 0.07 0.55 0.38 0.03 0.25 0.72 1 0.14 0.71 0.15 0.3 0.65 0.05 0.13 0.72 0.15 0.3 0.65 0.05 0.07 0.56 0.37 0.15 0.7 0.15 0.3 0.65 0.05 0.1 0.54 0.36 0.11 0.49 0.39 0.01 0.3 0.65 0.05 0.13 0.72 0.15 0.03 0.24 0.73 1 0.07 0.57 0.36 0.16 0.69 0.15 0.3 0.65 0.05 0.07 0.59 0.34 0.08 0.61 0.31 0.11 0.49 0.39 0.01 0.3 0.65 0.05 0.13 0.72 0.15 0.03 0.23 0.74 0.07 0.57 0.36 0.3 0.65 0.05 0.6 0.02 0.36 0.02 0.16 0.69 0.15 0.16 0.68 0.16 0.3 0.65 0.05 0.56 0.01 0.41 0.02 0.08 0.34 0.46 0.12 0.06 0.33 0.42 0.19 0.06 0.33 0.41 0.2 0.11 0.48 0.39 0.02 0.06 0.33 0.4 0.21 0.3 0.65 0.05 0.3 0.65 0.05 0.03 0.21 0.76 0.07 0.57 0.36 0.16 0.68 0.16 0.3 0.65 0.05 0.53 0.02 0.43 0.02 1 0.25 0.5 0.22 0.03 0.22 0.5 0.19 0.09 0.2 0.51 0.2 0.09 0.06 0.33 0.4 0.21 0.2 0.51 0.2 0.09 0.11 0.48 0.39 0.02 0.11 0.48 0.39 0.02 0.11 0.49 0.39 0.01 0.06 0.33 0.4 0.21 0.06 0.33 0.4 0.21 0.06 0.33 0.4 0.21 0.2 0.51 0.2 0.09 0.3 0.65 0.05 0.16 0.68 0.16 0.54 0.01 0.43 0.02 0.28 0.01 0.5 0.21 0.57 0.38 0.05 0.49 0.43 0.04 0.04 0.44 0.46 0.06 0.04 0.42 0.48 0.06 0.04 0.2 0.51 0.2 0.09 0.2 0.51 0.2 0.09 0.2 0.51 0.2 0.09 0.2 0.51 0.2 0.09 0.41 0.49 0.06 0.04 0.3 0.65 0.05 0.16 0.69 0.15 0.54 0.01 0.43 0.02 0.58 0.02 0.37 0.03 0.73 0.02 0.25 0.7 0.28 0.02 0.66 0.29 0.04 0.01 0.87 0.13 0.63 0.32 0.04 0.01 0.84 0.15 0.01 0.49 0.43 0.04 0.04 0.44 0.46 0.06 0.04 0.42 0.48 0.06 0.04 0.41 0.49 0.06 0.04 0.41 0.49 0.06 0.04 0.61 0.33 0.05 0.01 0.81 0.18 0.01 0.3 0.65 0.05 0.16 0.69 0.15 0.54 0.02 0.43 0.01 0.72 0.05 0.23 0.88 0.01 0.11 0.94 0.01 0.05 0.73 0.02 0.25 0.7 0.28 0.02 0.66 0.29 0.04 0.01 0.87 0.13 0.63 0.32 0.04 0.01 0.84 0.15 0.01 0.61 0.33 0.05 0.01 0.81 0.18 0.01 0.61 0.33 0.05 0.01 0.8 0.19 0.01 0.8 0.19 0.01 0.8 0.19 0.01 0.93 0.01 0.06 0.93 0.01 0.06 0.94 0.01 0.05 0.93 0.01 0.06 0.93 0.01 0.06 0.93 0.06 0.01 0.93 0.06 0.01 0.93 0.06 0.01 0.94 0.05 0.01 0.93 0.01 0.06 0.93 0.06 0.01 0.85 0.15 0.85 0.15 0.85 0.15 0.94 0.01 0.05 0.94 0.01 0.05 0.93 0.06 0.01 0.94 0.05 0.01 0.85 0.15 0.85 0.15 0.73 0.27 0.73 0.27 0.73 0.27 0.86 0.14 0.73 0.27 0.73 0.27 0.95 0.04 0.01 0.88 0.12 0.73 0.27 0.73 0.27 0.86 0.14 0.73 0.27 0.73 0.27 0.88 0.01 0.11 0.95 0.01 0.04 0.96 0.01 0.02 0.01 0.95 0.04 0.01 0.88 0.12 0.72 0.05 0.23 0.84 0.06 0.1 0.65 0.15 0.2 0.91 0.06 0.03 0.75 0.17 0.08 0.86 0.14 0.73 0.27 0.73 0.27 0.95 0.01 0.04 0.93 0.06 0.01 0.81 0.16 0.03 0.6 0.35 0.05 0.5 0.35 0.15 0.4 0.42 0.15 0.03 0.66 0.32 0.02 0.84 0.15 0.01 0.69 0.31 0.94 0.05 0.01 0.86 0.14 0.72 0.28 0.94 0.01 0.05 0.95 0.04 0.01 0.9 0.1 0.78 0.22 0.86 0.14 0.94 0.06 0.97 0.01 0.02 0.95 0.05 0.73 0.27 0.86 0.14 0.73 0.27 0.94 0.06 0.85 0.15 0.98 0.02 0.94 0.06 0.9 0.1 0.73 0.27 0.98 0.02 0.98 0.02 0.86 0.14 0.73 0.27 0.94 0.06 0.98 0.02 0.87 0.13 0.71 0.29 0.97 0.03 1 0.98 0.02 0.86 0.14 0.73 0.27 0.94 0.06 0.97 0.01 0.02 0.95 0.05 0.86 0.14 0.95 0.05 1 0.97 0.03 0.9 0.1 0.86 0.14 0.73 0.27 0.94 0.01 0.05 0.95 0.01 0.04 0.95 0.04 0.01 0.94 0.05 0.01 0.9 0.1 0.86 0.14 0.78 0.22 0.73 0.27 0.87 0.13 0.71 0.29 0.95 0.05 0.86 0.14 1 0.95 0.05 0.95 0.05 1 0.94 0.06 0.94 0.06 1 0.85 0.15 0.94 0.05 0.01 0.99 0.01 0.94 0.05 0.01 0.85 0.15 0.83 0.16 0.01 0.7 0.3 0.68 0.32 0.83 0.16 0.01 0.7 0.3 0.68 0.32 0.72 0.28 0.69 0.31 0.84 0.15 0.01 0.66 0.32 0.02 0.93 0.06 0.01 0.81 0.16 0.03 0.6 0.35 0.05 0.96 0.01 0.02 0.01 0.91 0.06 0.03 0.95 0.01 0.04 0.84 0.06 0.1 0.75 0.17 0.08 0.65 0.15 0.2 0.5 0.35 0.15 0.52 0.08 0.35 0.05 0.43 0.17 0.38 0.02 0.4 0.42 0.15 0.03 0.3 0.02 0.56 0.12 0.29 0.06 0.54 0.11 0.37 0.22 0.32 0.09 0.11 0.42 0.47 0.13 0.44 0.43 0.03 0.24 0.61 0.12 0.13 0.46 0.41 0.04 0.28 0.64 0.04 0.1 0.69 0.04 0.17 0.27 0.08 0.5 0.15 0.13 0.47 0.4 0.03 0.31 0.59 0.07 0.02 0.33 0.57 0.08 0.13 0.73 0.09 0.05 0.02 0.7 0.07 0.21 0.35 0.24 0.31 0.1 0.35 0.44 0.15 0.06 0.26 0.08 0.47 0.19 0.13 0.47 0.4 0.02 0.33 0.56 0.09 0.11 0.67 0.22 0.11 0.66 0.23 0.12 0.7 0.17 0.01 0.76 0.17 0.07 0.7 0.07 0.23 0.35 0.23 0.32 0.1 0.36 0.43 0.16 0.05 0.27 0.08 0.46 0.19 0.13 0.5 0.37 0.02 0.33 0.56 0.09 0.11 0.66 0.23 0.02 0.34 0.56 0.08 0.13 0.52 0.35 0.27 0.07 0.46 0.2 0.13 0.52 0.35 0.37 0.22 0.31 0.1 0.26 0.06 0.49 0.19 0.39 0.41 0.15 0.05 0.38 0.17 0.34 0.11 0.46 0.35 0.14 0.05 0.02 0.54 0.44 0.02 0.54 0.44 0.01 0.56 0.43 0.01 0.61 0.37 0.01 0.73 0.2 0.07 0.59 0.4 0.01 0.68 0.07 0.25 0.71 0.21 0.08 0.59 0.39 0.02 0.68 0.07 0.25 0.7 0.2 0.1 0.68 0.07 0.25 0.59 0.39 0.02 0.68 0.22 0.1 0.6 0.38 0.02 0.7 0.05 0.25 0.71 0.19 0.1 0.56 0.42 0.02 0.55 0.01 0.43 0.01 0.72 0.03 0.25 0.8 0.1 0.1 0.73 0.01 0.26 0.3 0.65 0.05 0.55 0.44 0.01 0.3 0.65 0.05 0.55 0.44 0.01 0.16 0.69 0.15 0.3 0.65 0.05 0.55 0.44 0.01 0.74 0.26 0.74 0.26 0.87 0.01 0.11 0.01 0.87 0.02 0.11 0.84 0.05 0.11 0.94 0.03 0.03 0.88 0.09 0.03 0.76 0.22 0.02 0.66 0.34 0.95 0.01 0.03 0.01 0.97 0.01 0.01 0.01 0.94 0.05 0.01 0.85 0.14 0.01 0.93 0.07 0.96 0.02 0.02 0.96 0.02 0.02 0.93 0.07 0.83 0.17 0.81 0.19 0.66 0.34 0.64 0.36 0.16 0.69 0.15 0.11 0.68 0.21 0.01 0.57 0.42 0.12 0.72 0.16 0.01 0.64 0.35 0.02 0.34 0.56 0.08 0.03 0.33 0.58 0.06 0.02 0.11 0.77 0.1 0.05 0.31 0.6 0.04 0.13 0.52 0.35 0.14 0.5 0.36 0.13 0.5 0.37 0.13 0.52 0.35 0.27 0.08 0.46 0.19 0.27 0.07 0.46 0.2 0.26 0.06 0.49 0.19 0.06 0.3 0.63 0.01 0.14 0.51 0.35 0.29 0.02 0.5 0.19 0.35 0.24 0.31 0.1 0.35 0.44 0.15 0.06 0.35 0.23 0.32 0.1 0.36 0.43 0.16 0.05 0.37 0.22 0.31 0.1 0.39 0.41 0.15 0.05 0.38 0.17 0.34 0.11 0.46 0.35 0.14 0.05 0.45 0.08 0.37 0.1 0.3 0.01 0.51 0.18 0.14 0.5 0.36 0.05 0.31 0.64 0.02 0.12 0.83 0.03 0.02 0.12 0.86 0.31 0.52 0.17 0.5 0.02 0.39 0.09 0.52 0.41 0.07 0.6 0.15 0.18 0.07 0.68 0.05 0.22 0.05 0.73 0.23 0.04 0.59 0.35 0.05 0.01 0.73 0.17 0.08 0.02 0.66 0.33 0.01 0.81 0.05 0.1 0.04 0.83 0.16 0.01 0.68 0.32 0.83 0.16 0.01 0.91 0.06 0.03 0.94 0.05 0.01 0.87 0.11 0.02 0.96 0.04 0.99 0.01 0.84 0.16 0.64 0.36 0.01 0.01 0.92 0.06 0.82 0.18 0.64 0.36 0.03 0.93 0.02 0.02 0.93 0.07 0.96 0.02 0.02 0.81 0.19 0.93 0.07 0.96 0.02 0.02 0.64 0.36 0.81 0.19 0.93 0.07 0.96 0.02 0.02 0.11 0.68 0.21 0.01 0.57 0.42 0.03 0.33 0.58 0.06 0.12 0.72 0.16 0.01 0.64 0.35 0.14 0.5 0.36 0.05 0.31 0.6 0.04 0.02 0.11 0.77 0.1 0.29 0.02 0.5 0.19 0.14 0.51 0.35 0.06 0.3 0.63 0.01 0.45 0.08 0.37 0.1 0.3 0.01 0.51 0.18 0.14 0.5 0.36 0.05 0.31 0.64 0.02 0.12 0.83 0.03 0.02 0.12 0.86 0.84 0.16 0.01 0.01 0.92 0.06 0.03 0.93 0.02 0.02 0.64 0.36 0.82 0.18 0.64 0.36 0.93 0.07 0.81 0.19 0.64 0.36 0.81 0.19 0.93 0.07 0.93 0.07 0.96 0.02 0.02 0.96 0.02 0.02 0.96 0.02 0.02 0.31 0.52 0.17 0.5 0.02 0.39 0.09 0.52 0.41 0.07 0.6 0.15 0.18 0.07 0.68 0.05 0.22 0.05 0.73 0.23 0.04 0.59 0.35 0.05 0.01 0.73 0.17 0.08 0.02 0.66 0.33 0.01 0.81 0.05 0.1 0.04 0.83 0.16 0.01 0.68 0.32 0.83 0.16 0.01 0.91 0.06 0.03 0.94 0.05 0.01 0.87 0.11 0.02 0.96 0.04 0.99 0.01 1 1 1 1 1 1 1 1 1 1 1 1 1 1 1 1 1 1 1 1 1 1 1 1 1 1 1 1 1 1 1 1 1 1 1 1 1 1 1 1 1 1 1 1 1 1 1 1 1 1 1 1 1 1 1 1 1 1 1 1 1 1 1 1 1 1 1 1 1 1 1 1 1 1 1 1 1 1 1 1 1 1 1 1 1 1 1 1 1 1 1 1 1 1 1 1 1 1 1 1 1 1 1 1 1 1 1 1 1 1 1 1 1 1 1 1 1 1 1 1 1 1 1 1 1 1 1 1 1 1 1 1 1 1 1 1 1 1 0.1 0.9 0.12 0.88 0.01 0.25 0.74 0.01 0.27 0.72 0.13 0.87 0.02 0.47 0.51 0.01 0.28 0.71 0.13 0.87 0.02 0.49 0.49 0.08 0.67 0.25 0.01 0.28 0.71 0.13 0.87 0.02 0.49 0.49 0.08 0.67 0.25 0.18 0.73 0.09 0.01 0.28 0.71 0.02 0.49 0.49 0.07 0.69 0.24 0.18 0.74 0.08 0.35 0.63 0.02 0.02 0.49 0.49 0.06 0.7 0.24 0.18 0.74 0.08 0.34 0.64 0.02 0.64 0.36 0.64 0.36 0.35 0.63 0.02 0.01 0.64 0.35 0.17 0.75 0.08 0.34 0.64 0.02 0.01 0.57 0.42 0.06 0.7 0.24 0.18 0.74 0.08 0.35 0.62 0.03 0.02 0.54 0.44 0.02 0.54 0.44 0.02 0.49 0.49 0.08 0.68 0.24 0.19 0.73 0.08 0.35 0.63 0.02 0.01 0.56 0.43 0.33 0.65 0.02 0.01 0.61 0.01 0.37 0.19 0.73 0.08 0.33 0.65 0.02 0.59 0.01 0.4 0.08 0.68 0.24 0.17 0.75 0.08 0.32 0.66 0.02 0.59 0.02 0.39 0.01 0.27 0.72 0.12 0.88 0.02 0.48 0.5 0.01 0.25 0.74 0.1 0.9 0.07 0.68 0.24 0.01 0.03 0.45 0.45 0.07 0.01 0.22 0.68 0.09 0.05 0.86 0.09 0.17 0.74 0.08 0.01 0.07 0.68 0.24 0.01 0.02 0.45 0.44 0.09 0.01 0.21 0.53 0.25 0.33 0.65 0.02 0.17 0.74 0.08 0.01 0.07 0.67 0.24 0.02 0.02 0.44 0.44 0.1 0.59 0.02 0.39 0.36 0.62 0.02 0.6 0.02 0.38 0.18 0.74 0.08 0.34 0.64 0.02 0.56 0.02 0.42 0.08 0.66 0.24 0.02 0.18 0.73 0.08 0.01 0.34 0.64 0.02 0.66 0.34 0.07 0.4 0.53 1 1 0.01 0.2 0.52 0.27 0.08 0.37 0.55 1 0.02 0.44 0.44 0.1 0.01 0.2 0.51 0.28 0.08 0.36 0.56 1 0.08 0.66 0.24 0.02 0.02 0.44 0.44 0.1 0.01 0.2 0.51 0.28 0.08 0.36 0.56 1 0.19 0.72 0.08 0.01 0.09 0.65 0.24 0.02 0.02 0.44 0.44 0.1 0.01 0.2 0.51 0.28 0.08 0.36 0.56 1 0.38 0.6 0.02 0.2 0.71 0.08 0.01 0.38 0.6 0.02 0.66 0.34 0.64 0.36 0.09 0.65 0.24 0.02 0.19 0.72 0.08 0.01 0.38 0.6 0.02 0.64 0.36 0.35 0.63 0.02 0.19 0.73 0.08 0.18 0.73 0.09 0.09 0.65 0.24 0.02 0.09 0.66 0.24 0.01 0.08 0.67 0.25 0.02 0.44 0.44 0.1 0.02 0.44 0.45 0.09 0.01 0.2 0.52 0.27 0.08 0.37 0.55 0.01 0.21 0.54 0.24 0.02 0.45 0.46 0.07 0.02 0.47 0.51 0.01 0.25 0.74 0.01 0.22 0.69 0.08 0.1 0.9 0.05 0.86 0.09 0.07 0.4 0.53 1 1 1 0.1 0.9 0.01 0.25 0.74 0.12 0.88 0.01 0.27 0.72 0.02 0.47 0.51 0.13 0.87 0.02 0.49 0.49 0.08 0.67 0.25 0.01 0.28 0.71 0.13 0.87 0.08 0.67 0.25 0.18 0.73 0.09 0.02 0.49 0.49 0.01 0.28 0.71 0.13 0.87 0.18 0.74 0.08 0.35 0.63 0.02 0.07 0.69 0.24 0.02 0.49 0.49 0.01 0.28 0.71 0.34 0.64 0.02 0.64 0.36 0.64 0.36 0.18 0.74 0.08 0.35 0.63 0.02 0.01 0.64 0.35 0.06 0.7 0.24 0.17 0.75 0.08 0.34 0.64 0.02 0.01 0.57 0.42 0.02 0.49 0.49 0.06 0.7 0.24 0.02 0.49 0.49 0.01 0.27 0.72 0.12 0.88 0.18 0.74 0.08 0.08 0.68 0.24 0.35 0.62 0.03 0.19 0.73 0.08 0.02 0.54 0.44 0.02 0.54 0.44 0.35 0.63 0.02 0.01 0.56 0.43 0.33 0.65 0.02 0.01 0.61 0.37 0.01 0.19 0.73 0.08 0.33 0.65 0.02 0.59 0.4 0.01 0.08 0.68 0.24 0.17 0.75 0.08 0.32 0.66 0.02 0.59 0.39 0.02 0.02 0.48 0.5 0.07 0.68 0.24 0.01 0.17 0.74 0.08 0.01 0.33 0.65 0.02 0.59 0.39 0.02 0.01 0.25 0.74 0.03 0.45 0.45 0.07 0.07 0.68 0.24 0.01 0.17 0.74 0.08 0.01 0.36 0.62 0.02 0.6 0.38 0.02 0.1 0.9 0.01 0.22 0.68 0.09 0.05 0.86 0.09 0.02 0.45 0.44 0.09 0.01 0.21 0.53 0.25 0.07 0.67 0.24 0.02 0.02 0.44 0.44 0.1 0.18 0.74 0.08 0.08 0.66 0.24 0.02 0.34 0.64 0.02 0.18 0.73 0.08 0.01 0.56 0.42 0.02 0.34 0.64 0.02 0.66 0.34 0.07 0.4 0.53 1 1 0.01 0.2 0.52 0.27 0.08 0.37 0.55 1 0.02 0.44 0.44 0.1 0.01 0.2 0.51 0.28 0.08 0.36 0.56 1 0.08 0.66 0.24 0.02 0.02 0.44 0.44 0.1 0.01 0.2 0.51 0.28 0.08 0.36 0.56 1 0.19 0.72 0.08 0.01 0.09 0.65 0.24 0.02 0.02 0.44 0.44 0.1 0.01 0.2 0.51 0.28 0.08 0.36 0.56 1 0.38 0.6 0.02 0.2 0.71 0.08 0.01 0.38 0.6 0.02 0.66 0.34 0.64 0.36 0.09 0.65 0.24 0.02 0.19 0.72 0.08 0.01 0.38 0.6 0.02 0.64 0.36 0.35 0.63 0.02 0.19 0.73 0.08 0.18 0.73 0.09 0.09 0.65 0.24 0.02 0.09 0.66 0.24 0.01 0.08 0.67 0.25 0.02 0.44 0.44 0.1 0.02 0.44 0.45 0.09 0.01 0.2 0.52 0.27 0.08 0.37 0.55 0.01 0.21 0.54 0.24 0.02 0.45 0.46 0.07 0.02 0.47 0.51 0.01 0.25 0.74 0.01 0.22 0.69 0.08 0.1 0.9 0.05 0.86 0.09 0.07 0.4 0.53 1 1 1 1 1 1 1 1 1 1 1 1 1 1 1 1 1 1 1 1 1 1 1 1 1 1 1 1 1 1 1 1 1 1 1 1 1 1 1 1 1 1 1 1 1 1 1 1 1 1 1 1 1 1 1 1 1 1 1 1 1 1 1 1 1 1 1 1 1 1 1 1 1 1 1 1 1 1 1 1 1 1 1 1 1 1 1 1 1 1 1 1 1 1 1 1 1 1 1 1 1 1 1 1 1 1 1 1 1 1 1 1 1 1 1 1 1 1 1 1 1 1 1 1 1 1 1 1 1 1 1 1 1 1 1 1 1 1 1 1 1 1 1 1 1 1 1 1 1 1 1 1 1 1 1 1 1 1 1 1 1 1 1 1 1 1 1 1 1 1 1 1 1 1 1 1 1 1 1 1 1 1 1 1 1 1 1 1 1 1 1 1 1 1 1 1 1 1 1 1 1 1 1 1 1 1 1 1 1 1 1 1 1 1 1 1 1 1 1 0.68 0.32 0.66 0.33 0.01 0.42 0.56 0.02 0.41 0.58 0.01 0.59 0.35 0.05 0.01 0.22 0.7 0.08 0.38 0.6 0.02 0.21 0.71 0.08 0.09 0.67 0.23 0.01 0.33 0.62 0.05 0.46 0.35 0.14 0.05 0.39 0.41 0.15 0.05 0.19 0.72 0.09 0.08 0.67 0.23 0.02 0.02 0.47 0.49 0.02 0.18 0.73 0.08 0.01 0.08 0.68 0.23 0.01 0.02 0.47 0.44 0.07 0.01 0.23 0.73 0.03 0.32 0.64 0.04 0.16 0.75 0.08 0.01 0.07 0.68 0.23 0.02 0.06 0.69 0.23 0.02 0.02 0.47 0.43 0.08 0.01 0.22 0.54 0.23 0.29 0.66 0.05 0.36 0.43 0.16 0.05 0.17 0.76 0.07 0.06 0.69 0.23 0.02 0.02 0.47 0.42 0.09 0.01 0.47 0.42 0.1 0.02 0.47 0.43 0.08 0.01 0.22 0.49 0.28 0.05 0.31 0.64 0.04 0.87 0.09 1 1 0.05 0.28 0.67 1 0.01 0.22 0.46 0.31 0.05 0.27 0.68 1 1 0.05 0.27 0.68 1 0.01 0.22 0.43 0.34 0.05 0.27 0.68 0.01 0.22 0.46 0.31 1 0.05 0.28 0.67 1 0.01 0.22 0.49 0.28 0.01 0.47 0.42 0.1 0.06 0.69 0.23 0.02 0.02 0.48 0.43 0.07 0.01 0.22 0.53 0.24 0.05 0.31 0.64 1 0.04 0.87 0.09 0.01 0.23 0.73 0.03 0.02 0.48 0.48 0.02 0.15 0.76 0.07 0.02 0.06 0.69 0.23 0.02 0.07 0.69 0.23 0.01 0.16 0.75 0.08 0.01 0.27 0.66 0.07 0.35 0.44 0.15 0.06 0.29 0.64 0.07 0.4 0.42 0.15 0.03 0.18 0.73 0.08 0.01 0.34 0.61 0.05 0.5 0.35 0.15 0.6 0.35 0.05 0.37 0.59 0.02 0.02 0.66 0.32 0.02 0.19 0.72 0.09 0.08 0.68 0.24 0.21 0.71 0.08 0.4 0.57 0.02 0.01 0.69 0.31 0.43 0.55 0.02 0.72 0.28 0.02 0.49 0.49 0.09 0.68 0.23 0.22 0.69 0.09 0.45 0.53 0.02 0.78 0.22 0.01 0.26 0.73 0.1 0.9 0.02 0.5 0.48 0.01 0.28 0.71 0.12 0.88 0.09 0.67 0.24 0.03 0.5 0.47 0.01 0.28 0.71 0.01 0.13 0.86 0.01 0.13 0.86 0.01 0.28 0.71 0.01 0.13 0.86 0.23 0.69 0.08 0.1 0.67 0.23 0.03 0.5 0.47 0.46 0.52 0.02 0.24 0.68 0.08 0.1 0.67 0.23 0.03 0.5 0.47 0.01 0.28 0.71 0.73 0.27 0.45 0.53 0.02 0.71 0.29 0.24 0.68 0.08 0.44 0.54 0.02 0.7 0.3 0.1 0.67 0.23 0.23 0.69 0.08 0.43 0.55 0.02 0.68 0.32 0.42 0.56 0.02 0.22 0.69 0.09 0.22 0.7 0.08 0.09 0.67 0.24 0.09 0.67 0.24 0.09 0.67 0.23 0.01 0.03 0.5 0.47 0.03 0.49 0.48 0.01 0.28 0.71 0.01 0.13 0.86 0.01 0.27 0.72 0.01 0.12 0.87 0.02 0.49 0.49 0.01 0.26 0.73 0.02 0.47 0.49 0.02 0.01 0.23 0.73 0.03 0.1 0.9 0.04 0.87 0.09 0.73 0.27 0.73 0.27 0.49 0.51 0.49 0.51 0.73 0.27 0.31 0.69 0.49 0.51 0.73 0.27 0.31 0.69 0.32 0.68 0.49 0.51 0.73 0.27 0.2 0.8 0.19 0.81 0.22 0.78 0.31 0.69 0.2 0.8 0.31 0.69 0.49 0.51 0.15 0.85 0.19 0.81 0.13 0.87 0.13 0.87 0.12 0.88 0.13 0.87 0.15 0.85 0.19 0.81 0.2 0.8 0.2 0.8 0.31 0.69 0.31 0.69 0.22 0.78 0.31 0.69 0.32 0.68 0.49 0.51 0.49 0.51 0.49 0.51 0.49 0.51 0.73 0.27 0.73 0.27 0.73 0.27 0.73 0.27 0.73 0.27 0.49 0.51 0.73 0.27 0.49 0.51 0.31 0.69 0.73 0.27 0.49 0.51 0.73 0.27 0.31 0.69 0.32 0.68 0.49 0.51 0.73 0.27 0.2 0.8 0.19 0.81 0.22 0.78 0.31 0.69 0.2 0.8 0.31 0.69 0.49 0.51 0.15 0.85 0.19 0.81 0.13 0.87 0.13 0.87 0.12 0.88 0.13 0.87 0.15 0.85 0.19 0.81 0.2 0.8 0.2 0.8 0.31 0.69 0.31 0.69 0.22 0.78 0.31 0.69 0.32 0.68 0.49 0.51 0.49 0.51 0.49 0.51 0.49 0.51 0.73 0.27 0.73 0.27 0.73 0.27 0.73 0.27 0.04 0.87 0.09 0.01 0.23 0.73 0.03 0.1 0.9 0.01 0.26 0.73 0.02 0.47 0.49 0.02 0.01 0.12 0.87 0.02 0.49 0.49 0.09 0.67 0.23 0.01 0.01 0.27 0.72 0.01 0.13 0.86 0.09 0.67 0.24 0.22 0.7 0.08 0.03 0.49 0.48 0.01 0.28 0.71 0.01 0.13 0.86 0.22 0.69 0.09 0.42 0.56 0.02 0.09 0.67 0.24 0.03 0.5 0.47 0.01 0.28 0.71 0.43 0.55 0.02 0.68 0.32 0.7 0.3 0.23 0.69 0.08 0.44 0.54 0.02 0.71 0.29 0.1 0.67 0.23 0.24 0.68 0.08 0.45 0.53 0.02 0.73 0.27 0.03 0.5 0.47 0.1 0.67 0.23 0.24 0.68 0.08 0.46 0.52 0.02 0.78 0.22 0.01 0.28 0.71 0.03 0.5 0.47 0.1 0.67 0.23 0.03 0.5 0.47 0.23 0.69 0.08 0.09 0.67 0.24 0.45 0.53 0.02 0.22 0.69 0.09 0.72 0.28 0.43 0.55 0.02 0.69 0.31 0.01 0.13 0.86 0.01 0.28 0.71 0.01 0.13 0.86 0.12 0.88 0.01 0.28 0.71 0.1 0.9 0.02 0.5 0.48 0.01 0.26 0.73 0.04 0.87 0.09 0.09 0.68 0.23 0.02 0.49 0.49 0.01 0.23 0.73 0.03 0.21 0.71 0.08 0.08 0.68 0.24 0.02 0.48 0.48 0.02 0.4 0.57 0.02 0.01 0.66 0.32 0.02 0.37 0.59 0.02 0.02 0.6 0.35 0.05 0.19 0.72 0.09 0.07 0.69 0.23 0.01 0.18 0.73 0.08 0.01 0.34 0.61 0.05 0.5 0.35 0.15 0.4 0.42 0.15 0.03 0.29 0.64 0.07 0.35 0.44 0.15 0.06 0.16 0.75 0.08 0.01 0.27 0.66 0.07 0.36 0.43 0.16 0.05 0.05 0.31 0.64 1 1 0.01 0.22 0.53 0.24 0.05 0.28 0.67 1 0.02 0.48 0.43 0.07 0.01 0.22 0.49 0.28 0.06 0.69 0.23 0.02 0.15 0.76 0.07 0.02 0.06 0.69 0.23 0.02 0.01 0.47 0.42 0.1 0.29 0.66 0.05 0.17 0.76 0.07 0.06 0.69 0.23 0.02 0.01 0.47 0.42 0.1 0.01 0.22 0.46 0.31 0.05 0.27 0.68 1 0.39 0.41 0.15 0.05 0.32 0.64 0.04 0.16 0.75 0.08 0.01 0.33 0.62 0.05 0.46 0.35 0.14 0.05 0.59 0.35 0.05 0.01 0.06 0.69 0.23 0.02 0.18 0.73 0.08 0.01 0.02 0.47 0.42 0.09 0.07 0.68 0.23 0.02 0.01 0.22 0.43 0.34 0.02 0.47 0.43 0.08 0.05 0.27 0.68 0.01 0.22 0.46 0.31 1 0.05 0.27 0.68 1 1 0.05 0.28 0.67 1 0.01 0.22 0.49 0.28 0.05 0.31 0.64 1 0.04 0.87 0.09 0.01 0.23 0.73 0.03 0.01 0.22 0.54 0.23 0.02 0.47 0.43 0.08 0.02 0.47 0.44 0.07 0.08 0.68 0.23 0.01 0.19 0.72 0.09 0.08 0.67 0.23 0.02 0.02 0.47 0.49 0.02 0.09 0.67 0.23 0.01 0.21 0.71 0.08 0.22 0.7 0.08 0.38 0.6 0.02 0.41 0.58 0.01 0.66 0.33 0.01 0.42 0.56 0.02 0.68 0.32 0.13 0.87 0.06 0.94 0.12 0.88 0.13 0.87 0.05 0.95 0.1 0.9 0.05 0.95 0.03 0.97 0.06 0.94 0.13 0.87 0.12 0.88 0.05 0.95 0.02 0.98 0.03 0.97 0.1 0.9 0.03 0.97 0.02 0.85 0.13 0.01 0.85 0.14 0.02 0.85 0.13 0.05 0.86 0.09 1 1 1 1 1 0.05 0.86 0.09 0.13 0.87 0.12 0.88 0.06 0.94 0.13 0.87 0.05 0.95 0.1 0.9 0.05 0.95 0.03 0.97 0.06 0.94 0.13 0.87 0.12 0.88 0.05 0.95 0.02 0.98 0.03 0.97 0.1 0.9 0.03 0.97 0.02 0.85 0.13 0.01 0.85 0.14 0.02 0.85 0.13 0.05 0.86 0.09 1 1 1 1 1 0.05 0.86 0.09 0.04 0.87 0.09 0.01 0.87 0.12 1 1 1 0.1 0.9 0.01 0.87 0.12 1 0.04 0.96 0.12 0.88 0.01 0.87 0.12 1 0.04 0.87 0.09 0.02 0.98 0.03 0.97 0.1 0.9 0.04 0.96 0.02 0.98 0.06 0.94 0.01 0.13 0.86 0.05 0.95 0.01 0.13 0.86 0.02 0.98 0.05 0.95 0.01 0.13 0.86 0.01 0.13 0.86 0.06 0.94 0.01 0.12 0.87 0.04 0.96 0.01 0.13 0.86 0.05 0.95 0.01 0.13 0.86 0.01 0.13 0.86 0.06 0.94 0.01 0.12 0.87 0.05 0.95 0.01 0.13 0.86 0.02 0.98 0.04 0.96 0.1 0.9 0.03 0.97 0.04 0.87 0.09 0.06 0.94 0.12 0.88 0.02 0.98 0.04 0.96 0.04 0.96 0.02 0.98 0.01 0.87 0.12 0.01 0.87 0.12 1 1 1 0.01 0.87 0.12 1 1 0.04 0.87 0.09 0.1 0.9 1 1 1 1 1 1 1 1 1 1 1 1 1 1 1 1 1 1 1 1 1 1 1 1 1 1 1 1 1 1 1 1 1 1 1 1 1 1 1 1 1 1 1 1 1 1 1 1 1 1 1 1 1 1 1 1 1 1 1 1 1 1 1 1 1 1 1 1 1 1 1 1 1 1 1 1 1 1 1 1 1 1 1 1 1 1 1 1 1 1 1 1 1 1 1 1 1 1 1 1 1 1 1 1 1 1 1 1 1 1 1 1 1 1 1 1 1 1 1 1 1 1 1 1 1 1 1 1 1 1 1 1 1 1 1 1 1 1 1 1 1 1 1 1 1 1 1 1 1 1 1 1 1 1 1 1 1 1 1 1 1 1 1 1 1 1 1 1 1 1 1 1 1 1 1 1 1 1 1 1 1 1 1 1 1 1 1 1 1 1 1 1 1 1 1 1 1 1 1 1 1 1 1 1 1 1 1 1 1 1 1 1 1 1 1 1 1 1 1 1 1 1 1 1 1 1 1 1 1 1 1 1 1 1 1 1 1 1 1 1 1 1 1 1 1 1 1 1 1 1 1 1 1 1 1 1 1 1 1 1 1 1 1 1 0.12 0.84 0.04 0.03 0.22 0.75 0.12 0.84 0.04 0.03 0.22 0.75 0.07 0.84 0.09 0.07 0.84 0.09 0.07 0.84 0.09 0.07 0.84 0.09 0.03 0.22 0.75 0.15 0.73 0.12 0.15 0.73 0.12 0.03 0.79 0.18 0.03 0.79 0.18 0.15 0.73 0.12 0.34 0.62 0.04 0.03 0.79 0.18 0.72 0.28 0.03 0.79 0.18 0.07 0.84 0.09 0.34 0.62 0.04 0.34 0.62 0.04 0.72 0.28 0.56 0.44 0.72 0.28 0.03 0.79 0.18 0.65 0.34 0.01 0.7 0.29 0.01 0.6 0.39 0.01 0.56 0.44 0.44 0.55 0.01 0.72 0.28 0.56 0.44 0.72 0.28 1 1 1 0.44 0.55 0.01 0.33 0.62 0.05 0.56 0.44 0.44 0.55 0.01 0.44 0.55 0.01 0.56 0.44 0.33 0.62 0.05 0.19 0.69 0.12 0.33 0.62 0.05 0.44 0.55 0.01 0.33 0.62 0.05 0.19 0.69 0.12 0.09 0.68 0.23 0.33 0.62 0.05 0.09 0.68 0.23 0.03 0.63 0.34 0.03 0.63 0.34 0.19 0.69 0.12 0.19 0.69 0.12 0.19 0.69 0.12 0.5 0.5 0.5 0.5 0.09 0.68 0.23 0.09 0.68 0.23 0.09 0.68 0.23 0.33 0.63 0.04 0.33 0.63 0.04 0.03 0.63 0.34 0.03 0.63 0.34 0.03 0.63 0.34 0.19 0.7 0.11 0.19 0.7 0.11 0.5 0.5 0.33 0.63 0.04 0.5 0.5 0.5 0.5 0.1 0.66 0.24 0.1 0.66 0.24 0.19 0.7 0.11 0.33 0.63 0.04 0.33 0.63 0.04 0.03 0.5 0.47 0.03 0.5 0.47 0.1 0.66 0.24 0.19 0.7 0.11 0.19 0.7 0.11 0.01 0.39 0.6 0.01 0.39 0.6 0.03 0.5 0.47 0.1 0.66 0.24 0.1 0.66 0.24 0.3 0.7 0.3 0.7 0.01 0.39 0.6 0.03 0.5 0.47 0.03 0.5 0.47 0.2 0.8 0.2 0.8 0.3 0.7 0.01 0.39 0.6 0.01 0.39 0.6 0.13 0.87 0.13 0.87 0.2 0.8 0.3 0.7 0.3 0.7 0.08 0.92 0.08 0.92 0.13 0.87 0.2 0.8 0.2 0.8 0.05 0.95 0.05 0.95 0.08 0.92 0.13 0.87 0.13 0.87 0.05 0.95 0.03 0.97 0.08 0.92 0.08 0.92 0.01 0.99 0.01 0.99 0.05 0.95 0.01 0.99 1 0.05 0.95 0.01 0.99 1 0.12 0.84 0.04 0.03 0.22 0.75 0.03 0.22 0.75 0.12 0.84 0.04 0.07 0.84 0.09 0.07 0.84 0.09 0.07 0.84 0.09 0.07 0.84 0.09 0.15 0.73 0.12 0.03 0.22 0.75 0.15 0.73 0.12 0.03 0.79 0.18 0.03 0.79 0.18 0.15 0.73 0.12 0.34 0.62 0.04 0.03 0.79 0.18 0.72 0.28 0.72 0.28 0.03 0.79 0.18 0.07 0.84 0.09 0.34 0.62 0.04 0.34 0.62 0.04 0.56 0.44 0.56 0.44 0.72 0.28 0.03 0.79 0.18 0.55 0.44 0.01 0.6 0.39 0.01 0.5 0.49 0.01 0.44 0.55 0.01 0.44 0.55 0.01 0.72 0.28 0.56 0.44 0.72 0.28 0.56 0.44 1 1 1 0.33 0.62 0.05 0.33 0.62 0.05 0.56 0.44 0.44 0.55 0.01 0.44 0.55 0.01 0.19 0.69 0.12 0.19 0.69 0.12 0.44 0.55 0.01 0.33 0.62 0.05 0.33 0.62 0.05 0.09 0.68 0.23 0.09 0.68 0.23 0.33 0.62 0.05 0.19 0.69 0.12 0.19 0.69 0.12 0.03 0.63 0.34 0.03 0.63 0.34 0.19 0.69 0.12 0.09 0.68 0.23 0.09 0.68 0.23 0.5 0.5 0.5 0.5 0.09 0.68 0.23 0.03 0.63 0.34 0.03 0.63 0.34 0.33 0.63 0.04 0.03 0.63 0.34 0.5 0.5 0.5 0.5 0.5 0.5 0.33 0.63 0.04 0.19 0.7 0.11 0.33 0.63 0.04 0.33 0.63 0.04 0.19 0.7 0.11 0.1 0.66 0.24 0.33 0.63 0.04 0.19 0.7 0.11 0.19 0.7 0.11 0.1 0.66 0.24 0.03 0.5 0.47 0.19 0.7 0.11 0.1 0.66 0.24 0.1 0.66 0.24 0.03 0.5 0.47 0.01 0.39 0.6 0.1 0.66 0.24 0.03 0.5 0.47 0.03 0.5 0.47 0.01 0.39 0.6 0.3 0.7 0.03 0.5 0.47 0.01 0.39 0.6 0.01 0.39 0.6 0.3 0.7 0.2 0.8 0.01 0.39 0.6 0.3 0.7 0.3 0.7 0.2 0.8 0.13 0.87 0.3 0.7 0.2 0.8 0.2 0.8 0.13 0.87 0.08 0.92 0.2 0.8 0.13 0.87 0.13 0.87 0.08 0.92 0.05 0.95 0.13 0.87 0.08 0.92 0.05 0.95 0.01 0.99 0.01 0.99 0.08 0.92 0.08 0.92 0.05 0.95 0.05 0.95 0.01 0.99 0.05 0.95 1 0.03 0.97 1 1 0.12 0.84 0.04 0.12 0.84 0.04 0.03 0.22 0.75 0.07 0.84 0.09 0.03 0.22 0.75 0.07 0.84 0.09 0.07 0.84 0.09 0.07 0.84 0.09 0.03 0.22 0.75 0.03 0.79 0.18 0.15 0.73 0.12 0.03 0.79 0.18 0.15 0.73 0.12 0.15 0.73 0.12 0.03 0.79 0.18 0.07 0.84 0.09 0.03 0.79 0.18 0.72 0.28 0.34 0.62 0.04 0.34 0.62 0.04 0.34 0.62 0.04 0.72 0.28 0.72 0.28 0.56 0.44 0.03 0.79 0.18 0.65 0.34 0.01 0.7 0.29 0.01 0.6 0.39 0.01 0.72 0.28 0.56 0.44 0.56 0.44 0.44 0.55 0.01 0.44 0.55 0.01 0.72 0.28 1 1 1 0.56 0.44 0.44 0.55 0.01 0.44 0.55 0.01 0.56 0.44 0.33 0.62 0.05 0.33 0.62 0.05 0.44 0.55 0.01 0.33 0.62 0.05 0.33 0.62 0.05 0.19 0.69 0.12 0.19 0.69 0.12 0.33 0.62 0.05 0.19 0.69 0.12 0.19 0.69 0.12 0.09 0.68 0.23 0.09 0.68 0.23 0.19 0.69 0.12 0.09 0.68 0.23 0.09 0.68 0.23 0.03 0.63 0.34 0.03 0.63 0.34 0.09 0.68 0.23 0.03 0.63 0.34 0.03 0.63 0.34 0.03 0.63 0.34 0.5 0.5 0.5 0.5 0.5 0.5 0.5 0.5 0.5 0.5 0.33 0.63 0.04 0.33 0.63 0.04 0.33 0.63 0.04 0.33 0.63 0.04 0.19 0.7 0.11 0.33 0.63 0.04 0.19 0.7 0.11 0.19 0.7 0.11 0.19 0.7 0.11 0.1 0.66 0.24 0.19 0.7 0.11 0.1 0.66 0.24 0.1 0.66 0.24 0.1 0.66 0.24 0.03 0.5 0.47 0.1 0.66 0.24 0.03 0.5 0.47 0.03 0.5 0.47 0.03 0.5 0.47 0.01 0.39 0.6 0.03 0.5 0.47 0.01 0.39 0.6 0.01 0.39 0.6 0.01 0.39 0.6 0.3 0.7 0.01 0.39 0.6 0.3 0.7 0.3 0.7 0.3 0.7 0.2 0.8 0.3 0.7 0.2 0.8 0.2 0.8 0.2 0.8 0.13 0.87 0.2 0.8 0.13 0.87 0.13 0.87 0.13 0.87 0.08 0.92 0.13 0.87 0.08 0.92 0.08 0.92 0.08 0.92 0.05 0.95 0.05 0.95 0.08 0.92 0.05 0.95 0.05 0.95 0.01 0.99 0.01 0.99 0.05 0.95 1 1 0.01 0.99 0.03 0.97 0.01 0.99 0.12 0.84 0.04 0.03 0.22 0.75 0.03 0.22 0.75 0.07 0.84 0.09 0.12 0.84 0.04 0.07 0.84 0.09 0.07 0.84 0.09 0.07 0.84 0.09 0.15 0.73 0.12 0.15 0.73 0.12 0.03 0.79 0.18 0.03 0.22 0.75 0.03 0.79 0.18 0.34 0.62 0.04 0.34 0.62 0.04 0.03 0.79 0.18 0.07 0.84 0.09 0.15 0.73 0.12 0.03 0.79 0.18 0.72 0.28 0.55 0.44 0.01 0.6 0.39 0.01 0.72 0.28 0.72 0.28 0.34 0.62 0.04 0.72 0.28 0.56 0.44 0.03 0.79 0.18 1 1 0.56 0.44 0.56 0.44 0.5 0.49 0.01 0.56 0.44 0.44 0.55 0.01 0.72 0.28 1 0.44 0.55 0.01 0.56 0.44 0.44 0.55 0.01 0.44 0.55 0.01 0.33 0.62 0.05 0.44 0.55 0.01 0.33 0.62 0.05 0.19 0.69 0.12 0.33 0.62 0.05 0.33 0.62 0.05 0.19 0.69 0.12 0.09 0.68 0.23 0.33 0.62 0.05 0.09 0.68 0.23 0.03 0.63 0.34 0.19 0.69 0.12 0.19 0.69 0.12 0.19 0.69 0.12 0.03 0.63 0.34 0.5 0.5 0.5 0.5 0.09 0.68 0.23 0.09 0.68 0.23 0.09 0.68 0.23 0.33 0.63 0.04 0.33 0.63 0.04 0.03 0.63 0.34 0.03 0.63 0.34 0.03 0.63 0.34 0.5 0.5 0.19 0.7 0.11 0.19 0.7 0.11 0.5 0.5 0.5 0.5 0.33 0.63 0.04 0.1 0.66 0.24 0.1 0.66 0.24 0.33 0.63 0.04 0.19 0.7 0.11 0.33 0.63 0.04 0.03 0.5 0.47 0.03 0.5 0.47 0.1 0.66 0.24 0.19 0.7 0.11 0.19 0.7 0.11 0.01 0.39 0.6 0.01 0.39 0.6 0.03 0.5 0.47 0.1 0.66 0.24 0.1 0.66 0.24 0.3 0.7 0.3 0.7 0.01 0.39 0.6 0.03 0.5 0.47 0.03 0.5 0.47 0.2 0.8 0.2 0.8 0.3 0.7 0.01 0.39 0.6 0.01 0.39 0.6 0.13 0.87 0.13 0.87 0.2 0.8 0.3 0.7 0.3 0.7 0.08 0.92 0.13 0.87 0.2 0.8 0.2 0.8 0.08 0.92 0.05 0.95 0.05 0.95 0.13 0.87 0.08 0.92 0.08 0.92 0.13 0.87 0.05 0.95 0.03 0.97 0.08 0.92 0.01 0.99 1 0.05 0.95 0.05 0.95 0.01 0.99 1 1 0.01 0.99 1 1 0.01 0.99 1 1 1 1 1 1 0.02 0.98 1 1 1 1 1 1 1 1 1 1 1 1 1 1 1 1 1 1 1 1 1 1 1 0.01 0.99 1 1 1 1 1 1 1 1 0.02 0.98 1 1 1 1 1 1 1 1 1 1 1 1 1 1 1 1 1 1 1 1 1 1 1 1 1 1 1 1 1 1 1 1 1 1 1 1 1 1 1 1 1 1 1 1 1 1 1 1 1 1 1 1 1 1 1 1 1 1 1 1 1 1 1 1 1 1 1 1 1 1 1 1 1 1 1 1 1 1 1 1 1 </float_array>
     <technique_common>
      <accessor source="#SID_25-array" count="6278" stride="1">
       <param name="WEIGHT" type="float"/>
      </accessor>
     </technique_common>
    </source>
    <joints>
     <input semantic="JOINT" source="#ID29"/>
     <input semantic="INV_BIND_MATRIX" source="#SID_24"/>
    </joints>
    <vertex_weights count="2781">
     <input semantic="JOINT" source="#ID29" offset="0"/>
     <input semantic="WEIGHT" source="#SID_25" offset="1"/>
     <vcount>3 3 3 3 3 3 3 3 3 3 1 3 3 3 3 3 2 3 3 3 2 2 3 3 3 3 2 2 2 1 3 2 2 3 3 3 2 2 2 3 2 1 1 3 3 1 1 1 1 3 2 1 3 1 1 1 1 3 1 1 3 3 1 1 2 2 3 3 1 1 3 3 1 2 2 1 3 3 3 3 1 3 3 2 2 1 2 1 2 2 2 2 2 2 2 3 3 4 3 3 2 3 3 4 4 3 3 3 3 3 3 2 2 3 3 3 3 3 3 3 3 4 3 3 3 3 3 3 3 3 4 3 3 3 4 3 3 3 3 4 3 3 3 3 3 3 4 4 3 3 3 4 3 3 4 4 3 3 4 3 4 4 3 3 3 3 3 3 3 3 4 4 4 3 3 3 1 1 1 3 3 3 3 3 3 3 3 3 3 4 3 3 3 3 1 3 3 3 3 3 2 1 3 4 3 4 4 3 4 4 3 3 3 3 3 2 1 1 4 3 4 4 4 4 4 4 3 4 4 3 3 3 3 2 2 1 2 4 4 4 3 3 3 3 3 2 2 1 1 1 1 1 1 1 1 1 1 1 1 1 1 1 1 1 1 1 1 2 1 1 1 2 2 1 1 1 2 2 3 1 1 2 1 2 2 3 2 3 1 1 1 2 1 1 1 2 2 1 1 1 3 3 3 3 2 2 1 1 1 2 2 3 3 3 3 3 3 1 1 1 1 1 2 1 1 1 1 2 3 3 3 3 3 3 3 3 2 2 3 3 3 1 1 1 1 1 1 1 1 1 2 2 2 1 3 3 3 3 3 3 3 3 3 3 3 3 3 3 3 1 3 3 3 3 3 3 3 3 4 3 3 3 1 3 3 3 3 3 4 3 3 3 3 3 4 3 3 3 4 4 4 4 4 4 3 3 3 3 3 3 4 1 4 4 4 4 4 4 4 4 4 4 4 4 3 3 4 4 3 4 4 4 4 4 4 4 4 3 3 4 4 3 3 4 2 4 3 4 4 4 4 4 4 3 3 3 4 3 3 3 3 3 4 2 4 3 4 3 4 3 3 3 3 3 3 3 3 3 3 3 3 3 3 2 2 2 3 3 3 3 2 2 2 2 2 2 2 2 3 2 2 2 2 2 2 3 3 4 3 2 3 3 3 3 3 2 2 2 3 3 3 3 3 4 3 3 2 3 2 2 3 3 2 2 2 2 3 2 2 2 2 2 2 2 2 2 2 2 2 2 2 2 2 2 2 2 1 2 2 2 2 3 2 2 2 1 2 2 2 2 3 3 3 3 2 2 2 2 2 2 2 2 1 2 2 1 2 2 1 2 3 2 3 2 3 2 2 3 2 2 2 2 3 3 3 3 3 4 3 3 3 3 3 3 4 4 4 4 4 4 3 3 4 3 4 4 4 3 4 4 4 4 4 4 4 3 4 3 3 4 3 3 4 4 4 3 4 3 4 3 4 3 4 4 4 4 4 3 3 3 4 3 3 3 3 3 3 3 3 3 3 3 3 3 3 4 3 3 3 3 3 3 3 3 3 3 2 2 4 3 3 3 3 3 2 4 4 3 3 2 3 3 2 2 2 2 2 3 3 3 3 3 4 4 4 4 3 3 3 3 4 4 4 4 3 4 4 4 4 4 4 4 4 4 4 4 3 3 4 3 3 4 3 4 4 3 4 4 3 4 3 2 3 3 3 3 2 2 2 2 4 2 2 4 2 3 2 2 3 2 2 2 3 3 3 4 3 3 3 4 4 4 3 4 4 4 3 3 4 3 2 4 4 2 2 2 2 2 2 2 2 2 3 3 3 3 4 3 4 4 3 4 4 3 4 3 2 3 3 3 3 2 2 1 1 1 1 1 1 1 1 1 1 1 1 1 1 1 1 1 1 1 1 1 1 1 1 1 1 1 1 1 1 1 1 1 1 1 1 1 1 1 1 1 1 1 1 1 1 1 1 1 1 1 1 1 1 1 1 1 1 1 1 1 1 1 1 1 1 1 1 1 1 1 1 1 1 1 1 1 1 1 1 1 1 1 1 1 1 1 1 1 1 1 1 1 1 1 1 1 1 1 1 1 1 1 1 1 1 1 1 1 1 1 1 1 1 1 1 1 1 1 1 1 1 1 1 1 1 1 1 1 1 1 1 1 1 1 1 1 1 2 2 3 3 2 3 3 2 3 3 3 2 3 3 3 3 3 3 3 3 3 3 3 3 2 2 3 3 3 3 3 3 3 3 3 3 3 3 3 3 3 3 4 3 3 3 3 3 3 3 3 2 3 3 2 4 4 4 3 4 4 4 4 3 4 4 4 3 3 3 3 3 3 4 4 3 2 3 1 1 4 3 1 4 4 3 1 4 4 4 3 1 4 4 4 4 3 1 3 4 3 2 2 4 4 3 2 3 3 3 4 4 3 4 4 4 3 4 4 3 3 4 2 3 3 1 1 1 2 3 2 3 3 2 3 3 3 2 3 3 3 3 2 3 3 3 3 3 3 2 2 3 3 3 3 3 3 3 3 3 3 3 2 3 3 3 3 3 3 3 3 3 4 3 3 3 3 3 3 3 3 4 4 3 3 3 4 4 4 3 3 2 4 3 4 4 4 4 3 4 3 4 3 3 2 3 1 1 4 3 1 4 4 3 1 4 4 4 3 1 4 4 4 4 3 1 3 4 3 2 2 4 4 3 2 3 3 3 4 4 3 4 4 4 3 4 4 3 3 4 2 3 3 1 1 1 1 1 1 1 1 1 1 1 1 1 1 1 1 1 1 1 1 1 1 1 1 1 1 1 1 1 1 1 1 1 1 1 1 1 1 1 1 1 1 1 1 1 1 1 1 1 1 1 1 1 1 1 1 1 1 1 1 1 1 1 1 1 1 1 1 1 1 1 1 1 1 1 1 1 1 1 1 1 1 1 1 1 1 1 1 1 1 1 1 1 1 1 1 1 1 1 1 1 1 1 1 1 1 1 1 1 1 1 1 1 1 1 1 1 1 1 1 1 1 1 1 1 1 1 1 1 1 1 1 1 1 1 1 1 1 1 1 1 1 1 1 1 1 1 1 1 1 1 1 1 1 1 1 1 1 1 1 1 1 1 1 1 1 1 1 1 1 1 1 1 1 1 1 1 1 1 1 1 1 1 1 1 1 1 1 1 1 1 1 1 1 1 1 1 1 1 1 1 1 1 1 1 1 1 1 1 1 1 1 1 1 1 1 1 1 1 2 3 3 3 4 3 3 3 4 3 4 4 3 4 4 4 4 4 4 3 4 4 4 4 4 3 4 3 4 4 4 4 4 3 3 1 1 3 1 4 3 1 1 3 1 4 3 4 1 3 1 4 4 4 4 4 3 1 3 4 4 4 4 4 4 3 4 3 4 4 3 3 3 4 3 3 3 3 4 2 3 2 3 3 3 3 2 3 2 3 3 2 3 3 3 3 3 3 3 3 3 3 3 3 3 3 3 2 3 2 3 3 2 3 3 3 2 3 3 3 3 3 4 3 3 3 3 3 3 3 3 4 4 2 3 2 2 2 2 2 2 2 2 2 2 2 2 2 2 2 2 2 2 2 2 2 2 2 2 2 2 2 2 2 2 2 2 2 2 2 2 2 2 2 2 2 2 2 2 2 2 2 2 2 2 2 2 2 2 2 2 2 2 2 2 2 2 2 2 2 2 2 2 2 2 2 2 2 2 2 2 2 2 2 2 2 2 2 2 3 4 2 3 4 3 3 4 3 3 3 3 3 3 3 3 3 3 3 3 3 2 2 3 3 2 3 3 3 2 3 3 3 3 2 3 3 3 3 3 3 3 3 2 3 2 3 3 3 2 3 2 3 3 3 3 3 4 3 3 4 4 3 4 3 3 4 4 3 3 4 3 4 4 3 4 3 1 1 4 3 1 4 4 4 4 4 4 3 3 4 4 4 3 1 4 3 4 3 4 4 4 4 4 4 4 4 3 4 1 3 1 1 3 1 4 3 1 3 4 4 4 4 4 3 4 4 4 3 3 3 3 3 3 2 2 2 2 2 2 2 2 2 2 2 2 2 2 2 2 2 3 3 3 3 1 1 1 1 1 3 2 2 2 2 2 2 2 2 2 2 2 2 2 2 2 2 3 3 3 3 1 1 1 1 1 3 3 3 1 1 1 2 3 1 2 2 3 1 3 2 2 2 2 2 2 3 2 3 2 2 3 3 2 3 2 3 2 3 3 2 3 2 3 2 2 2 2 3 2 2 2 2 2 2 3 3 1 1 1 3 1 1 3 2 1 1 1 1 1 1 1 1 1 1 1 1 1 1 1 1 1 1 1 1 1 1 1 1 1 1 1 1 1 1 1 1 1 1 1 1 1 1 1 1 1 1 1 1 1 1 1 1 1 1 1 1 1 1 1 1 1 1 1 1 1 1 1 1 1 1 1 1 1 1 1 1 1 1 1 1 1 1 1 1 1 1 1 1 1 1 1 1 1 1 1 1 1 1 1 1 1 1 1 1 1 1 1 1 1 1 1 1 1 1 1 1 1 1 1 1 1 1 1 1 1 1 1 1 1 1 1 1 1 1 1 1 1 1 1 1 1 1 1 1 1 1 1 1 1 1 1 1 1 1 1 1 1 1 1 1 1 1 1 1 1 1 1 1 1 1 1 1 1 1 1 1 1 1 1 1 1 1 1 1 1 1 1 1 1 1 1 1 1 1 1 1 1 1 1 1 1 1 1 1 1 1 1 1 1 1 1 1 1 1 1 1 1 1 1 1 1 1 1 1 1 1 1 1 1 1 1 1 1 1 1 1 1 1 1 1 1 1 1 1 1 1 1 1 1 1 1 1 1 1 1 1 1 1 1 1 1 1 1 1 1 1 1 1 3 3 3 3 3 3 3 3 3 3 3 3 3 3 3 3 2 3 3 3 3 2 2 2 3 3 3 3 2 3 2 2 2 1 1 1 3 3 2 3 3 2 3 3 3 3 3 3 3 3 3 3 3 3 3 3 2 2 3 3 3 3 3 3 3 3 3 3 2 3 2 2 3 3 3 3 3 3 3 3 3 3 3 3 3 3 3 2 2 3 3 3 2 2 2 3 3 2 2 2 2 2 2 2 2 2 2 2 2 2 2 2 2 2 2 2 2 2 2 2 1 2 2 1 3 3 3 3 3 3 3 3 3 3 3 3 3 3 3 3 2 2 3 3 3 3 2 2 2 3 3 3 3 3 3 2 2 2 2 1 1 1 3 3 2 3 3 3 3 3 3 3 3 3 3 3 3 3 3 3 3 3 2 2 3 3 3 3 3 2 2 2 3 3 3 3 3 3 3 3 3 3 3 3 3 3 3 3 3 3 3 3 2 3 3 3 2 2 3 2 2 2 2 2 2 2 2 2 2 2 2 2 2 2 2 2 2 2 2 2 2 2 2 2 1 2 1 1 3 3 3 3 3 3 3 3 3 3 3 3 3 3 3 3 3 2 3 3 3 2 2 2 3 3 3 3 2 2 2 3 3 2 1 1 1 2 3 3 2 3 3 3 3 3 3 3 3 3 3 3 3 3 3 3 3 3 3 3 3 3 2 2 2 2 2 3 3 3 3 3 3 3 3 3 3 3 3 3 3 3 3 3 3 3 3 3 3 3 3 2 3 2 2 2 2 2 2 2 2 2 2 2 2 2 2 2 2 2 2 2 2 2 2 2 2 2 2 1 1 2 2 2 3 3 3 3 3 3 3 3 3 3 3 3 3 3 3 3 3 3 3 2 3 3 2 2 3 2 2 3 1 1 2 2 3 2 3 2 1 3 2 3 3 3 3 3 3 3 3 3 3 3 3 3 3 3 3 3 2 2 3 3 3 3 3 3 3 3 2 3 3 2 2 3 3 3 3 3 3 3 3 3 3 3 3 3 3 3 3 2 2 3 3 3 2 2 2 3 3 2 2 2 2 2 2 2 2 2 2 2 2 2 2 2 2 2 2 2 2 1 2 2 2 1 1 2 1 1 2 1 1 1 1 1 1 2 1 1 1 1 1 1 1 1 1 1 1 1 1 1 1 1 1 1 1 1 1 1 1 2 1 1 1 1 1 1 1 1 2 1 1 1 1 1 1 1 1 1 1 1 1 1 1 1 1 1 1 1 1 1 1 1 1 1 1 1 1 1 1 1 1 1 1 1 1 1 1 1 1 1 1 1 1 1 1 1 1 1 1 1 1 1 1 1 1 1 1 1 1 1 1 1 1 1 1 1 1 1 1 1 1 1 1 1 1 1 1 1 1 1 </vcount>
     <v>9 0 13 1 14 2 9 3 13 4 14 5 9 6 13 7 14 8 9 9 13 10 14 11 9 12 13 13 14 14 9 15 13 16 14 17 9 18 13 19 14 20 9 21 13 22 14 23 9 24 13 25 14 26 9 27 13 28 14 29 14 30 9 31 13 32 14 33 9 34 13 35 14 36 9 37 13 38 14 39 9 40 13 41 14 42 9 43 13 44 14 45 13 46 14 47 9 48 13 49 14 50 9 51 13 52 14 53 9 54 13 55 14 56 13 57 14 58 13 59 14 60 9 61 13 62 14 63 9 64 13 65 14 66 9 67 13 68 14 69 9 70 13 71 14 72 13 73 14 74 13 75 14 76 13 77 14 78 14 79 9 80 13 81 14 82 13 83 14 84 13 85 14 86 9 87 13 88 14 89 9 90 13 91 14 92 9 93 13 94 14 95 13 96 14 97 13 98 14 99 13 100 14 101 9 102 13 103 14 104 13 105 14 106 14 107 14 108 9 109 13 110 14 111 9 112 13 113 14 114 14 115 14 116 14 117 14 118 9 119 13 120 14 121 13 122 14 123 14 124 9 125 13 126 14 127 14 128 14 129 14 130 14 131 9 132 13 133 14 134 14 135 14 136 9 137 13 138 14 139 9 140 13 141 14 142 14 143 14 144 13 145 14 146 13 147 14 148 9 149 13 150 14 151 9 152 13 153 14 154 14 155 14 156 9 157 13 158 14 159 9 160 13 161 14 162 14 163 13 164 14 165 13 166 14 167 14 168 9 169 13 170 14 171 9 172 13 173 14 174 9 175 13 176 14 177 9 178 13 179 14 180 14 181 9 182 13 183 14 184 9 185 13 186 14 187 13 188 14 189 13 190 14 191 14 192 13 193 14 194 14 195 13 196 14 197 9 198 20 199 9 200 20 201 9 202 20 203 9 204 20 205 9 206 20 207 9 208 20 209 9 210 10 211 20 212 9 213 10 214 20 215 9 216 10 217 13 218 20 219 9 220 13 221 20 222 9 223 13 224 20 225 9 226 20 227 9 228 13 229 20 230 9 231 13 232 20 233 9 234 10 235 13 236 20 237 9 238 10 239 13 240 20 241 9 242 13 243 20 244 9 245 13 246 20 247 9 248 13 249 20 250 9 251 13 252 20 253 9 254 13 255 20 256 9 257 13 258 20 259 9 260 13 261 9 262 13 263 9 264 13 265 14 266 9 267 13 268 14 269 9 270 13 271 14 272 9 273 13 274 20 275 9 276 13 277 20 278 9 279 13 280 20 281 9 282 13 283 14 284 9 285 13 286 14 287 9 288 13 289 14 290 20 291 9 292 13 293 14 294 9 295 13 296 20 297 9 298 13 299 20 300 9 301 13 302 20 303 9 304 13 305 14 306 9 307 13 308 14 309 9 310 13 311 14 312 9 313 13 314 14 315 9 316 13 317 14 318 20 319 9 320 13 321 14 322 9 323 13 324 14 325 9 326 13 327 20 328 9 329 13 330 14 331 20 332 9 333 13 334 14 335 9 336 13 337 14 338 9 339 13 340 20 341 9 342 13 343 20 344 9 345 13 346 14 347 20 348 9 349 13 350 14 351 9 352 13 353 20 354 9 355 13 356 20 357 9 358 13 359 20 360 9 361 13 362 20 363 9 364 13 365 20 366 8 367 9 368 13 369 20 370 9 371 13 372 14 373 20 374 9 375 13 376 14 377 9 378 13 379 20 380 9 381 13 382 20 383 9 384 13 385 14 386 20 387 9 388 13 389 14 390 9 391 13 392 14 393 8 394 9 395 13 396 20 397 9 398 13 399 14 400 20 401 9 402 13 403 14 404 9 405 13 406 14 407 8 408 9 409 13 410 20 411 8 412 9 413 20 414 8 415 9 416 13 417 20 418 8 419 9 420 13 421 20 422 9 423 13 424 14 425 9 426 13 427 14 428 9 429 13 430 14 431 9 432 13 433 14 434 9 435 13 436 14 437 8 438 9 439 13 440 8 441 9 442 20 443 8 444 9 445 20 446 0 447 8 448 9 449 20 450 0 451 8 452 9 453 13 454 0 455 8 456 9 457 13 458 9 459 13 460 14 461 9 462 13 463 14 464 9 465 13 466 14 467 14 468 14 469 14 470 9 471 13 472 14 473 9 474 13 475 14 476 9 477 13 478 14 479 9 480 13 481 14 482 9 483 13 484 14 485 9 486 13 487 14 488 9 489 13 490 14 491 8 492 9 493 13 494 8 495 9 496 20 497 8 498 9 499 20 500 0 501 8 502 9 503 20 504 0 505 8 506 9 507 0 508 8 509 9 510 0 511 8 512 9 513 9 514 13 515 14 516 14 517 9 518 13 519 14 520 9 521 13 522 14 523 9 524 13 525 14 526 9 527 13 528 14 529 9 530 13 531 14 532 13 533 14 534 14 535 8 536 9 537 20 538 0 539 8 540 9 541 20 542 0 543 8 544 9 545 0 546 4 547 8 548 9 549 0 550 4 551 8 552 9 553 8 554 9 555 13 556 0 557 8 558 9 559 13 560 0 561 4 562 8 563 9 564 9 565 13 566 14 567 9 568 13 569 14 570 9 571 13 572 14 573 9 574 13 575 14 576 9 577 13 578 14 579 13 580 14 581 14 582 14 583 0 584 8 585 9 586 20 587 0 588 8 589 9 590 0 591 4 592 8 593 9 594 0 595 4 596 8 597 9 598 0 599 4 600 8 601 9 602 0 603 8 604 9 605 13 606 8 607 9 608 13 609 14 610 0 611 8 612 9 613 13 614 0 615 8 616 9 617 0 618 8 619 9 620 13 621 0 622 8 623 9 624 13 625 9 626 13 627 14 628 9 629 13 630 14 631 9 632 13 633 14 634 9 635 13 636 14 637 13 638 14 639 13 640 14 641 14 642 13 643 14 644 0 645 4 646 8 647 9 648 0 649 4 650 8 651 9 652 0 653 4 654 8 655 9 656 9 657 13 658 14 659 9 660 13 661 14 662 9 663 13 664 14 665 9 666 13 667 14 668 9 669 13 670 14 671 13 672 14 673 13 674 14 675 14 676 14 677 14 678 14 679 14 680 14 681 14 682 14 683 14 684 14 685 14 686 14 687 14 688 14 689 14 690 14 691 14 692 14 693 14 694 14 695 13 696 14 697 14 698 14 699 14 700 13 701 14 702 13 703 14 704 14 705 14 706 14 707 13 708 14 709 13 710 14 711 9 712 13 713 14 714 14 715 14 716 13 717 14 718 14 719 13 720 14 721 13 722 14 723 9 724 13 725 14 726 13 727 14 728 9 729 13 730 14 731 14 732 14 733 14 734 13 735 14 736 14 737 14 738 14 739 13 740 14 741 13 742 14 743 14 744 14 745 14 746 9 747 13 748 14 749 9 750 13 751 14 752 9 753 13 754 14 755 9 756 13 757 14 758 13 759 14 760 13 761 14 762 14 763 14 764 14 765 13 766 14 767 13 768 14 769 9 770 13 771 14 772 9 773 13 774 14 775 9 776 13 777 14 778 9 779 13 780 14 781 9 782 13 783 14 784 9 785 13 786 14 787 14 788 14 789 14 790 14 791 14 792 13 793 14 794 14 795 14 796 14 797 14 798 13 799 14 800 9 801 13 802 14 803 9 804 13 805 14 806 9 807 13 808 14 809 9 810 13 811 14 812 9 813 13 814 14 815 9 816 13 817 14 818 9 819 13 820 14 821 9 822 13 823 14 824 13 825 14 826 13 827 14 828 9 829 13 830 14 831 9 832 13 833 14 834 9 835 13 836 14 837 14 838 14 839 14 840 14 841 14 842 14 843 14 844 14 845 14 846 13 847 14 848 13 849 14 850 13 851 14 852 14 853 9 854 13 855 14 856 9 857 13 858 14 859 9 860 13 861 14 862 9 863 13 864 14 865 9 866 13 867 14 868 9 869 13 870 14 871 9 872 13 873 14 874 9 875 13 876 14 877 9 878 13 879 14 880 9 881 13 882 14 883 9 884 13 885 14 886 9 887 13 888 14 889 9 890 13 891 14 892 9 893 13 894 14 895 9 896 13 897 14 898 14 899 9 900 13 901 14 902 9 903 13 904 14 905 9 906 13 907 14 908 9 909 13 910 14 911 9 912 13 913 14 914 9 915 13 916 14 917 9 918 13 919 14 920 8 921 9 922 13 923 8 924 9 925 13 926 14 927 9 928 13 929 14 930 9 931 13 932 14 933 9 934 13 935 14 936 14 937 9 938 13 939 14 940 9 941 13 942 14 943 9 944 13 945 14 946 8 947 9 948 13 949 8 950 9 951 13 952 8 953 9 954 13 955 14 956 9 957 13 958 14 959 9 960 13 961 14 962 9 963 13 964 14 965 9 966 13 967 14 968 9 969 13 970 14 971 9 972 10 973 13 974 14 975 9 976 13 977 14 978 9 979 13 980 14 981 9 982 13 983 14 984 9 985 10 986 13 987 14 988 0 989 8 990 9 991 13 992 0 993 8 994 9 995 13 996 0 997 8 998 9 999 13 1000 8 1001 9 1002 13 1003 14 1004 0 1005 8 1006 9 1007 13 1008 9 1009 13 1010 14 1011 9 1012 13 1013 14 1014 9 1015 13 1016 14 1017 9 1018 13 1019 14 1020 9 1021 13 1022 14 1023 9 1024 13 1025 14 1026 9 1027 10 1028 13 1029 14 1030 14 1031 0 1032 8 1033 9 1034 13 1035 0 1036 8 1037 9 1038 13 1039 0 1040 8 1041 9 1042 13 1043 0 1044 8 1045 9 1046 13 1047 0 1048 8 1049 9 1050 13 1051 8 1052 9 1053 13 1054 14 1055 8 1056 9 1057 13 1058 14 1059 8 1060 9 1061 13 1062 14 1063 0 1064 8 1065 9 1066 13 1067 0 1068 8 1069 9 1070 13 1071 0 1072 8 1073 9 1074 13 1075 0 1076 8 1077 9 1078 13 1079 9 1080 13 1081 14 1082 9 1083 13 1084 14 1085 9 1086 10 1087 13 1088 14 1089 0 1090 1 1091 8 1092 9 1093 0 1094 8 1095 9 1096 0 1097 8 1098 9 1099 13 1100 0 1101 8 1102 9 1103 13 1104 0 1105 8 1106 9 1107 13 1108 0 1109 8 1110 9 1111 13 1112 0 1113 8 1114 9 1115 13 1116 0 1117 8 1118 9 1119 13 1120 0 1121 8 1122 9 1123 13 1124 0 1125 8 1126 9 1127 13 1128 9 1129 13 1130 14 1131 9 1132 13 1133 14 1134 9 1135 10 1136 13 1137 14 1138 0 1139 1 1140 8 1141 9 1142 0 1143 1 1144 8 1145 0 1146 8 1147 9 1148 0 1149 8 1150 9 1151 13 1152 0 1153 8 1154 0 1155 8 1156 9 1157 13 1158 0 1159 8 1160 9 1161 0 1162 8 1163 9 1164 13 1165 0 1166 8 1167 9 1168 13 1169 0 1170 8 1171 9 1172 13 1173 0 1174 8 1175 9 1176 13 1177 0 1178 8 1179 9 1180 13 1181 0 1182 8 1183 9 1184 13 1185 0 1186 8 1187 9 1188 9 1189 13 1190 14 1191 9 1192 13 1193 14 1194 9 1195 10 1196 13 1197 14 1198 0 1199 1 1200 8 1201 0 1202 1 1203 8 1204 0 1205 7 1206 8 1207 0 1208 4 1209 8 1210 0 1211 8 1212 9 1213 0 1214 8 1215 9 1216 13 1217 0 1218 8 1219 0 1220 8 1221 9 1222 13 1223 0 1224 8 1225 9 1226 0 1227 8 1228 9 1229 13 1230 0 1231 8 1232 9 1233 0 1234 8 1235 9 1236 13 1237 0 1238 8 1239 9 1240 0 1241 8 1242 9 1243 0 1244 8 1245 9 1246 0 1247 7 1248 8 1249 0 1250 7 1251 8 1252 0 1253 7 1254 8 1255 0 1256 7 1257 8 1258 0 1259 7 1260 8 1261 0 1262 7 1263 8 1264 0 1265 7 1266 8 1267 0 1268 7 1269 8 1270 0 1271 7 1272 8 1273 0 1274 7 1275 8 1276 0 1277 7 1278 8 1279 0 1280 7 1281 0 1282 7 1283 0 1284 7 1285 0 1286 7 1287 8 1288 0 1289 7 1290 8 1291 0 1292 7 1293 8 1294 0 1295 7 1296 8 1297 0 1298 7 1299 0 1300 7 1301 0 1302 7 1303 0 1304 7 1305 0 1306 7 1307 0 1308 7 1309 0 1310 7 1311 0 1312 7 1313 0 1314 7 1315 8 1316 0 1317 7 1318 0 1319 7 1320 0 1321 7 1322 0 1323 7 1324 0 1325 7 1326 0 1327 7 1328 0 1329 4 1330 8 1331 0 1332 4 1333 8 1334 0 1335 4 1336 7 1337 8 1338 0 1339 7 1340 8 1341 0 1342 7 1343 0 1344 4 1345 8 1346 0 1347 4 1348 8 1349 0 1350 4 1351 8 1352 0 1353 4 1354 8 1355 0 1356 4 1357 8 1358 0 1359 7 1360 0 1361 7 1362 0 1363 7 1364 0 1365 4 1366 7 1367 0 1368 4 1369 8 1370 0 1371 4 1372 8 1373 0 1374 4 1375 8 1376 0 1377 4 1378 8 1379 0 1380 4 1381 8 1382 9 1383 0 1384 4 1385 8 1386 0 1387 4 1388 8 1389 0 1390 4 1391 0 1392 4 1393 7 1394 0 1395 4 1396 0 1397 4 1398 0 1399 4 1400 7 1401 0 1402 4 1403 7 1404 0 1405 4 1406 0 1407 4 1408 0 1409 7 1410 0 1411 7 1412 0 1413 4 1414 7 1415 0 1416 4 1417 0 1418 7 1419 0 1420 7 1421 0 1422 7 1423 0 1424 7 1425 0 1426 7 1427 0 1428 7 1429 0 1430 7 1431 0 1432 4 1433 0 1434 4 1435 0 1436 4 1437 0 1438 7 1439 0 1440 7 1441 0 1442 7 1443 0 1444 7 1445 0 1446 7 1447 0 1448 4 1449 0 1450 4 1451 0 1452 4 1453 0 1454 0 1455 1 1456 0 1457 7 1458 0 1459 7 1460 0 1461 7 1462 0 1463 1 1464 7 1465 0 1466 1 1467 0 1468 4 1469 0 1470 4 1471 0 1472 0 1473 1 1474 0 1475 1 1476 0 1477 7 1478 0 1479 7 1480 0 1481 1 1482 7 1483 0 1484 1 1485 7 1486 0 1487 1 1488 7 1489 0 1490 1 1491 7 1492 0 1493 1 1494 0 1495 1 1496 0 1497 1 1498 0 1499 1 1500 0 1501 1 1502 0 1503 1 1504 0 1505 1 1506 0 1507 1 1508 0 1509 0 1510 1 1511 0 1512 4 1513 0 1514 0 1515 4 1516 0 1517 1 1518 0 1519 0 1520 1 1521 0 1522 1 1523 8 1524 0 1525 8 1526 0 1527 4 1528 8 1529 0 1530 4 1531 0 1532 4 1533 8 1534 0 1535 4 1536 0 1537 4 1538 0 1539 1 1540 8 1541 0 1542 1 1543 0 1544 1 1545 0 1546 1 1547 0 1548 1 1549 0 1550 1 1551 8 1552 0 1553 1 1554 8 1555 0 1556 1 1557 8 1558 0 1559 1 1560 8 1561 0 1562 1 1563 8 1564 0 1565 1 1566 7 1567 8 1568 0 1569 1 1570 8 1571 0 1572 1 1573 8 1574 0 1575 1 1576 8 1577 0 1578 1 1579 8 1580 0 1581 1 1582 8 1583 0 1584 1 1585 8 1586 0 1587 1 1588 8 1589 9 1590 0 1591 1 1592 8 1593 9 1594 0 1595 1 1596 8 1597 9 1598 0 1599 1 1600 8 1601 9 1602 0 1603 1 1604 8 1605 9 1606 0 1607 1 1608 8 1609 9 1610 0 1611 8 1612 9 1613 0 1614 8 1615 9 1616 0 1617 8 1618 9 1619 13 1620 0 1621 8 1622 9 1623 0 1624 8 1625 9 1626 13 1627 8 1628 9 1629 10 1630 13 1631 0 1632 1 1633 8 1634 9 1635 0 1636 8 1637 9 1638 0 1639 8 1640 9 1641 10 1642 0 1643 8 1644 9 1645 10 1646 8 1647 9 1648 10 1649 13 1650 8 1651 9 1652 10 1653 13 1654 0 1655 1 1656 8 1657 9 1658 0 1659 1 1660 8 1661 9 1662 0 1663 1 1664 8 1665 9 1666 0 1667 8 1668 9 1669 0 1670 8 1671 9 1672 10 1673 8 1674 9 1675 10 1676 8 1677 9 1678 10 1679 8 1680 9 1681 10 1682 13 1683 9 1684 10 1685 13 1686 9 1687 10 1688 13 1689 0 1690 1 1691 8 1692 9 1693 0 1694 1 1695 8 1696 9 1697 0 1698 1 1699 8 1700 9 1701 0 1702 8 1703 9 1704 0 1705 8 1706 9 1707 10 1708 8 1709 9 1710 10 1711 0 1712 8 1713 9 1714 10 1715 0 1716 8 1717 9 1718 0 1719 1 1720 8 1721 9 1722 0 1723 8 1724 9 1725 0 1726 1 1727 8 1728 9 1729 0 1730 1 1731 8 1732 9 1733 0 1734 1 1735 8 1736 9 1737 0 1738 1 1739 8 1740 9 1741 0 1742 1 1743 8 1744 9 1745 8 1746 9 1747 10 1748 8 1749 9 1750 10 1751 8 1752 9 1753 10 1754 8 1755 9 1756 10 1757 13 1758 9 1759 10 1760 13 1761 9 1762 10 1763 13 1764 9 1765 10 1766 13 1767 9 1768 10 1769 13 1770 9 1771 10 1772 13 1773 9 1774 10 1775 13 1776 9 1777 10 1778 13 1779 9 1780 10 1781 13 1782 9 1783 10 1784 13 1785 9 1786 10 1787 13 1788 9 1789 10 1790 13 1791 9 1792 10 1793 13 1794 9 1795 10 1796 13 1797 9 1798 10 1799 13 1800 9 1801 10 1802 13 1803 14 1804 9 1805 10 1806 13 1807 9 1808 10 1809 13 1810 9 1811 10 1812 13 1813 9 1814 13 1815 14 1816 9 1817 13 1818 14 1819 9 1820 13 1821 14 1822 9 1823 13 1824 14 1825 9 1826 13 1827 14 1828 9 1829 13 1830 14 1831 9 1832 13 1833 14 1834 9 1835 13 1836 9 1837 13 1838 9 1839 10 1840 13 1841 20 1842 9 1843 10 1844 13 1845 9 1846 10 1847 13 1848 9 1849 10 1850 13 1851 9 1852 10 1853 13 1854 9 1855 10 1856 13 1857 9 1858 10 1859 9 1860 10 1861 13 1862 20 1863 9 1864 10 1865 13 1866 20 1867 9 1868 10 1869 13 1870 9 1871 10 1872 13 1873 9 1874 10 1875 9 1876 10 1877 20 1878 9 1879 10 1880 20 1881 9 1882 10 1883 9 1884 10 1885 9 1886 10 1887 9 1888 10 1889 9 1890 10 1891 9 1892 13 1893 14 1894 8 1895 9 1896 20 1897 8 1898 9 1899 20 1900 8 1901 9 1902 20 1903 8 1904 9 1905 20 1906 0 1907 8 1908 9 1909 20 1910 0 1911 8 1912 9 1913 20 1914 0 1915 8 1916 9 1917 20 1918 0 1919 8 1920 9 1921 20 1922 0 1923 8 1924 9 1925 0 1926 8 1927 9 1928 0 1929 8 1930 9 1931 0 1932 8 1933 9 1934 0 1935 4 1936 8 1937 9 1938 0 1939 4 1940 8 1941 9 1942 0 1943 4 1944 8 1945 9 1946 0 1947 8 1948 9 1949 20 1950 0 1951 8 1952 9 1953 0 1954 4 1955 8 1956 9 1957 0 1958 4 1959 8 1960 9 1961 0 1962 4 1963 8 1964 9 1965 0 1966 4 1967 8 1968 9 1969 0 1970 4 1971 8 1972 9 1973 0 1974 4 1975 8 1976 9 1977 0 1978 4 1979 8 1980 9 1981 0 1982 4 1983 8 1984 9 1985 0 1986 4 1987 8 1988 9 1989 0 1990 4 1991 8 1992 9 1993 0 1994 4 1995 8 1996 9 1997 0 1998 8 1999 9 2000 0 2001 8 2002 9 2003 0 2004 8 2005 9 2006 20 2007 0 2008 8 2009 9 2010 0 2011 8 2012 9 2013 0 2014 4 2015 8 2016 9 2017 0 2018 8 2019 9 2020 0 2021 4 2022 8 2023 9 2024 0 2025 4 2026 8 2027 9 2028 0 2029 8 2030 9 2031 0 2032 4 2033 8 2034 9 2035 0 2036 4 2037 8 2038 9 2039 0 2040 4 2041 8 2042 0 2043 4 2044 8 2045 9 2046 0 2047 4 2048 8 2049 0 2050 4 2051 0 2052 4 2053 8 2054 0 2055 4 2056 8 2057 0 2058 4 2059 8 2060 0 2061 8 2062 9 2063 0 2064 8 2065 0 2066 8 2067 9 2068 20 2069 9 2070 20 2071 0 2072 8 2073 9 2074 20 2075 9 2076 20 2077 9 2078 20 2079 8 2080 9 2081 10 2082 20 2083 9 2084 20 2085 9 2086 10 2087 20 2088 9 2089 20 2090 9 2091 20 2092 9 2093 10 2094 20 2095 9 2096 20 2097 9 2098 20 2099 9 2100 20 2101 9 2102 10 2103 20 2104 8 2105 9 2106 10 2107 8 2108 9 2109 10 2110 0 2111 8 2112 9 2113 10 2114 8 2115 9 2116 10 2117 8 2118 9 2119 10 2120 0 2121 8 2122 9 2123 0 2124 8 2125 9 2126 10 2127 0 2128 8 2129 9 2130 10 2131 0 2132 1 2133 8 2134 9 2135 0 2136 8 2137 9 2138 0 2139 8 2140 9 2141 10 2142 0 2143 1 2144 8 2145 9 2146 0 2147 1 2148 8 2149 9 2150 0 2151 8 2152 9 2153 0 2154 8 2155 9 2156 0 2157 8 2158 9 2159 10 2160 0 2161 8 2162 9 2163 9 2164 10 2165 0 2166 8 2167 9 2168 10 2169 8 2170 9 2171 10 2172 20 2173 9 2174 10 2175 9 2176 10 2177 9 2178 10 2179 9 2180 10 2181 9 2182 10 2183 9 2184 10 2185 9 2186 10 2187 9 2188 10 2189 9 2190 10 2191 9 2192 10 2193 20 2194 9 2195 10 2196 20 2197 9 2198 10 2199 20 2200 0 2201 8 2202 9 2203 0 2204 1 2205 8 2206 9 2207 0 2208 8 2209 9 2210 0 2211 1 2212 8 2213 9 2214 0 2215 1 2216 8 2217 9 2218 0 2219 8 2220 9 2221 0 2222 1 2223 8 2224 9 2225 0 2226 1 2227 8 2228 9 2229 0 2230 1 2231 8 2232 0 2233 1 2234 8 2235 9 2236 0 2237 1 2238 8 2239 0 2240 1 2241 0 2242 1 2243 8 2244 0 2245 1 2246 8 2247 0 2248 1 2249 8 2250 0 2251 8 2252 9 2253 0 2254 8 2255 0 2256 8 2257 14 2258 14 2259 14 2260 14 2261 14 2262 14 2263 14 2264 14 2265 14 2266 14 2267 14 2268 14 2269 14 2270 14 2271 14 2272 14 2273 14 2274 14 2275 14 2276 14 2277 14 2278 14 2279 14 2280 14 2281 14 2282 14 2283 14 2284 14 2285 14 2286 14 2287 14 2288 14 2289 14 2290 14 2291 14 2292 14 2293 14 2294 14 2295 14 2296 14 2297 14 2298 14 2299 14 2300 14 2301 14 2302 14 2303 14 2304 14 2305 14 2306 14 2307 14 2308 14 2309 14 2310 14 2311 14 2312 14 2313 14 2314 14 2315 14 2316 14 2317 14 2318 14 2319 14 2320 14 2321 14 2322 14 2323 14 2324 14 2325 14 2326 14 2327 14 2328 14 2329 14 2330 14 2331 14 2332 14 2333 14 2334 14 2335 14 2336 14 2337 14 2338 14 2339 14 2340 14 2341 14 2342 14 2343 14 2344 14 2345 14 2346 14 2347 14 2348 14 2349 14 2350 14 2351 14 2352 14 2353 14 2354 14 2355 14 2356 14 2357 14 2358 14 2359 14 2360 14 2361 14 2362 14 2363 14 2364 14 2365 14 2366 14 2367 14 2368 14 2369 14 2370 14 2371 14 2372 14 2373 14 2374 14 2375 14 2376 14 2377 14 2378 14 2379 14 2380 14 2381 14 2382 14 2383 14 2384 14 2385 14 2386 14 2387 14 2388 14 2389 14 2390 14 2391 14 2392 14 2393 14 2394 14 2395 20 2396 21 2397 20 2398 21 2399 9 2400 20 2401 21 2402 9 2403 20 2404 21 2405 20 2406 21 2407 9 2408 20 2409 21 2410 9 2411 20 2412 21 2413 20 2414 21 2415 9 2416 20 2417 21 2418 9 2419 20 2420 21 2421 9 2422 20 2423 21 2424 20 2425 21 2426 9 2427 20 2428 21 2429 9 2430 20 2431 21 2432 9 2433 20 2434 21 2435 9 2436 20 2437 21 2438 9 2439 20 2440 21 2441 9 2442 20 2443 21 2444 9 2445 20 2446 21 2447 9 2448 20 2449 21 2450 9 2451 20 2452 21 2453 9 2454 20 2455 21 2456 9 2457 20 2458 21 2459 9 2460 20 2461 21 2462 9 2463 20 2464 9 2465 20 2466 9 2467 20 2468 21 2469 8 2470 9 2471 20 2472 9 2473 20 2474 21 2475 9 2476 20 2477 21 2478 8 2479 9 2480 20 2481 9 2482 20 2483 21 2484 9 2485 20 2486 21 2487 9 2488 20 2489 21 2490 8 2491 9 2492 20 2493 8 2494 9 2495 20 2496 9 2497 20 2498 21 2499 9 2500 20 2501 21 2502 9 2503 20 2504 21 2505 9 2506 20 2507 21 2508 8 2509 9 2510 20 2511 9 2512 20 2513 21 2514 8 2515 9 2516 13 2517 20 2518 9 2519 20 2520 21 2521 9 2522 20 2523 21 2524 9 2525 13 2526 20 2527 9 2528 20 2529 21 2530 9 2531 20 2532 21 2533 9 2534 20 2535 21 2536 9 2537 13 2538 20 2539 9 2540 20 2541 21 2542 20 2543 21 2544 9 2545 20 2546 21 2547 9 2548 20 2549 21 2550 20 2551 21 2552 9 2553 20 2554 21 2555 22 2556 9 2557 20 2558 21 2559 22 2560 9 2561 20 2562 21 2563 22 2564 20 2565 21 2566 22 2567 9 2568 20 2569 21 2570 22 2571 9 2572 20 2573 21 2574 22 2575 9 2576 20 2577 21 2578 22 2579 9 2580 20 2581 21 2582 22 2583 9 2584 20 2585 21 2586 9 2587 20 2588 21 2589 22 2590 9 2591 20 2592 21 2593 22 2594 9 2595 20 2596 21 2597 22 2598 9 2599 13 2600 20 2601 9 2602 20 2603 21 2604 9 2605 13 2606 20 2607 9 2608 20 2609 21 2610 9 2611 20 2612 21 2613 9 2614 13 2615 20 2616 9 2617 20 2618 21 2619 22 2620 9 2621 20 2622 21 2623 22 2624 9 2625 20 2626 21 2627 9 2628 20 2629 20 2630 21 2631 22 2632 22 2633 22 2634 9 2635 20 2636 21 2637 22 2638 20 2639 21 2640 22 2641 22 2642 9 2643 20 2644 21 2645 22 2646 9 2647 20 2648 21 2649 22 2650 20 2651 21 2652 22 2653 22 2654 9 2655 20 2656 21 2657 22 2658 9 2659 20 2660 21 2661 22 2662 9 2663 20 2664 21 2665 22 2666 20 2667 21 2668 22 2669 22 2670 9 2671 20 2672 21 2673 22 2674 9 2675 20 2676 21 2677 22 2678 9 2679 20 2680 21 2681 22 2682 9 2683 20 2684 21 2685 22 2686 20 2687 21 2688 22 2689 22 2690 9 2691 20 2692 21 2693 9 2694 20 2695 21 2696 22 2697 9 2698 20 2699 21 2700 9 2701 20 2702 9 2703 20 2704 9 2705 20 2706 21 2707 22 2708 9 2709 20 2710 21 2711 22 2712 9 2713 20 2714 21 2715 9 2716 20 2717 9 2718 20 2719 21 2720 9 2721 20 2722 21 2723 9 2724 20 2725 21 2726 9 2727 20 2728 21 2729 22 2730 9 2731 20 2732 21 2733 22 2734 9 2735 20 2736 21 2737 9 2738 20 2739 21 2740 22 2741 9 2742 20 2743 21 2744 22 2745 9 2746 20 2747 21 2748 22 2749 20 2750 21 2751 22 2752 9 2753 20 2754 21 2755 22 2756 9 2757 20 2758 21 2759 22 2760 9 2761 20 2762 21 2763 9 2764 20 2765 21 2766 9 2767 20 2768 21 2769 22 2770 20 2771 21 2772 20 2773 21 2774 22 2775 20 2776 21 2777 22 2778 22 2779 22 2780 22 2781 10 2782 11 2783 9 2784 10 2785 11 2786 10 2787 11 2788 9 2789 10 2790 11 2791 9 2792 10 2793 11 2794 10 2795 11 2796 9 2797 10 2798 11 2799 9 2800 10 2801 11 2802 9 2803 10 2804 11 2805 10 2806 11 2807 9 2808 10 2809 11 2810 9 2811 10 2812 11 2813 9 2814 10 2815 11 2816 9 2817 10 2818 11 2819 10 2820 11 2821 9 2822 10 2823 11 2824 9 2825 10 2826 11 2827 9 2828 10 2829 11 2830 9 2831 10 2832 11 2833 9 2834 10 2835 11 2836 9 2837 10 2838 11 2839 9 2840 10 2841 9 2842 10 2843 9 2844 10 2845 11 2846 9 2847 10 2848 11 2849 8 2850 9 2851 10 2852 9 2853 10 2854 11 2855 9 2856 10 2857 11 2858 9 2859 10 2860 11 2861 8 2862 9 2863 10 2864 9 2865 10 2866 11 2867 9 2868 10 2869 11 2870 9 2871 10 2872 11 2873 9 2874 10 2875 11 2876 10 2877 11 2878 9 2879 10 2880 11 2881 9 2882 10 2883 11 2884 9 2885 10 2886 11 2887 9 2888 10 2889 11 2890 8 2891 9 2892 10 2893 8 2894 9 2895 10 2896 9 2897 10 2898 11 2899 8 2900 9 2901 10 2902 9 2903 10 2904 11 2905 8 2906 9 2907 10 2908 13 2909 9 2910 10 2911 11 2912 9 2913 10 2914 11 2915 9 2916 10 2917 13 2918 9 2919 10 2920 11 2921 9 2922 10 2923 11 2924 9 2925 10 2926 11 2927 9 2928 10 2929 13 2930 9 2931 10 2932 11 2933 9 2934 10 2935 11 2936 12 2937 9 2938 10 2939 11 2940 12 2941 9 2942 10 2943 11 2944 9 2945 10 2946 13 2947 9 2948 10 2949 11 2950 9 2951 10 2952 11 2953 12 2954 9 2955 10 2956 11 2957 12 2958 9 2959 10 2960 11 2961 12 2962 9 2963 10 2964 11 2965 9 2966 10 2967 13 2968 10 2969 11 2970 9 2971 10 2972 11 2973 12 2974 10 2975 11 2976 12 2977 9 2978 10 2979 11 2980 12 2981 9 2982 10 2983 11 2984 12 2985 9 2986 10 2987 11 2988 12 2989 9 2990 10 2991 11 2992 12 2993 9 2994 10 2995 11 2996 9 2997 10 2998 11 2999 12 3000 9 3001 10 3002 11 3003 9 3004 10 3005 11 3006 12 3007 9 3008 10 3009 13 3010 9 3011 10 3012 11 3013 9 3014 10 3015 10 3016 11 3017 12 3018 12 3019 12 3020 9 3021 10 3022 11 3023 12 3024 10 3025 11 3026 12 3027 12 3028 9 3029 10 3030 11 3031 12 3032 9 3033 10 3034 11 3035 12 3036 10 3037 11 3038 12 3039 12 3040 9 3041 10 3042 11 3043 12 3044 9 3045 10 3046 11 3047 12 3048 9 3049 10 3050 11 3051 12 3052 10 3053 11 3054 12 3055 12 3056 9 3057 10 3058 11 3059 12 3060 9 3061 10 3062 11 3063 12 3064 9 3065 10 3066 11 3067 12 3068 9 3069 10 3070 11 3071 12 3072 10 3073 11 3074 12 3075 12 3076 9 3077 10 3078 11 3079 9 3080 10 3081 11 3082 12 3083 9 3084 10 3085 11 3086 9 3087 10 3088 9 3089 10 3090 9 3091 10 3092 11 3093 12 3094 9 3095 10 3096 11 3097 12 3098 9 3099 10 3100 11 3101 9 3102 10 3103 9 3104 10 3105 11 3106 9 3107 10 3108 11 3109 9 3110 10 3111 11 3112 9 3113 10 3114 11 3115 12 3116 9 3117 10 3118 11 3119 12 3120 9 3121 10 3122 11 3123 9 3124 10 3125 11 3126 12 3127 9 3128 10 3129 11 3130 12 3131 9 3132 10 3133 11 3134 12 3135 10 3136 11 3137 12 3138 9 3139 10 3140 11 3141 12 3142 9 3143 10 3144 11 3145 12 3146 9 3147 10 3148 11 3149 9 3150 10 3151 11 3152 9 3153 10 3154 11 3155 12 3156 10 3157 11 3158 10 3159 11 3160 12 3161 10 3162 11 3163 12 3164 12 3165 12 3166 12 3167 12 3168 12 3169 12 3170 12 3171 12 3172 12 3173 12 3174 12 3175 12 3176 12 3177 12 3178 12 3179 12 3180 12 3181 12 3182 12 3183 12 3184 12 3185 12 3186 12 3187 12 3188 12 3189 12 3190 12 3191 12 3192 12 3193 12 3194 12 3195 12 3196 12 3197 12 3198 12 3199 12 3200 12 3201 12 3202 12 3203 12 3204 12 3205 12 3206 12 3207 12 3208 12 3209 12 3210 12 3211 12 3212 12 3213 12 3214 12 3215 12 3216 12 3217 12 3218 12 3219 12 3220 12 3221 22 3222 22 3223 22 3224 22 3225 22 3226 22 3227 22 3228 22 3229 22 3230 22 3231 22 3232 22 3233 22 3234 22 3235 22 3236 22 3237 22 3238 22 3239 22 3240 22 3241 22 3242 22 3243 22 3244 22 3245 22 3246 22 3247 22 3248 22 3249 22 3250 22 3251 22 3252 22 3253 22 3254 22 3255 22 3256 22 3257 22 3258 22 3259 22 3260 22 3261 22 3262 22 3263 22 3264 22 3265 22 3266 22 3267 22 3268 22 3269 22 3270 22 3271 22 3272 22 3273 22 3274 22 3275 3 3276 3 3277 3 3278 3 3279 3 3280 3 3281 3 3282 3 3283 3 3284 3 3285 3 3286 3 3287 3 3288 3 3289 3 3290 3 3291 3 3292 3 3293 3 3294 3 3295 3 3296 3 3297 3 3298 3 3299 3 3300 3 3301 3 3302 3 3303 3 3304 3 3305 3 3306 3 3307 3 3308 3 3309 3 3310 3 3311 3 3312 3 3313 3 3314 3 3315 3 3316 3 3317 3 3318 3 3319 3 3320 3 3321 3 3322 3 3323 3 3324 3 3325 3 3326 3 3327 3 3328 3 3329 6 3330 6 3331 6 3332 6 3333 6 3334 6 3335 6 3336 6 3337 6 3338 6 3339 6 3340 6 3341 6 3342 6 3343 6 3344 6 3345 6 3346 6 3347 6 3348 6 3349 6 3350 6 3351 6 3352 6 3353 6 3354 6 3355 6 3356 6 3357 6 3358 6 3359 6 3360 6 3361 6 3362 6 3363 6 3364 6 3365 6 3366 6 3367 6 3368 6 3369 6 3370 6 3371 6 3372 6 3373 6 3374 6 3375 6 3376 6 3377 6 3378 6 3379 6 3380 6 3381 6 3382 6 3383 0 3384 4 3385 0 3386 4 3387 8 3388 0 3389 4 3390 5 3391 0 3392 4 3393 5 3394 0 3395 4 3396 8 3397 9 3398 0 3399 4 3400 5 3401 0 3402 4 3403 8 3404 0 3405 4 3406 5 3407 0 3408 4 3409 5 3410 6 3411 0 3412 4 3413 8 3414 0 3415 4 3416 8 3417 9 3418 0 3419 4 3420 8 3421 9 3422 0 3423 4 3424 5 3425 0 3426 4 3427 5 3428 6 3429 0 3430 4 3431 5 3432 6 3433 0 3434 4 3435 5 3436 8 3437 0 3438 4 3439 5 3440 6 3441 0 3442 4 3443 5 3444 6 3445 0 3446 4 3447 5 3448 6 3449 0 3450 4 3451 8 3452 0 3453 4 3454 5 3455 8 3456 0 3457 4 3458 5 3459 6 3460 0 3461 4 3462 5 3463 6 3464 0 3465 4 3466 5 3467 6 3468 0 3469 4 3470 5 3471 6 3472 0 3473 4 3474 8 3475 0 3476 4 3477 8 3478 9 3479 0 3480 4 3481 5 3482 0 3483 4 3484 5 3485 6 3486 0 3487 4 3488 5 3489 6 3490 0 3491 4 3492 5 3493 6 3494 0 3495 4 3496 5 3497 6 3498 0 3499 4 3500 5 3501 6 3502 4 3503 5 3504 6 3505 4 3506 5 3507 6 3508 6 3509 6 3510 4 3511 5 3512 6 3513 6 3514 0 3515 4 3516 5 3517 6 3518 4 3519 5 3520 6 3521 6 3522 6 3523 4 3524 5 3525 6 3526 6 3527 0 3528 4 3529 5 3530 6 3531 4 3532 5 3533 6 3534 0 3535 4 3536 5 3537 6 3538 6 3539 4 3540 5 3541 6 3542 6 3543 0 3544 4 3545 5 3546 6 3547 0 3548 4 3549 5 3550 6 3551 0 3552 4 3553 5 3554 6 3555 0 3556 4 3557 5 3558 6 3559 0 3560 4 3561 5 3562 6 3563 4 3564 5 3565 6 3566 6 3567 4 3568 5 3569 6 3570 0 3571 4 3572 5 3573 6 3574 0 3575 4 3576 5 3577 6 3578 0 3579 4 3580 5 3581 8 3582 0 3583 4 3584 5 3585 6 3586 0 3587 4 3588 5 3589 6 3590 0 3591 4 3592 5 3593 8 3594 0 3595 4 3596 8 3597 0 3598 4 3599 8 3600 9 3601 0 3602 4 3603 8 3604 0 3605 4 3606 8 3607 9 3608 0 3609 4 3610 5 3611 8 3612 0 3613 4 3614 8 3615 0 3616 4 3617 8 3618 0 3619 4 3620 8 3621 0 3622 4 3623 5 3624 8 3625 0 3626 4 3627 8 3628 0 3629 4 3630 5 3631 0 3632 4 3633 5 3634 0 3635 4 3636 5 3637 0 3638 4 3639 5 3640 8 3641 0 3642 4 3643 0 3644 4 3645 5 3646 0 3647 4 3648 0 3649 4 3650 5 3651 0 3652 4 3653 5 3654 0 3655 4 3656 5 3657 0 3658 4 3659 5 3660 0 3661 4 3662 0 3663 4 3664 5 3665 4 3666 5 3667 0 3668 4 3669 5 3670 0 3671 4 3672 5 3673 4 3674 5 3675 0 3676 4 3677 5 3678 0 3679 4 3680 5 3681 0 3682 4 3683 5 3684 0 3685 4 3686 5 3687 0 3688 4 3689 5 3690 0 3691 4 3692 5 3693 0 3694 4 3695 5 3696 0 3697 4 3698 5 3699 0 3700 4 3701 5 3702 0 3703 4 3704 5 3705 0 3706 4 3707 5 3708 0 3709 4 3710 5 3711 0 3712 4 3713 5 3714 0 3715 4 3716 5 3717 0 3718 4 3719 5 3720 0 3721 4 3722 0 3723 4 3724 5 3725 0 3726 4 3727 0 3728 4 3729 5 3730 0 3731 4 3732 5 3733 0 3734 4 3735 0 3736 4 3737 5 3738 0 3739 4 3740 5 3741 0 3742 4 3743 5 3744 0 3745 4 3746 0 3747 4 3748 5 3749 0 3750 4 3751 5 3752 0 3753 4 3754 5 3755 0 3756 4 3757 5 3758 0 3759 4 3760 5 3761 0 3762 4 3763 5 3764 6 3765 0 3766 4 3767 5 3768 0 3769 4 3770 5 3771 0 3772 4 3773 5 3774 0 3775 4 3776 5 3777 0 3778 4 3779 5 3780 0 3781 4 3782 5 3783 0 3784 4 3785 5 3786 0 3787 4 3788 5 3789 0 3790 4 3791 5 3792 6 3793 0 3794 4 3795 5 3796 6 3797 4 3798 5 3799 4 3800 5 3801 6 3802 0 3803 7 3804 0 3805 7 3806 0 3807 7 3808 0 3809 7 3810 0 3811 7 3812 0 3813 7 3814 0 3815 7 3816 0 3817 7 3818 0 3819 7 3820 0 3821 7 3822 0 3823 7 3824 0 3825 7 3826 0 3827 7 3828 0 3829 7 3830 0 3831 7 3832 0 3833 7 3834 0 3835 7 3836 0 3837 7 3838 0 3839 7 3840 0 3841 7 3842 0 3843 7 3844 0 3845 7 3846 0 3847 7 3848 0 3849 7 3850 0 3851 7 3852 0 3853 7 3854 0 3855 7 3856 0 3857 7 3858 0 3859 7 3860 0 3861 7 3862 0 3863 7 3864 0 3865 7 3866 0 3867 7 3868 0 3869 7 3870 0 3871 7 3872 0 3873 7 3874 0 3875 7 3876 0 3877 7 3878 0 3879 7 3880 0 3881 7 3882 0 3883 7 3884 0 3885 7 3886 0 3887 7 3888 0 3889 7 3890 0 3891 7 3892 0 3893 7 3894 0 3895 7 3896 0 3897 7 3898 0 3899 7 3900 0 3901 7 3902 0 3903 7 3904 0 3905 7 3906 0 3907 7 3908 0 3909 7 3910 0 3911 7 3912 0 3913 7 3914 0 3915 7 3916 0 3917 7 3918 0 3919 7 3920 0 3921 7 3922 0 3923 7 3924 0 3925 7 3926 0 3927 7 3928 0 3929 7 3930 0 3931 7 3932 0 3933 7 3934 0 3935 7 3936 0 3937 7 3938 0 3939 7 3940 0 3941 7 3942 0 3943 7 3944 0 3945 7 3946 0 3947 7 3948 0 3949 7 3950 0 3951 7 3952 0 3953 7 3954 0 3955 7 3956 0 3957 7 3958 0 3959 7 3960 0 3961 7 3962 0 3963 7 3964 0 3965 7 3966 0 3967 7 3968 0 3969 7 3970 1 3971 2 3972 3 3973 0 3974 1 3975 2 3976 3 3977 1 3978 2 3979 0 3980 1 3981 2 3982 0 3983 1 3984 2 3985 3 3986 0 3987 1 3988 2 3989 0 3990 1 3991 2 3992 0 3993 1 3994 2 3995 3 3996 0 3997 1 3998 2 3999 0 4000 1 4001 2 4002 0 4003 1 4004 2 4005 0 4006 1 4007 2 4008 0 4009 1 4010 2 4011 0 4012 1 4013 2 4014 0 4015 1 4016 2 4017 0 4018 1 4019 2 4020 0 4021 1 4022 2 4023 0 4024 1 4025 2 4026 0 4027 1 4028 2 4029 0 4030 1 4031 2 4032 0 4033 1 4034 2 4035 0 4036 1 4037 0 4038 1 4039 0 4040 1 4041 2 4042 0 4043 1 4044 2 4045 0 4046 1 4047 0 4048 1 4049 2 4050 0 4051 1 4052 2 4053 0 4054 1 4055 2 4056 0 4057 1 4058 0 4059 1 4060 2 4061 0 4062 1 4063 2 4064 0 4065 1 4066 2 4067 0 4068 1 4069 2 4070 0 4071 1 4072 0 4073 1 4074 2 4075 0 4076 1 4077 2 4078 0 4079 1 4080 2 4081 0 4082 1 4083 2 4084 0 4085 1 4086 2 4087 0 4088 1 4089 2 4090 0 4091 1 4092 2 4093 0 4094 1 4095 2 4096 0 4097 1 4098 0 4099 1 4100 2 4101 0 4102 1 4103 0 4104 1 4105 2 4106 0 4107 1 4108 2 4109 0 4110 1 4111 2 4112 1 4113 2 4114 0 4115 1 4116 2 4117 1 4118 2 4119 0 4120 1 4121 2 4122 0 4123 1 4124 2 4125 1 4126 2 4127 3 4128 0 4129 1 4130 2 4131 0 4132 1 4133 2 4134 0 4135 1 4136 2 4137 3 4138 0 4139 1 4140 2 4141 0 4142 1 4143 2 4144 0 4145 1 4146 2 4147 3 4148 0 4149 1 4150 2 4151 8 4152 0 4153 1 4154 8 4155 0 4156 1 4157 2 4158 8 4159 0 4160 1 4161 8 4162 0 4163 1 4164 2 4165 0 4166 1 4167 2 4168 3 4169 0 4170 1 4171 2 4172 8 4173 0 4174 1 4175 8 4176 0 4177 1 4178 8 4179 0 4180 1 4181 8 4182 9 4183 0 4184 1 4185 8 4186 0 4187 1 4188 8 4189 9 4190 0 4191 1 4192 2 4193 8 4194 0 4195 1 4196 8 4197 0 4198 1 4199 8 4200 9 4201 1 4202 2 4203 3 4204 3 4205 3 4206 0 4207 1 4208 2 4209 3 4210 1 4211 2 4212 3 4213 3 4214 0 4215 1 4216 2 4217 3 4218 0 4219 1 4220 2 4221 3 4222 0 4223 1 4224 2 4225 3 4226 0 4227 1 4228 2 4229 8 4230 0 4231 1 4232 2 4233 3 4234 0 4235 1 4236 2 4237 3 4238 0 4239 1 4240 8 4241 0 4242 1 4243 2 4244 0 4245 1 4246 2 4247 3 4248 0 4249 1 4250 2 4251 3 4252 0 4253 1 4254 2 4255 3 4256 1 4257 2 4258 3 4259 3 4260 0 4261 1 4262 8 4263 9 4264 0 4265 1 4266 8 4267 0 4268 1 4269 2 4270 8 4271 0 4272 1 4273 8 4274 0 4275 1 4276 8 4277 9 4278 0 4279 1 4280 8 4281 9 4282 0 4283 1 4284 2 4285 3 4286 0 4287 1 4288 2 4289 8 4290 0 4291 1 4292 2 4293 3 4294 0 4295 1 4296 2 4297 3 4298 0 4299 1 4300 2 4301 3 4302 0 4303 1 4304 2 4305 3 4306 1 4307 2 4308 3 4309 0 4310 1 4311 2 4312 3 4313 3 4314 1 4315 2 4316 3 4317 3 4318 3 4319 1 4320 2 4321 3 4322 3 4323 0 4324 1 4325 2 4326 3 4327 1 4328 2 4329 3 4330 3 4331 1 4332 2 4333 3 4334 0 4335 1 4336 2 4337 3 4338 0 4339 1 4340 2 4341 3 4342 0 4343 1 4344 2 4345 3 4346 0 4347 1 4348 2 4349 3 4350 0 4351 1 4352 2 4353 3 4354 0 4355 1 4356 2 4357 0 4358 1 4359 2 4360 3 4361 0 4362 1 4363 2 4364 3 4365 0 4366 1 4367 2 4368 3 4369 0 4370 1 4371 2 4372 0 4373 1 4374 2 4375 0 4376 1 4377 8 4378 0 4379 1 4380 2 4381 0 4382 1 4383 8 4384 0 4385 1 4386 2 4387 0 4388 1 4389 20 4390 21 4391 20 4392 21 4393 20 4394 21 4395 20 4396 21 4397 20 4398 21 4399 20 4400 21 4401 20 4402 21 4403 20 4404 21 4405 20 4406 21 4407 20 4408 21 4409 20 4410 21 4411 20 4412 21 4413 20 4414 21 4415 20 4416 21 4417 20 4418 21 4419 20 4420 21 4421 20 4422 21 4423 22 4424 20 4425 21 4426 22 4427 20 4428 21 4429 22 4430 20 4431 21 4432 22 4433 22 4434 22 4435 22 4436 22 4437 22 4438 20 4439 21 4440 22 4441 10 4442 11 4443 10 4444 11 4445 10 4446 11 4447 10 4448 11 4449 10 4450 11 4451 10 4452 11 4453 10 4454 11 4455 10 4456 11 4457 10 4458 11 4459 10 4460 11 4461 10 4462 11 4463 10 4464 11 4465 10 4466 11 4467 10 4468 11 4469 10 4470 11 4471 10 4472 11 4473 10 4474 11 4475 12 4476 10 4477 11 4478 12 4479 10 4480 11 4481 12 4482 10 4483 11 4484 12 4485 12 4486 12 4487 12 4488 12 4489 12 4490 10 4491 11 4492 12 4493 4 4494 5 4495 6 4496 4 4497 5 4498 6 4499 6 4500 6 4501 6 4502 4 4503 5 4504 4 4505 5 4506 6 4507 6 4508 4 4509 5 4510 4 4511 5 4512 4 4513 5 4514 6 4515 6 4516 4 4517 5 4518 6 4519 4 4520 5 4521 4 4522 5 4523 4 4524 5 4525 4 4526 5 4527 4 4528 5 4529 4 4530 5 4531 0 4532 4 4533 5 4534 4 4535 5 4536 0 4537 4 4538 5 4539 4 4540 5 4541 4 4542 5 4543 0 4544 4 4545 5 4546 0 4547 4 4548 5 4549 4 4550 5 4551 0 4552 4 4553 5 4554 4 4555 5 4556 0 4557 1 4558 2 4559 1 4560 2 4561 0 4562 1 4563 2 4564 0 4565 1 4566 2 4567 1 4568 2 4569 0 4570 1 4571 2 4572 1 4573 2 4574 0 4575 1 4576 2 4577 1 4578 2 4579 1 4580 2 4581 1 4582 2 4583 1 4584 2 4585 1 4586 2 4587 3 4588 1 4589 2 4590 1 4591 2 4592 1 4593 2 4594 1 4595 2 4596 1 4597 2 4598 1 4599 2 4600 1 4601 2 4602 3 4603 1 4604 2 4605 3 4606 3 4607 3 4608 3 4609 1 4610 2 4611 3 4612 3 4613 3 4614 1 4615 2 4616 3 4617 1 4618 2 4619 13 4620 13 4621 13 4622 13 4623 13 4624 13 4625 13 4626 13 4627 13 4628 13 4629 13 4630 13 4631 13 4632 13 4633 13 4634 13 4635 13 4636 13 4637 13 4638 13 4639 13 4640 13 4641 13 4642 13 4643 13 4644 13 4645 13 4646 13 4647 13 4648 13 4649 13 4650 13 4651 13 4652 13 4653 13 4654 13 4655 13 4656 13 4657 13 4658 13 4659 13 4660 13 4661 13 4662 13 4663 13 4664 13 4665 13 4666 13 4667 13 4668 13 4669 13 4670 13 4671 13 4672 13 4673 13 4674 13 4675 13 4676 13 4677 13 4678 13 4679 13 4680 13 4681 13 4682 13 4683 13 4684 13 4685 13 4686 13 4687 13 4688 13 4689 13 4690 13 4691 13 4692 13 4693 13 4694 13 4695 13 4696 13 4697 13 4698 13 4699 13 4700 13 4701 13 4702 13 4703 13 4704 13 4705 13 4706 13 4707 13 4708 13 4709 13 4710 13 4711 13 4712 13 4713 13 4714 13 4715 13 4716 13 4717 13 4718 13 4719 13 4720 13 4721 13 4722 13 4723 13 4724 13 4725 13 4726 13 4727 13 4728 13 4729 13 4730 13 4731 13 4732 13 4733 13 4734 13 4735 13 4736 13 4737 13 4738 13 4739 13 4740 13 4741 13 4742 13 4743 13 4744 13 4745 13 4746 13 4747 13 4748 13 4749 13 4750 13 4751 13 4752 13 4753 13 4754 13 4755 13 4756 13 4757 13 4758 13 4759 13 4760 13 4761 13 4762 13 4763 13 4764 13 4765 13 4766 13 4767 13 4768 13 4769 13 4770 13 4771 13 4772 13 4773 13 4774 13 4775 13 4776 13 4777 13 4778 13 4779 13 4780 13 4781 13 4782 13 4783 13 4784 13 4785 13 4786 13 4787 13 4788 13 4789 13 4790 13 4791 13 4792 13 4793 13 4794 13 4795 13 4796 13 4797 13 4798 13 4799 13 4800 13 4801 13 4802 13 4803 13 4804 13 4805 13 4806 13 4807 13 4808 13 4809 13 4810 13 4811 13 4812 13 4813 13 4814 13 4815 13 4816 13 4817 13 4818 13 4819 13 4820 13 4821 13 4822 13 4823 13 4824 13 4825 13 4826 13 4827 13 4828 13 4829 13 4830 13 4831 13 4832 13 4833 13 4834 13 4835 13 4836 13 4837 13 4838 13 4839 13 4840 13 4841 13 4842 13 4843 13 4844 13 4845 13 4846 13 4847 13 4848 13 4849 13 4850 13 4851 13 4852 13 4853 13 4854 13 4855 13 4856 13 4857 13 4858 13 4859 13 4860 13 4861 13 4862 13 4863 13 4864 13 4865 13 4866 13 4867 13 4868 13 4869 13 4870 13 4871 13 4872 13 4873 13 4874 13 4875 13 4876 13 4877 13 4878 13 4879 13 4880 13 4881 13 4882 13 4883 15 4884 16 4885 17 4886 14 4887 15 4888 16 4889 15 4890 16 4891 17 4892 14 4893 15 4894 16 4895 15 4896 16 4897 17 4898 15 4899 16 4900 17 4901 15 4902 16 4903 17 4904 15 4905 16 4906 17 4907 14 4908 15 4909 16 4910 14 4911 15 4912 16 4913 14 4914 15 4915 16 4916 15 4917 16 4918 17 4919 15 4920 16 4921 17 4922 14 4923 15 4924 16 4925 14 4926 15 4927 16 4928 15 4929 16 4930 17 4931 16 4932 17 4933 15 4934 16 4935 17 4936 15 4937 16 4938 17 4939 14 4940 15 4941 16 4942 14 4943 15 4944 16 4945 16 4946 17 4947 16 4948 17 4949 16 4950 17 4951 15 4952 16 4953 17 4954 14 4955 15 4956 16 4957 14 4958 15 4959 16 4960 14 4961 15 4962 16 4963 16 4964 17 4965 16 4966 17 4967 18 4968 16 4969 17 4970 16 4971 17 4972 16 4973 17 4974 14 4975 14 4976 14 4977 16 4978 17 4979 18 4980 16 4981 17 4982 18 4983 16 4984 17 4985 16 4986 17 4987 18 4988 16 4989 17 4990 18 4991 16 4992 17 4993 16 4994 17 4995 18 4996 16 4997 17 4998 18 4999 16 5000 17 5001 18 5002 16 5003 17 5004 18 5005 16 5006 17 5007 18 5008 16 5009 17 5010 18 5011 16 5012 17 5013 18 5014 16 5015 17 5016 18 5017 16 5018 17 5019 18 5020 16 5021 17 5022 18 5023 16 5024 17 5025 18 5026 16 5027 17 5028 18 5029 16 5030 17 5031 18 5032 16 5033 17 5034 18 5035 17 5036 18 5037 17 5038 18 5039 16 5040 17 5041 18 5042 16 5043 17 5044 18 5045 16 5046 17 5047 18 5048 17 5049 18 5050 19 5051 17 5052 18 5053 19 5054 16 5055 17 5056 18 5057 16 5058 17 5059 18 5060 16 5061 17 5062 18 5063 17 5064 18 5065 19 5066 17 5067 18 5068 19 5069 17 5070 18 5071 17 5072 18 5073 19 5074 17 5075 18 5076 17 5077 18 5078 17 5079 18 5080 19 5081 17 5082 18 5083 19 5084 17 5085 18 5086 19 5087 17 5088 18 5089 19 5090 17 5091 18 5092 19 5093 17 5094 18 5095 19 5096 17 5097 18 5098 19 5099 17 5100 18 5101 19 5102 17 5103 18 5104 19 5105 17 5106 18 5107 19 5108 17 5109 18 5110 19 5111 17 5112 18 5113 19 5114 17 5115 18 5116 19 5117 17 5118 18 5119 19 5120 17 5121 18 5122 19 5123 18 5124 19 5125 18 5126 19 5127 17 5128 18 5129 19 5130 17 5131 18 5132 19 5133 17 5134 18 5135 19 5136 18 5137 19 5138 18 5139 19 5140 18 5141 19 5142 17 5143 18 5144 19 5145 17 5146 18 5147 19 5148 18 5149 19 5150 18 5151 19 5152 18 5153 19 5154 18 5155 19 5156 18 5157 19 5158 18 5159 19 5160 18 5161 19 5162 18 5163 19 5164 18 5165 19 5166 18 5167 19 5168 18 5169 19 5170 18 5171 19 5172 18 5173 19 5174 18 5175 19 5176 18 5177 19 5178 18 5179 19 5180 18 5181 19 5182 18 5183 19 5184 18 5185 19 5186 18 5187 19 5188 18 5189 19 5190 18 5191 19 5192 18 5193 19 5194 19 5195 18 5196 19 5197 18 5198 19 5199 19 5200 15 5201 16 5202 17 5203 14 5204 15 5205 16 5206 14 5207 15 5208 16 5209 15 5210 16 5211 17 5212 15 5213 16 5214 17 5215 15 5216 16 5217 17 5218 15 5219 16 5220 17 5221 15 5222 16 5223 17 5224 14 5225 15 5226 16 5227 14 5228 15 5229 16 5230 14 5231 15 5232 16 5233 15 5234 16 5235 17 5236 15 5237 16 5238 17 5239 14 5240 15 5241 16 5242 14 5243 15 5244 16 5245 15 5246 16 5247 17 5248 16 5249 17 5250 16 5251 17 5252 15 5253 16 5254 17 5255 15 5256 16 5257 17 5258 14 5259 15 5260 16 5261 14 5262 15 5263 16 5264 16 5265 17 5266 16 5267 17 5268 16 5269 17 5270 15 5271 16 5272 17 5273 14 5274 15 5275 16 5276 14 5277 15 5278 16 5279 14 5280 15 5281 16 5282 16 5283 17 5284 18 5285 16 5286 17 5287 18 5288 16 5289 17 5290 16 5291 17 5292 16 5293 17 5294 16 5295 17 5296 14 5297 14 5298 14 5299 16 5300 17 5301 18 5302 16 5303 17 5304 18 5305 16 5306 17 5307 16 5308 17 5309 18 5310 16 5311 17 5312 18 5313 16 5314 17 5315 18 5316 16 5317 17 5318 18 5319 16 5320 17 5321 18 5322 16 5323 17 5324 18 5325 16 5326 17 5327 18 5328 16 5329 17 5330 18 5331 16 5332 17 5333 18 5334 16 5335 17 5336 18 5337 16 5338 17 5339 18 5340 16 5341 17 5342 18 5343 16 5344 17 5345 18 5346 16 5347 17 5348 18 5349 16 5350 17 5351 18 5352 16 5353 17 5354 18 5355 16 5356 17 5357 18 5358 17 5359 18 5360 17 5361 18 5362 16 5363 17 5364 18 5365 16 5366 17 5367 18 5368 16 5369 17 5370 18 5371 17 5372 18 5373 19 5374 16 5375 17 5376 18 5377 17 5378 18 5379 17 5380 18 5381 17 5382 18 5383 17 5384 18 5385 19 5386 17 5387 18 5388 19 5389 17 5390 18 5391 19 5392 17 5393 18 5394 19 5395 17 5396 18 5397 19 5398 17 5399 18 5400 19 5401 17 5402 18 5403 19 5404 17 5405 18 5406 19 5407 17 5408 18 5409 19 5410 17 5411 18 5412 19 5413 17 5414 18 5415 19 5416 17 5417 18 5418 19 5419 17 5420 18 5421 19 5422 17 5423 18 5424 19 5425 17 5426 18 5427 19 5428 17 5429 18 5430 19 5431 17 5432 18 5433 19 5434 17 5435 18 5436 19 5437 17 5438 18 5439 19 5440 17 5441 18 5442 19 5443 18 5444 19 5445 17 5446 18 5447 19 5448 17 5449 18 5450 19 5451 17 5452 18 5453 19 5454 18 5455 19 5456 18 5457 19 5458 17 5459 18 5460 19 5461 18 5462 19 5463 18 5464 19 5465 18 5466 19 5467 18 5468 19 5469 18 5470 19 5471 18 5472 19 5473 18 5474 19 5475 18 5476 19 5477 18 5478 19 5479 18 5480 19 5481 18 5482 19 5483 18 5484 19 5485 18 5486 19 5487 18 5488 19 5489 18 5490 19 5491 18 5492 19 5493 18 5494 19 5495 18 5496 19 5497 18 5498 19 5499 18 5500 19 5501 18 5502 19 5503 18 5504 19 5505 18 5506 19 5507 18 5508 19 5509 18 5510 19 5511 19 5512 18 5513 19 5514 19 5515 19 5516 15 5517 16 5518 17 5519 15 5520 16 5521 17 5522 14 5523 15 5524 16 5525 15 5526 16 5527 17 5528 14 5529 15 5530 16 5531 15 5532 16 5533 17 5534 15 5535 16 5536 17 5537 15 5538 16 5539 17 5540 14 5541 15 5542 16 5543 15 5544 16 5545 17 5546 14 5547 15 5548 16 5549 15 5550 16 5551 17 5552 14 5553 15 5554 16 5555 14 5556 15 5557 16 5558 15 5559 16 5560 17 5561 15 5562 16 5563 17 5564 15 5565 16 5566 17 5567 16 5568 17 5569 14 5570 15 5571 16 5572 14 5573 15 5574 16 5575 14 5576 15 5577 16 5578 16 5579 17 5580 16 5581 17 5582 16 5583 17 5584 15 5585 16 5586 17 5587 14 5588 15 5589 16 5590 14 5591 15 5592 16 5593 14 5594 15 5595 16 5596 16 5597 17 5598 16 5599 17 5600 16 5601 17 5602 16 5603 17 5604 18 5605 16 5606 17 5607 18 5608 16 5609 17 5610 14 5611 14 5612 14 5613 16 5614 17 5615 16 5616 17 5617 18 5618 16 5619 17 5620 18 5621 16 5622 17 5623 16 5624 17 5625 18 5626 16 5627 17 5628 18 5629 16 5630 17 5631 18 5632 16 5633 17 5634 18 5635 16 5636 17 5637 18 5638 16 5639 17 5640 18 5641 16 5642 17 5643 18 5644 16 5645 17 5646 18 5647 16 5648 17 5649 18 5650 16 5651 17 5652 18 5653 16 5654 17 5655 18 5656 16 5657 17 5658 18 5659 16 5660 17 5661 18 5662 16 5663 17 5664 18 5665 16 5666 17 5667 18 5668 16 5669 17 5670 18 5671 16 5672 17 5673 18 5674 16 5675 17 5676 18 5677 16 5678 17 5679 18 5680 16 5681 17 5682 18 5683 16 5684 17 5685 18 5686 17 5687 18 5688 17 5689 18 5690 17 5691 18 5692 17 5693 18 5694 17 5695 18 5696 17 5697 18 5698 19 5699 17 5700 18 5701 19 5702 17 5703 18 5704 19 5705 17 5706 18 5707 19 5708 17 5709 18 5710 19 5711 17 5712 18 5713 19 5714 17 5715 18 5716 19 5717 17 5718 18 5719 19 5720 17 5721 18 5722 19 5723 17 5724 18 5725 19 5726 17 5727 18 5728 19 5729 17 5730 18 5731 19 5732 17 5733 18 5734 19 5735 17 5736 18 5737 19 5738 17 5739 18 5740 19 5741 17 5742 18 5743 19 5744 17 5745 18 5746 19 5747 17 5748 18 5749 19 5750 17 5751 18 5752 19 5753 17 5754 18 5755 19 5756 17 5757 18 5758 19 5759 17 5760 18 5761 19 5762 17 5763 18 5764 19 5765 17 5766 18 5767 19 5768 18 5769 19 5770 17 5771 18 5772 19 5773 18 5774 19 5775 18 5776 19 5777 18 5778 19 5779 18 5780 19 5781 18 5782 19 5783 18 5784 19 5785 18 5786 19 5787 18 5788 19 5789 18 5790 19 5791 18 5792 19 5793 18 5794 19 5795 18 5796 19 5797 18 5798 19 5799 18 5800 19 5801 18 5802 19 5803 18 5804 19 5805 18 5806 19 5807 18 5808 19 5809 18 5810 19 5811 18 5812 19 5813 18 5814 19 5815 18 5816 19 5817 18 5818 19 5819 18 5820 19 5821 18 5822 19 5823 18 5824 19 5825 19 5826 19 5827 18 5828 19 5829 18 5830 19 5831 18 5832 19 5833 15 5834 16 5835 17 5836 14 5837 15 5838 16 5839 14 5840 15 5841 16 5842 15 5843 16 5844 17 5845 15 5846 16 5847 17 5848 15 5849 16 5850 17 5851 15 5852 16 5853 17 5854 15 5855 16 5856 17 5857 14 5858 15 5859 16 5860 14 5861 15 5862 16 5863 15 5864 16 5865 17 5866 14 5867 15 5868 16 5869 15 5870 16 5871 17 5872 14 5873 15 5874 16 5875 14 5876 15 5877 16 5878 15 5879 16 5880 17 5881 15 5882 16 5883 17 5884 14 5885 15 5886 16 5887 15 5888 16 5889 17 5890 16 5891 17 5892 14 5893 15 5894 16 5895 14 5896 15 5897 16 5898 16 5899 17 5900 16 5901 17 5902 14 5903 15 5904 16 5905 16 5906 17 5907 16 5908 17 5909 15 5910 16 5911 17 5912 14 5913 14 5914 16 5915 17 5916 16 5917 17 5918 14 5919 15 5920 16 5921 16 5922 17 5923 16 5924 17 5925 18 5926 16 5927 17 5928 14 5929 16 5930 17 5931 18 5932 16 5933 17 5934 16 5935 17 5936 18 5937 16 5938 17 5939 18 5940 16 5941 17 5942 18 5943 16 5944 17 5945 18 5946 16 5947 17 5948 18 5949 16 5950 17 5951 18 5952 16 5953 17 5954 18 5955 16 5956 17 5957 18 5958 16 5959 17 5960 18 5961 16 5962 17 5963 18 5964 16 5965 17 5966 18 5967 16 5968 17 5969 18 5970 16 5971 17 5972 18 5973 16 5974 17 5975 18 5976 16 5977 17 5978 18 5979 16 5980 17 5981 18 5982 16 5983 17 5984 18 5985 17 5986 18 5987 17 5988 18 5989 16 5990 17 5991 18 5992 16 5993 17 5994 18 5995 16 5996 17 5997 18 5998 17 5999 18 6000 19 6001 17 6002 18 6003 19 6004 16 6005 17 6006 18 6007 16 6008 17 6009 18 6010 16 6011 17 6012 18 6013 17 6014 18 6015 17 6016 18 6017 19 6018 17 6019 18 6020 19 6021 17 6022 18 6023 17 6024 18 6025 17 6026 18 6027 19 6028 17 6029 18 6030 19 6031 17 6032 18 6033 19 6034 17 6035 18 6036 19 6037 17 6038 18 6039 19 6040 17 6041 18 6042 19 6043 17 6044 18 6045 19 6046 17 6047 18 6048 19 6049 17 6050 18 6051 19 6052 17 6053 18 6054 19 6055 17 6056 18 6057 19 6058 17 6059 18 6060 19 6061 17 6062 18 6063 19 6064 17 6065 18 6066 19 6067 17 6068 18 6069 19 6070 17 6071 18 6072 19 6073 18 6074 19 6075 18 6076 19 6077 17 6078 18 6079 19 6080 17 6081 18 6082 19 6083 17 6084 18 6085 19 6086 18 6087 19 6088 18 6089 19 6090 18 6091 19 6092 17 6093 18 6094 19 6095 17 6096 18 6097 19 6098 18 6099 19 6100 18 6101 19 6102 18 6103 19 6104 18 6105 19 6106 18 6107 19 6108 18 6109 19 6110 18 6111 19 6112 18 6113 19 6114 18 6115 19 6116 18 6117 19 6118 18 6119 19 6120 18 6121 19 6122 18 6123 19 6124 18 6125 19 6126 18 6127 19 6128 18 6129 19 6130 18 6131 19 6132 18 6133 19 6134 18 6135 19 6136 18 6137 19 6138 19 6139 18 6140 19 6141 18 6142 19 6143 18 6144 19 6145 19 6146 19 6147 18 6148 19 6149 14 6150 14 6151 13 6152 14 6153 14 6154 14 6155 14 6156 14 6157 14 6158 14 6159 13 6160 14 6161 14 6162 14 6163 14 6164 14 6165 14 6166 14 6167 14 6168 14 6169 14 6170 14 6171 14 6172 14 6173 14 6174 14 6175 14 6176 14 6177 14 6178 14 6179 14 6180 14 6181 14 6182 14 6183 14 6184 13 6185 14 6186 14 6187 14 6188 14 6189 14 6190 14 6191 14 6192 14 6193 14 6194 13 6195 14 6196 14 6197 14 6198 14 6199 14 6200 14 6201 14 6202 14 6203 14 6204 14 6205 14 6206 14 6207 14 6208 14 6209 14 6210 14 6211 14 6212 14 6213 14 6214 14 6215 14 6216 14 6217 14 6218 14 6219 14 6220 14 6221 14 6222 14 6223 14 6224 14 6225 14 6226 14 6227 14 6228 14 6229 14 6230 14 6231 14 6232 14 6233 14 6234 14 6235 14 6236 14 6237 14 6238 14 6239 14 6240 14 6241 14 6242 14 6243 14 6244 14 6245 14 6246 14 6247 14 6248 14 6249 14 6250 14 6251 14 6252 14 6253 14 6254 14 6255 14 6256 14 6257 14 6258 14 6259 14 6260 14 6261 14 6262 14 6263 14 6264 14 6265 14 6266 14 6267 14 6268 14 6269 14 6270 14 6271 14 6272 14 6273 14 6274 14 6275 14 6276 14 6277 </v>
    </vertex_weights>
   </skin>
  </controller>
  <controller id="Chikorita_LVineNub" name="Chikorita_LVineNub">
   <skin source="#geometry14">
    <bind_shape_matrix>1 0 0 0 0 1 0 0 0 0 1 0 0 0 0 1 </bind_shape_matrix>
    <source id="ID30">
     <Name_array id="ID30-array" count="1">SID_14 </Name_array>
     <technique_common>
      <accessor source="#ID30-array" count="1" stride="1">
       <param name="JOINT" type="name"/>
      </accessor>
     </technique_common>
    </source>
    <source id="SID_26">
     <float_array id="SID_26-array" count="16">-2.876021e-06 0.9583069 0.2857408 -16.1871 8.886496e-07 -0.2857409 0.9583069 -1.122312 0.9999999 2.940091e-06 -5.631366e-08 -4.876885e-05 0 0 -0 0.9999999 </float_array>
     <technique_common>
      <accessor source="#SID_26-array" count="1" stride="16">
       <param name="TRANSFORM" type="float4x4"/>
      </accessor>
     </technique_common>
    </source>
    <source id="SID_27">
     <float_array id="SID_27-array" count="0"/>
     <technique_common>
      <accessor source="#SID_27-array" count="0" stride="1">
       <param name="WEIGHT" type="float"/>
      </accessor>
     </technique_common>
    </source>
    <joints>
     <input semantic="JOINT" source="#ID30"/>
     <input semantic="INV_BIND_MATRIX" source="#SID_26"/>
    </joints>
    <vertex_weights count="33">
     <input semantic="JOINT" source="#ID30" offset="0"/>
     <input semantic="WEIGHT" source="#SID_27" offset="1"/>
     <vcount>1 1 1 1 1 1 1 1 1 1 1 1 1 1 1 1 1 1 1 1 1 1 1 1 1 1 1 1 1 1 1 1 1 </vcount>
     <v>0 0 0 0 0 0 0 0 0 0 0 0 0 0 0 0 0 0 0 0 0 0 0 0 0 0 0 0 0 0 0 0 0 0 0 0 0 0 0 0 0 0 0 0 0 0 0 0 0 0 0 0 0 0 0 0 0 0 0 0 0 0 0 0 0 0 </v>
    </vertex_weights>
   </skin>
  </controller>
  <controller id="Chikorita_RVineNub" name="Chikorita_RVineNub">
   <skin source="#geometry19">
    <bind_shape_matrix>1 0 0 0 0 1 0 0 0 0 1 0 0 0 0 1 </bind_shape_matrix>
    <source id="ID31">
     <Name_array id="ID31-array" count="1">SID_14 </Name_array>
     <technique_common>
      <accessor source="#ID31-array" count="1" stride="1">
       <param name="JOINT" type="name"/>
      </accessor>
     </technique_common>
    </source>
    <source id="SID_28">
     <float_array id="SID_28-array" count="16">-2.876021e-06 0.9583069 0.2857408 -16.1871 8.886496e-07 -0.2857409 0.9583069 -1.122312 0.9999999 2.940091e-06 -5.631366e-08 -4.876885e-05 0 0 -0 0.9999999 </float_array>
     <technique_common>
      <accessor source="#SID_28-array" count="1" stride="16">
       <param name="TRANSFORM" type="float4x4"/>
      </accessor>
     </technique_common>
    </source>
    <source id="SID_27">
     <float_array id="SID_27-array" count="0"/>
     <technique_common>
      <accessor source="#SID_27-array" count="0" stride="1">
       <param name="WEIGHT" type="float"/>
      </accessor>
     </technique_common>
    </source>
    <joints>
     <input semantic="JOINT" source="#ID31"/>
     <input semantic="INV_BIND_MATRIX" source="#SID_28"/>
    </joints>
    <vertex_weights count="33">
     <input semantic="JOINT" source="#ID31" offset="0"/>
     <input semantic="WEIGHT" source="#SID_27" offset="1"/>
     <vcount>1 1 1 1 1 1 1 1 1 1 1 1 1 1 1 1 1 1 1 1 1 1 1 1 1 1 1 1 1 1 1 1 1 </vcount>
     <v>0 0 0 0 0 0 0 0 0 0 0 0 0 0 0 0 0 0 0 0 0 0 0 0 0 0 0 0 0 0 0 0 0 0 0 0 0 0 0 0 0 0 0 0 0 0 0 0 0 0 0 0 0 0 0 0 0 0 0 0 0 0 0 0 0 0 </v>
    </vertex_weights>
   </skin>
  </controller>
  <controller id="Chikorita_RVine" name="Chikorita_RVine">
   <skin source="#geometry24">
    <bind_shape_matrix>1 0 0 0 0 1 0 0 0 0 1 0 0 0 0 1 </bind_shape_matrix>
    <source id="ID32">
     <Name_array id="ID32-array" count="11">SID_14 SID_29 SID_30 SID_31 SID_32 SID_33 SID_34 SID_35 SID_36 SID_37 SID_38 </Name_array>
     <technique_common>
      <accessor source="#ID32-array" count="11" stride="1">
       <param name="JOINT" type="name"/>
      </accessor>
     </technique_common>
    </source>
    <source id="SID_39">
     <float_array id="SID_39-array" count="176">-2.876021e-06 0.9583069 0.2857408 -16.1871 8.886496e-07 -0.2857409 0.9583069 -1.122312 0.9999999 2.940091e-06 -5.631366e-08 -4.876885e-05 0 0 -0 0.9999999 -1 -6.972762e-06 -1.027266e-06 -9.9354 -1.027238e-06 -4.053124e-06 1 -3.31589 -6.972766e-06 1 4.053109e-06 -20.6129 0 0 0 1 -1 -6.972762e-06 -1.027266e-06 -18.8308 -1.027238e-06 -4.053124e-06 1 -3.31589 -6.972766e-06 1 4.053109e-06 -20.6129 0 0 0 1 -1 -6.972762e-06 -1.027266e-06 -28.5839 -1.027238e-06 -4.053124e-06 1 -3.31589 -6.972766e-06 1 4.053109e-06 -20.6129 0 0 0 1 -1 -6.972762e-06 -1.027266e-06 -38.002 -1.027238e-06 -4.053124e-06 1 -3.315891 -6.972766e-06 1 4.053109e-06 -20.6129 0 0 0 1 -1 -6.972762e-06 -1.027266e-06 -47.5136 -1.027238e-06 -4.053124e-06 1 -3.315891 -6.972766e-06 1 4.053109e-06 -20.6129 0 0 0 1 -1 -6.972762e-06 -1.027266e-06 -57.0229 -1.027238e-06 -4.053124e-06 1 -3.315891 -6.972766e-06 1 4.053109e-06 -20.6129 0 0 0 1 -1 -6.972762e-06 -1.027266e-06 -66.58849 -1.027238e-06 -4.053124e-06 1 -3.315891 -6.972766e-06 1 4.053109e-06 -20.6129 0 0 0 1 -1 -6.972762e-06 -1.027266e-06 -76.11119 -1.027238e-06 -4.053124e-06 1 -3.315892 -6.972766e-06 1 4.053109e-06 -20.6129 0 0 0 1 -1 -6.972762e-06 -1.027266e-06 -85.61409 -1.027238e-06 -4.053124e-06 1 -3.315892 -6.972766e-06 1 4.053109e-06 -20.6129 0 0 0 1 -1 -6.972762e-06 -1.027266e-06 -94.35959 -1.027238e-06 -4.053124e-06 1 -3.315892 -6.972766e-06 1 4.053109e-06 -20.6129 0 0 0 1 </float_array>
     <technique_common>
      <accessor source="#SID_39-array" count="11" stride="16">
       <param name="TRANSFORM" type="float4x4"/>
      </accessor>
     </technique_common>
    </source>
    <source id="SID_40">
     <float_array id="SID_40-array" count="553">1 1 1 1 1 1 1 0.02 0.81 0.15 0.02 0.15 0.77 0.06 0.02 0.02 0.81 0.15 0.02 0.15 0.77 0.06 0.02 0.05 0.85 0.1 0.02 0.81 0.15 0.02 0.05 0.85 0.1 0.15 0.77 0.06 0.02 0.07 0.72 0.15 0.06 0.07 0.72 0.15 0.06 0.28 0.72 0.15 0.77 0.06 0.02 0.05 0.85 0.1 0.02 0.81 0.15 0.02 0.07 0.72 0.15 0.06 0.07 0.72 0.15 0.06 0.07 0.81 0.12 0.07 0.81 0.12 0.28 0.72 0.15 0.77 0.06 0.02 0.05 0.85 0.1 0.02 0.81 0.15 0.02 0.07 0.81 0.12 0.07 0.81 0.12 0.07 0.81 0.12 0.04 0.62 0.32 0.02 0.04 0.62 0.32 0.02 0.28 0.72 0.07 0.72 0.15 0.06 0.05 0.85 0.1 0.15 0.77 0.06 0.02 0.02 0.81 0.15 0.02 0.04 0.62 0.32 0.02 0.04 0.62 0.32 0.02 0.04 0.62 0.32 0.02 0.04 0.62 0.32 0.02 0.15 0.79 0.06 0.15 0.79 0.06 0.28 0.72 0.07 0.72 0.15 0.06 0.07 0.81 0.12 0.05 0.85 0.1 0.15 0.77 0.06 0.02 0.02 0.81 0.15 0.02 0.15 0.79 0.06 0.15 0.79 0.06 0.15 0.79 0.06 0.15 0.79 0.06 0.15 0.79 0.06 0.02 0.84 0.12 0.02 0.02 0.84 0.12 0.02 0.28 0.72 0.07 0.81 0.12 0.04 0.62 0.32 0.02 0.07 0.72 0.15 0.06 0.05 0.85 0.1 0.02 0.84 0.12 0.02 0.02 0.84 0.12 0.02 0.02 0.84 0.12 0.02 0.02 0.84 0.12 0.02 0.02 0.84 0.12 0.02 0.94 0.06 0.28 0.72 0.94 0.06 0.94 0.06 0.94 0.06 0.94 0.06 0.94 0.06 0.94 0.06 0.28 0.72 0.66 0.32 0.02 0.66 0.32 0.02 0.66 0.32 0.02 0.66 0.32 0.02 0.66 0.32 0.02 0.66 0.32 0.02 0.66 0.32 0.02 0.04 0.88 0.06 0.02 0.04 0.88 0.06 0.02 0.04 0.88 0.06 0.02 0.04 0.88 0.06 0.02 0.04 0.88 0.06 0.02 0.04 0.88 0.06 0.02 0.04 0.88 0.06 0.02 0.01 0.62 0.31 0.06 0.01 0.62 0.31 0.06 0.01 0.62 0.31 0.06 0.01 0.62 0.31 0.06 0.01 0.62 0.31 0.06 0.01 0.62 0.31 0.06 0.01 0.62 0.31 0.06 0.86 0.12 0.02 0.86 0.12 0.02 0.86 0.12 0.02 0.86 0.12 0.02 0.86 0.12 0.02 0.86 0.12 0.02 0.86 0.12 0.02 0.63 0.31 0.06 0.63 0.31 0.06 0.63 0.31 0.06 0.63 0.31 0.06 0.63 0.31 0.06 0.63 0.31 0.06 0.63 0.31 0.06 0.86 0.12 0.02 0.86 0.12 0.02 0.86 0.12 0.02 0.86 0.12 0.02 0.86 0.12 0.02 0.86 0.12 0.02 0.86 0.12 0.02 0.65 0.31 0.04 0.65 0.31 0.04 0.65 0.31 0.04 0.65 0.31 0.04 0.65 0.31 0.04 0.65 0.31 0.04 0.65 0.31 0.04 0.92 0.08 0.92 0.08 0.92 0.08 0.92 0.08 0.92 0.08 0.92 0.08 0.92 0.08 0.72 0.28 0.72 0.28 0.72 0.28 0.72 0.28 0.72 0.28 0.72 0.28 0.72 0.28 0.09 0.91 0.09 0.91 0.09 0.91 0.09 0.91 0.09 0.91 0.09 0.91 0.09 0.91 0.06 0.94 0.06 0.94 0.06 0.94 0.06 0.94 0.06 0.94 0.06 0.94 0.06 0.94 0.04 0.96 0.04 0.96 0.04 0.96 0.04 0.96 0.04 0.96 0.04 0.96 0.04 0.96 0.01 0.99 0.01 0.99 0.01 0.99 0.01 0.99 0.01 0.99 0.01 0.99 0.01 0.99 1 1 1 1 1 1 1 1 1 1 1 1 1 1 1 1 1 1 1 1 1 1 1 1 1 1 1 1 1 1 1 1 1 1 1 1 1 1 1 1 1 1 1 1 1 1 1 1 1 1 1 1 1 1 1 1 0.28 0.72 0.28 0.72 0.28 0.72 0.28 0.72 0.28 0.72 0.28 0.72 0.28 0.72 </float_array>
     <technique_common>
      <accessor source="#SID_40-array" count="553" stride="1">
       <param name="WEIGHT" type="float"/>
      </accessor>
     </technique_common>
    </source>
    <joints>
     <input semantic="JOINT" source="#ID32"/>
     <input semantic="INV_BIND_MATRIX" source="#SID_39"/>
    </joints>
    <vertex_weights count="231">
     <input semantic="JOINT" source="#ID32" offset="0"/>
     <input semantic="WEIGHT" source="#SID_40" offset="1"/>
     <vcount>1 1 1 1 1 1 1 4 4 4 4 3 4 3 4 4 4 2 4 3 4 4 4 3 3 2 4 3 4 3 3 3 4 4 2 4 3 4 4 4 4 4 4 3 3 2 4 3 3 4 4 3 3 3 3 3 4 4 2 3 4 4 3 4 4 4 4 4 2 2 2 2 2 2 2 2 2 3 3 3 3 3 3 3 4 4 4 4 4 4 4 4 4 4 4 4 4 4 3 3 3 3 3 3 3 3 3 3 3 3 3 3 3 3 3 3 3 3 3 3 3 3 3 3 3 3 2 2 2 2 2 2 2 2 2 2 2 2 2 2 2 2 2 2 2 2 2 2 2 2 2 2 2 2 2 2 2 2 2 2 2 2 2 2 2 2 2 2 1 1 1 1 1 1 1 1 1 1 1 1 1 1 1 1 1 1 1 1 1 1 1 1 1 1 1 1 1 1 1 1 1 1 1 1 1 1 1 1 1 1 1 1 1 1 1 1 1 1 1 1 1 1 1 1 2 2 2 2 2 2 2 </vcount>
     <v>10 0 10 1 10 2 10 3 10 4 10 5 10 6 0 7 1 8 2 9 3 10 1 11 2 12 3 13 4 14 0 15 1 16 2 17 3 18 1 19 2 20 3 21 4 22 0 23 1 24 2 25 0 26 1 27 2 28 3 29 0 30 1 31 2 32 1 33 2 34 3 35 4 36 1 37 2 38 3 39 4 40 1 41 2 42 3 43 4 44 0 45 1 46 1 47 2 48 3 49 4 50 0 51 1 52 2 53 0 54 1 55 2 56 3 57 1 58 2 59 3 60 4 61 1 62 2 63 3 64 4 65 2 66 3 67 4 68 2 69 3 70 4 71 0 72 1 73 1 74 2 75 3 76 4 77 0 78 1 79 2 80 0 81 1 82 2 83 3 84 2 85 3 86 4 87 2 88 3 89 4 90 2 91 3 92 4 93 2 94 3 95 4 96 5 97 2 98 3 99 4 100 5 101 0 102 1 103 1 104 2 105 3 106 4 107 0 108 1 109 2 110 1 111 2 112 3 113 4 114 0 115 1 116 2 117 3 118 2 119 3 120 4 121 5 122 2 123 3 124 4 125 5 126 2 127 3 128 4 129 5 130 2 131 3 132 4 133 5 134 3 135 4 136 5 137 3 138 4 139 5 140 0 141 1 142 1 143 2 144 3 145 4 146 2 147 3 148 4 149 0 150 1 151 2 152 1 153 2 154 3 155 4 156 0 157 1 158 2 159 3 160 3 161 4 162 5 163 3 164 4 165 5 166 3 167 4 168 5 169 3 170 4 171 5 172 3 173 4 174 5 175 3 176 4 177 5 178 6 179 3 180 4 181 5 182 6 183 0 184 1 185 2 186 3 187 4 188 2 189 3 190 4 191 5 192 1 193 2 194 3 195 4 196 0 197 1 198 2 199 3 200 4 201 5 202 6 203 3 204 4 205 5 206 6 207 3 208 4 209 5 210 6 211 3 212 4 213 5 214 6 215 3 216 4 217 5 218 6 219 5 220 6 221 0 222 1 223 5 224 6 225 5 226 6 227 5 228 6 229 5 230 6 231 5 232 6 233 5 234 6 235 0 236 1 237 5 238 6 239 7 240 5 241 6 242 7 243 5 244 6 245 7 246 5 247 6 248 7 249 5 250 6 251 7 252 5 253 6 254 7 255 5 256 6 257 7 258 5 259 6 260 7 261 8 262 5 263 6 264 7 265 8 266 5 267 6 268 7 269 8 270 5 271 6 272 7 273 8 274 5 275 6 276 7 277 8 278 5 279 6 280 7 281 8 282 5 283 6 284 7 285 8 286 5 287 6 288 7 289 8 290 5 291 6 292 7 293 8 294 5 295 6 296 7 297 8 298 5 299 6 300 7 301 8 302 5 303 6 304 7 305 8 306 5 307 6 308 7 309 8 310 5 311 6 312 7 313 8 314 7 315 8 316 9 317 7 318 8 319 9 320 7 321 8 322 9 323 7 324 8 325 9 326 7 327 8 328 9 329 7 330 8 331 9 332 7 333 8 334 9 335 7 336 8 337 9 338 7 339 8 340 9 341 7 342 8 343 9 344 7 345 8 346 9 347 7 348 8 349 9 350 7 351 8 352 9 353 7 354 8 355 9 356 8 357 9 358 10 359 8 360 9 361 10 362 8 363 9 364 10 365 8 366 9 367 10 368 8 369 9 370 10 371 8 372 9 373 10 374 8 375 9 376 10 377 8 378 9 379 10 380 8 381 9 382 10 383 8 384 9 385 10 386 8 387 9 388 10 389 8 390 9 391 10 392 8 393 9 394 10 395 8 396 9 397 10 398 9 399 10 400 9 401 10 402 9 403 10 404 9 405 10 406 9 407 10 408 9 409 10 410 9 411 10 412 9 413 10 414 9 415 10 416 9 417 10 418 9 419 10 420 9 421 10 422 9 423 10 424 9 425 10 426 9 427 10 428 9 429 10 430 9 431 10 432 9 433 10 434 9 435 10 436 9 437 10 438 9 439 10 440 9 441 10 442 9 443 10 444 9 445 10 446 9 447 10 448 9 449 10 450 9 451 10 452 9 453 10 454 9 455 10 456 9 457 10 458 9 459 10 460 9 461 10 462 9 463 10 464 9 465 10 466 9 467 10 468 9 469 10 470 9 471 10 472 9 473 10 474 9 475 10 476 9 477 10 478 9 479 10 480 9 481 10 482 10 483 10 484 10 485 10 486 10 487 10 488 10 489 10 490 10 491 10 492 10 493 10 494 10 495 10 496 10 497 10 498 10 499 10 500 10 501 10 502 10 503 10 504 10 505 10 506 10 507 10 508 10 509 10 510 10 511 10 512 10 513 10 514 10 515 10 516 10 517 10 518 10 519 10 520 10 521 10 522 10 523 10 524 10 525 10 526 10 527 10 528 10 529 10 530 10 531 10 532 10 533 10 534 10 535 10 536 10 537 10 538 0 539 1 540 0 541 1 542 0 543 1 544 0 545 1 546 0 547 1 548 0 549 1 550 0 551 1 552 </v>
    </vertex_weights>
   </skin>
  </controller>
 </library_controllers>
 <library_visual_scenes>
  <visual_scene id="scene33">
   <node id="pm0152_00-node" name="pm0152_00" type="JOINT">
    <matrix>1 0 0 0 0 1.788139e-07 -0.9999998 0 -0 0.9999998 1.788139e-07 0 0 0 0 1 </matrix>
    <node id="pm0152_00_BodySkin-node" name="pm0152_00_BodySkin" type="JOINT"/>
    <node id="pm0152_00_IrisSkin-node" name="pm0152_00_IrisSkin" type="JOINT"/>
    <node id="pm0152_00_LFeelerSkin-node" name="pm0152_00_LFeelerSkin" type="JOINT"/>
    <node id="pm0152_00_LVineSkin-node" name="pm0152_00_LVineSkin" type="JOINT"/>
    <node id="pm0152_00_LeafSkin-node" name="pm0152_00_LeafSkin" type="JOINT"/>
    <node id="pm0152_00_RFeelerSkin-node" name="pm0152_00_RFeelerSkin" type="JOINT"/>
    <node id="pm0152_00_RVineSkin-node" name="pm0152_00_RVineSkin" type="JOINT"/>
    <node id="Origin-node" name="Origin" type="JOINT">
     <node id="Waist-node" name="Waist" type="JOINT">
      <matrix>1.192093e-06 1.877547e-06 1 0 0.9927442 0.1202466 -1.549721e-06 -6.23145 -0.1202468 0.9927443 -1.847744e-06 -13.1247 0 0 0 1 </matrix>
      <node id="Hips-node" name="Hips" sid="SID_1" type="JOINT">
       <matrix>-0.9927444 -0.1202411 -0.0002389026 0 -0.1202414 0.9927427 0.001931116 0 4.969209e-06 0.001945831 -0.9999979 0 0 0 0 1 </matrix>
       <node id="EndHips-node" name="EndHips" type="JOINT">
        <matrix>1 0 0 12.2946 0 1 0 0 0 0 1 1e-06 0 0 0 1 </matrix>
       </node>
       <node id="LThigh-node" name="LThigh" sid="SID_2" type="JOINT">
        <matrix>0.1084098 -0.9941064 -8.841744e-07 6.36475 0.9941045 0.1084095 -0.001947014 3.80006 0.001935635 0.0002101963 0.9999981 -6.687 0 0 0 1 </matrix>
        <node id="LFoot-node" name="LFoot" sid="SID_3" type="JOINT">
         <matrix>-0.1084036 -0.9941069 -4.433614e-06 7.79411 0.9941069 -0.1084036 3.976428e-06 -5e-06 -4.433614e-06 -3.976428e-06 1 0 0 0 0 1 </matrix>
         <node id="EndLFoot-node" name="EndLFoot" type="JOINT">
          <matrix>1 0 0 3.24512 0 1 0 0 0 0 1 0 0 0 0 1 </matrix>
         </node>
         <node id="LToe-node" name="LToe" sid="SID_4" type="JOINT">
          <matrix>1 0 0 2.51115 0 1 0 -0.933916 0 0 1 0 0 0 0 1 </matrix>
          <node id="EndLToe-node" name="EndLToe" type="JOINT">
           <matrix>1 0 0 1.84573 0 1 0 0 0 0 1 0 0 0 0 1 </matrix>
          </node>
         </node>
        </node>
       </node>
       <node id="RThigh-node" name="RThigh" sid="SID_5" type="JOINT">
        <matrix>0.1084098 -0.9941064 -8.841744e-07 6.36475 0.9941045 0.1084095 -0.001947014 3.80006 0.001935635 0.0002101963 0.9999981 6.687 0 0 0 1 </matrix>
        <node id="RFoot-node" name="RFoot" sid="SID_6" type="JOINT">
         <matrix>-0.1084036 -0.9941069 -4.433614e-06 7.7941 0.9941069 -0.1084036 3.976428e-06 8e-06 -4.433614e-06 -3.976428e-06 1 0 0 0 0 1 </matrix>
         <node id="EndRFoot-node" name="EndRFoot" type="JOINT">
          <matrix>1 0 0 3.2451 0 1 0 0 0 0 1 0 0 0 0 1 </matrix>
         </node>
         <node id="RToe-node" name="RToe" sid="SID_7" type="JOINT">
          <matrix>1 0 0 2.5111 0 1 0 -0.933915 0 0 1 0 0 0 0 1 </matrix>
          <node id="EndRToe-node" name="EndRToe" type="JOINT">
           <matrix>1 0 0 1.84576 0 1 0 0 0 0 1 0 0 0 0 1 </matrix>
          </node>
         </node>
        </node>
       </node>
       <node id="Tail-node" name="Tail" sid="SID_8" type="JOINT">
        <matrix>0.8077875 -0.5894737 1.170265e-06 10.0223 -0.5894727 -0.8077858 0.00194546 -1.4863 -0.001145852 -0.001572208 -0.9999981 0 0 0 0 1 </matrix>
        <node id="EndTail-node" name="EndTail" type="JOINT">
         <matrix>1 0 0 4.36982 0 1 0 1e-06 0 0 1 0 0 0 0 1 </matrix>
        </node>
       </node>
      </node>
      <node id="Spine1-node" name="Spine1" sid="SID_9" type="JOINT">
       <node id="Spine2-node" name="Spine2" sid="SID_10" type="JOINT">
        <matrix>0.9957884 0.0916812 0 5.39237 -0.0916812 0.9957884 -0 -1e-06 -0 0 1 0 0 0 0 1 </matrix>
        <node id="LArm-node" name="LArm" sid="SID_11" type="JOINT">
         <matrix>-0.0953604 0.9954428 1.117451e-07 8.71813 0.9954428 0.09536046 -1.015518e-07 4.63433 -1.117451e-07 1.015518e-07 -1 7.02444 0 0 0 1 </matrix>
         <node id="LHand-node" name="LHand" sid="SID_12" type="JOINT">
          <matrix>0.1165788 -0.9931814 -2.650264e-06 9.73451 0.9931814 0.1165788 2.979545e-06 -6e-06 -2.650264e-06 -2.979544e-06 1 0 0 0 0 1 </matrix>
          <node id="EndLHand-node" name="EndLHand" type="JOINT">
           <matrix>1 0 0 2.6732 0 1 0 0 0 0 1 0 0 0 0 1 </matrix>
          </node>
          <node id="LFinger-node" name="LFinger" sid="SID_13" type="JOINT">
           <matrix>1 0 0 1.75629 0 1 0 -0.813317 0 0 1 0 0 0 0 1 </matrix>
           <node id="EndLFinger-node" name="EndLFinger" type="JOINT">
            <matrix>1 0 0 1.78411 0 1 0 0 0 0 1 0 0 0 0 1 </matrix>
           </node>
          </node>
         </node>
        </node>
        <node id="Neck-node" name="Neck" sid="SID_14" type="JOINT">
         <matrix>0.4812899 0.8765615 0 6.73022 -0.8765615 0.4812899 -0 0 -0 0 1 0 0 0 0 1 </matrix>
         <node id="RFeeler01-node" name="RFeeler01" sid="SID_29" type="JOINT">
          <matrix>-3.874302e-06 0.2857365 0.9583082 4.51386 5.662441e-07 0.9583082 -0.2857365 -3.83454 -1 -5.662441e-07 -3.874301e-06 -9.93553 0 0 0 1 </matrix>
          <node id="RFeeler02-node" name="RFeeler02" sid="SID_30" type="JOINT">
           <matrix>1 0 0 8.89537 0 1 0 0 0 0 1 0 0 0 0 1 </matrix>
           <node id="RFeeler03-node" name="RFeeler03" sid="SID_31" type="JOINT">
            <matrix>1 0 0 9.7531 0 1 0 0 0 0 1 -1e-06 0 0 0 1 </matrix>
            <node id="RFeeler04-node" name="RFeeler04" sid="SID_32" type="JOINT">
             <matrix>1 0 0 9.4181 0 1 0 0 0 0 1 0 0 0 0 1 </matrix>
             <node id="RFeeler05-node" name="RFeeler05" sid="SID_33" type="JOINT">
              <matrix>1 0 0 9.5116 0 1 0 0 0 0 1 0 0 0 0 1 </matrix>
              <node id="RFeeler06-node" name="RFeeler06" sid="SID_34" type="JOINT">
               <matrix>1 0 0 9.5093 0 1 0 0 0 0 1 0 0 0 0 1 </matrix>
               <node id="RFeeler07-node" name="RFeeler07" sid="SID_35" type="JOINT">
                <matrix>1 0 0 9.56561 0 1 0 0 0 0 1 0 0 0 0 1 </matrix>
                <node id="RFeeler08-node" name="RFeeler08" sid="SID_36" type="JOINT">
                 <matrix>1 0 0 9.52269 0 1 0 0 0 0 1 0 0 0 0 1 </matrix>
                 <node id="RFeeler09-node" name="RFeeler09" sid="SID_37" type="JOINT">
                  <matrix>1 0 0 9.50289 0 1 0 0 0 0 1 0 0 0 0 1 </matrix>
                  <node id="RFeeler10-node" name="RFeeler10" sid="SID_38" type="JOINT">
                   <matrix>1 0 0 8.74549 0 1 0 0 0 0 1 3e-06 0 0 0 1 </matrix>
                   <node id="EndRFeeler10-node" name="EndRFeeler10" type="JOINT">
                    <matrix>1 0 0 9.73229 0 1 0 0 0 0 1 -3e-06 0 0 0 1 </matrix>
                   </node>
                  </node>
                 </node>
                </node>
               </node>
              </node>
             </node>
            </node>
           </node>
          </node>
         </node>
         <node id="Head-node" name="Head" sid="SID_15" type="JOINT">
          <matrix>0.9987701 0.04957935 0 9.56071 -0.04957935 0.9987701 -0 0 -0 0 1 0 0 0 0 1 </matrix>
          <node id="EndHead-node" name="EndHead" type="JOINT">
           <matrix>1 0 0 20.8191 0 1 0 2e-06 0 0 1 1e-06 0 0 0 1 </matrix>
          </node>
          <node id="Hair1-node" name="Hair1" sid="SID_16" type="JOINT">
           <matrix>0.8134848 0.5815862 0 14.7208 -0.5815862 0.8134848 -0 2.60747 -0 0 1 0 0 0 0 1 </matrix>
           <node id="Hair2-node" name="Hair2" sid="SID_17" type="JOINT">
            <matrix>0.9926565 0.1209669 0 5.31447 -0.1209669 0.9926565 -0 1e-06 -0 0 1 0 0 0 0 1 </matrix>
            <node id="Hair3-node" name="Hair3" sid="SID_18" type="JOINT">
             <matrix>0.9981934 0.06008219 0 8.55189 -0.06008219 0.9981934 -0 3e-06 -0 0 1 -1e-06 0 0 0 1 </matrix>
             <node id="Hair4-node" name="Hair4" sid="SID_19" type="JOINT">
              <matrix>0.9999065 0.01367148 0 14.9812 -0.01367148 0.9999065 -0 0 -0 0 1 1e-06 0 0 0 1 </matrix>
              <node id="Hair5-node" name="Hair5" sid="SID_20" type="JOINT">
               <matrix>0.9991816 -0.04044928 0 16.5147 0.04044928 0.9991816 0 3e-06 0 0 1 0 0 0 0 1 </matrix>
               <node id="EndHair5-node" name="EndHair5" type="JOINT">
                <matrix>1 0 0 17.2889 0 1 0 0 0 0 1 0 0 0 0 1 </matrix>
               </node>
              </node>
             </node>
            </node>
           </node>
          </node>
         </node>
         <node id="LFeeler01-node" name="LFeeler01" type="JOINT">
          <matrix>-3.874302e-06 0.2857365 -0.9583082 4.5139 5.662441e-07 0.9583082 0.2857365 -3.83455 1 5.662441e-07 -3.874301e-06 9.93553 0 0 0 1 </matrix>
          <node id="LFeeler02-node" name="LFeeler02" type="JOINT">
           <matrix>1 0 0 8.89533 0 1 0 0 0 0 1 0 0 0 0 1 </matrix>
           <node id="LFeeler03-node" name="LFeeler03" type="JOINT">
            <matrix>1 0 0 9.75318 0 1 0 0 0 0 1 0 0 0 0 1 </matrix>
            <node id="LFeeler04-node" name="LFeeler04" type="JOINT">
             <matrix>1 0 0 9.4181 0 1 0 0 0 0 1 0 0 0 0 1 </matrix>
             <node id="LFeeler05-node" name="LFeeler05" type="JOINT">
              <matrix>1 0 0 9.51155 0 1 0 0 0 0 1 -1e-06 0 0 0 1 </matrix>
              <node id="LFeeler06-node" name="LFeeler06" type="JOINT">
               <matrix>1 0 0 9.50929 0 1 0 0 0 0 1 -1e-06 0 0 0 1 </matrix>
               <node id="LFeeler07-node" name="LFeeler07" type="JOINT">
                <matrix>1 0 0 9.56562 0 1 0 0 0 0 1 -3e-06 0 0 0 1 </matrix>
                <node id="LFeeler08-node" name="LFeeler08" type="JOINT">
                 <matrix>1 0 0 9.52271 0 1 0 0 0 0 1 0 0 0 0 1 </matrix>
                 <node id="LFeeler09-node" name="LFeeler09" type="JOINT">
                  <matrix>1 0 0 9.5029 0 1 0 0 0 0 1 -1e-06 0 0 0 1 </matrix>
                  <node id="LFeeler10-node" name="LFeeler10" type="JOINT">
                   <matrix>1 0 0 8.74549 0 1 0 0 0 0 1 -1e-06 0 0 0 1 </matrix>
                   <node id="EndLFeeler10-node" name="EndLFeeler10" type="JOINT">
                    <matrix>1 0 0 9.73262 0 1 0 0 0 0 1 0 0 0 0 1 </matrix>
                   </node>
                  </node>
                 </node>
                </node>
               </node>
              </node>
             </node>
            </node>
           </node>
          </node>
         </node>
        </node>
        <node id="RArm-node" name="RArm" sid="SID_21" type="JOINT">
         <matrix>-0.0953604 0.9954428 1.117451e-07 8.71814 0.9954428 0.09536046 -1.015518e-07 4.63429 -1.117451e-07 1.015518e-07 -1 -7.02444 0 0 0 1 </matrix>
         <node id="RHand-node" name="RHand" sid="SID_22" type="JOINT">
          <matrix>0.1165788 -0.9931814 -2.650264e-06 9.73455 0.9931814 0.1165788 2.979545e-06 -7e-06 -2.650264e-06 -2.979544e-06 1 0 0 0 0 1 </matrix>
          <node id="EndRHand-node" name="EndRHand" type="JOINT">
           <matrix>1 0 0 2.67316 0 1 0 0 0 0 1 0 0 0 0 1 </matrix>
          </node>
          <node id="RFinger-node" name="RFinger" sid="SID_23" type="JOINT">
           <matrix>1 0 0 1.75626 0 1 0 -0.813318 0 0 1 0 0 0 0 1 </matrix>
           <node id="EndRFinger-node" name="EndRFinger" type="JOINT">
            <matrix>1 0 0 1.7841 0 1 0 0 0 0 1 0 0 0 0 1 </matrix>
           </node>
          </node>
         </node>
        </node>
       </node>
      </node>
     </node>
    </node>
   </node>
   <node id="Chikorita-node" name="Chikorita">
    <instance_controller url="#Chikorita">
     <skeleton>#Waist-node</skeleton>
     <bind_material>
      <technique_common>
       <instance_material symbol="geometryElement10" target="#Material__35">
        <bind_vertex_input semantic="CHANNEL2" input_semantic="TEXCOORD" input_set="1"/>
       </instance_material>
       <instance_material symbol="geometryElement11" target="#Material__36">
        <bind_vertex_input semantic="CHANNEL2" input_semantic="TEXCOORD" input_set="1"/>
       </instance_material>
       <instance_material symbol="geometryElement12" target="#Material__37">
        <bind_vertex_input semantic="CHANNEL2" input_semantic="TEXCOORD" input_set="1"/>
       </instance_material>
       <instance_material symbol="geometryElement13" target="#Material__38">
        <bind_vertex_input semantic="CHANNEL2" input_semantic="TEXCOORD" input_set="1"/>
        <bind_vertex_input semantic="CHANNEL5" input_semantic="TEXCOORD" input_set="1"/>
       </instance_material>
      </technique_common>
     </bind_material>
    </instance_controller>
   </node>
   <node id="Chikorita_LVineNub-node" name="Chikorita_LVineNub">
    <instance_controller url="#Chikorita_LVineNub">
     <skeleton>#Neck-node</skeleton>
     <bind_material>
      <technique_common>
       <instance_material symbol="geometryElement18" target="#Material__36">
        <bind_vertex_input semantic="CHANNEL2" input_semantic="TEXCOORD" input_set="1"/>
       </instance_material>
      </technique_common>
     </bind_material>
    </instance_controller>
   </node>
   <node id="Chikorita_RVineNub-node" name="Chikorita_RVineNub">
    <instance_controller url="#Chikorita_RVineNub">
     <skeleton>#Neck-node</skeleton>
     <bind_material>
      <technique_common>
       <instance_material symbol="geometryElement23" target="#Material__36">
        <bind_vertex_input semantic="CHANNEL2" input_semantic="TEXCOORD" input_set="1"/>
       </instance_material>
      </technique_common>
     </bind_material>
    </instance_controller>
   </node>
   <node id="Chikorita_RVine-node" name="Chikorita_RVine">
    <instance_controller url="#Chikorita_RVine">
     <skeleton>#Neck-node</skeleton>
     <bind_material>
      <technique_common>
       <instance_material symbol="geometryElement28" target="#Material__36">
        <bind_vertex_input semantic="CHANNEL2" input_semantic="TEXCOORD" input_set="1"/>
       </instance_material>
      </technique_common>
     </bind_material>
    </instance_controller>
   </node>
  </visual_scene>
 </library_visual_scenes>
 <scene>
  <instance_visual_scene url="#scene33"/>
 </scene>
</COLLADA>
